record_id,date,first_seen_at,source,title,retained_excerpt,url,archive_lookup_url,content_retention,rights_note
b9c42cfdd4afcb95,2026-09-02,2026-09-02T16:32:47Z,The Times of India,"‘Not Charity, But Justice’: Nepal To Raise Bhotekoshi Flood Compensation Demand At UNGA In September - The Times of India","‘Not Charity, But Justice’: Nepal To Raise Bhotekoshi Flood Compensation Demand At UNGA In September The Times of India",https://news.google.com/rss/articles/CBMi_AFBVV95cUxQVW5ROHlXVElaLVdLXzE0OW9aSmhhMnAyd3lZMnlPcUt4dVdiUEQ3dTRvcjdYaHFIeHUzLURQX1JfM0M1TjE4M2xCOHJQMk0yMWZLNGtFNVhWa08zRWVkdkNnaDFYa29jMm1yelF3RWxaSERMNGxIRmNXdTZTdzA4VlAzanNjd2NFVmJBUVJyb3Y1UG91aGJ6N2M2YkJwcldyOWNRcmw1dGtNQ0h2N1hnNzNMa2lSaTVtZnN0dmVBRzNILTJWWm1hbHhkSlRtanNDME1IcHFZcWR2VXBGS2hUZlEtbG5XenhiZWZGMkE1T2ZKNkk3LXlMNlR1VGLSAYICQVVfeXFMTUdNb0trcmlWZlZrZXdmZWdUUkhzVDBCcGRId3hJaldZTnJWTzJ0YWIxTXNpNGVUQmkyUWtHVjdBTXM4MktFS08teE1mdlU1a2FheThjNl9tSENKS1BiYmZfUFI0cWx3dnFIWmdSb254Nnh5SEdocWRqdFlQUndIUDBTcFQ0MmN4X1gzelplTzBoaU9pbUtsSzZLSWJFSzltbS1BdjlKS1JRdXNjakhxN2tHNDFvMFk2Smk3VVhBLXEyWXRhWmtPUzFqTXdpX2h4QUp2blRILXhHTHY5NVRfSG5HcUtuMzd4RmVZWTI2cm1lc2pxX2xVaExnTmFVTWdsQ2dB?oc=5,https://web.archive.org/web/*/https://news.google.com/rss/articles/CBMi_AFBVV95cUxQVW5ROHlXVElaLVdLXzE0OW9aSmhhMnAyd3lZMnlPcUt4dVdiUEQ3dTRvcjdYaHFIeHUzLURQX1JfM0M1TjE4M2xCOHJQMk0yMWZLNGtFNVhWa08zRWVkdkNnaDFYa29jMm1yelF3RWxaSERMNGxIRmNXdTZTdzA4VlAzanNjd2NFVmJBUVJyb3Y1UG91aGJ6N2M2YkJwcldyOWNRcmw1dGtNQ0h2N1hnNzNMa2lSaTVtZnN0dmVBRzNILTJWWm1hbHhkSlRtanNDME1IcHFZcWR2VXBGS2hUZlEtbG5XenhiZWZGMkE1T2ZKNkk3LXlMNlR1VGLSAYICQVVfeXFMTUdNb0trcmlWZlZrZXdmZWdUUkhzVDBCcGRId3hJaldZTnJWTzJ0YWIxTXNpNGVUQmkyUWtHVjdBTXM4MktFS08teE1mdlU1a2FheThjNl9tSENKS1BiYmZfUFI0cWx3dnFIWmdSb254Nnh5SEdocWRqdFlQUndIUDBTcFQ0MmN4X1gzelplTzBoaU9pbUtsSzZLSWJFSzltbS1BdjlKS1JRdXNjakhxN2tHNDFvMFk2Smk3VVhBLXEyWXRhWmtPUzFqTXdpX2h4QUp2blRILXhHTHY5NVRfSG5HcUtuMzd4RmVZWTI2cm1lc2pxX2xVaExnTmFVTWdsQ2dB?oc=5,Metadata and source-provided excerpt retained,Full text is not republished unless reuse permission or an open licence is documented.
8144f78348c86c22,2026-09-02,2026-09-02T16:32:47Z,NepalNews,"UK minister, foreign secretary discuss Bhote Koshi flood response - NepalNews","UK minister, foreign secretary discuss Bhote Koshi flood response NepalNews",https://news.google.com/rss/articles/CBMiqwFBVV95cUxNMXBsOFdhVVVzZlZBZl83YUdjR1RwNVNPTHREU3NUNFRMZ1MwOV9UblZ1dVdpLWRGd3VYc0dNTU1jZFRsMTE3MzJXVjhyRTg5MFB0MFVDeEs5d0xYdzNPdURqaFNYd0k1UjdkQWc3aGRLX2ozWkpObkJCREpGNmhlbThtenNkWmhYcGZ3M3FFdHdpcXpuejRYVjZpWk5Tdjlsak1zSVAyRXBiV00?oc=5,https://web.archive.org/web/*/https://news.google.com/rss/articles/CBMiqwFBVV95cUxNMXBsOFdhVVVzZlZBZl83YUdjR1RwNVNPTHREU3NUNFRMZ1MwOV9UblZ1dVdpLWRGd3VYc0dNTU1jZFRsMTE3MzJXVjhyRTg5MFB0MFVDeEs5d0xYdzNPdURqaFNYd0k1UjdkQWc3aGRLX2ozWkpObkJCREpGNmhlbThtenNkWmhYcGZ3M3FFdHdpcXpuejRYVjZpWk5Tdjlsak1zSVAyRXBiV00?oc=5,Metadata and source-provided excerpt retained,Full text is not republished unless reuse permission or an open licence is documented.
d8be70fc1ac7da85,2026-09-02,2026-09-02T16:32:47Z,The Times of India,"Bhotekoshi flood 'serious signal' of rising climate risks, says Nepal PM Shah urging global action - The Times of India","Bhotekoshi flood 'serious signal' of rising climate risks, says Nepal PM Shah urging global action The Times of India",https://news.google.com/rss/articles/CBMihAJBVV95cUxQX244QWNtQUE5N3lvaFJkaFZqWDg1VHM1dDYxTm15Z3VvM2NNdFZtcWxFQngzbE9lZUdvekZJZkZZZEhnWW5iV3Jkd1hoRlgxRDhJR1lEdHJwWXlSUGRqYUpmdGQ2WHo4b3VpSGZjdEJPZ3dfam95UU5aY0pEbkYyUjctanJ6VEFadWNuUF9yWXV4X1ZCM3dDTHllYjI5cHNHR0h2MV9Fc2lQTHBTTHVlbi1JYXlHdGd5aXBvN3pGSWhrdUdXemxlU3dzOERHeEJMVTB6RzN1ak9fX09hSmJETTRqRTNnYlQtaUZfekZnangzU1hjY3Q2bHJCdUdqZGlUSUZ4QtIBigJBVV95cUxQVlVZbllLd3lzcXBtRzJfdDVMS3kwQXpPbGRnVS1NRWtEcmx1cFUxc1YtUzFVOFBwTEd6WGE3bWpTaGg1LWpmcUVITWtZR1hTTTRhclhCdHBPM0tDWGl4cGd3V05WcVUzYktQU1dZMWtWeWxWY1hMNDNncjhmUDFiMVNBR2d3dExNUG1TMXNRekF3WDAxTXBFU1BZUzdlLUZiSkg3SDhNQU1RLTBRQlNwdFZaUXItQWk5bC10SkVSUUNDb25NTGR0elFTMFd3Q0EzTTUwOTZZbXVlSTFQZlFfWVcxNVBXZU5fQXctaDFlVWJwUW1BanBaU05wRGtQdWRMSU5vdmVqUldQQQ?oc=5,https://web.archive.org/web/*/https://news.google.com/rss/articles/CBMihAJBVV95cUxQX244QWNtQUE5N3lvaFJkaFZqWDg1VHM1dDYxTm15Z3VvM2NNdFZtcWxFQngzbE9lZUdvekZJZkZZZEhnWW5iV3Jkd1hoRlgxRDhJR1lEdHJwWXlSUGRqYUpmdGQ2WHo4b3VpSGZjdEJPZ3dfam95UU5aY0pEbkYyUjctanJ6VEFadWNuUF9yWXV4X1ZCM3dDTHllYjI5cHNHR0h2MV9Fc2lQTHBTTHVlbi1JYXlHdGd5aXBvN3pGSWhrdUdXemxlU3dzOERHeEJMVTB6RzN1ak9fX09hSmJETTRqRTNnYlQtaUZfekZnangzU1hjY3Q2bHJCdUdqZGlUSUZ4QtIBigJBVV95cUxQVlVZbllLd3lzcXBtRzJfdDVMS3kwQXpPbGRnVS1NRWtEcmx1cFUxc1YtUzFVOFBwTEd6WGE3bWpTaGg1LWpmcUVITWtZR1hTTTRhclhCdHBPM0tDWGl4cGd3V05WcVUzYktQU1dZMWtWeWxWY1hMNDNncjhmUDFiMVNBR2d3dExNUG1TMXNRekF3WDAxTXBFU1BZUzdlLUZiSkg3SDhNQU1RLTBRQlNwdFZaUXItQWk5bC10SkVSUUNDb25NTGR0elFTMFd3Q0EzTTUwOTZZbXVlSTFQZlFfWVcxNVBXZU5fQXctaDFlVWJwUW1BanBaU05wRGtQdWRMSU5vdmVqUldQQQ?oc=5,Metadata and source-provided excerpt retained,Full text is not republished unless reuse permission or an open licence is documented.
52337e7a944bb745,2026-09-02,2026-09-02T14:22:45Z,The Himalayan Times,Bhotekoshi flood causes over Rs 50 billion damage to tourism sector: Minister Paudel - The Himalayan Times,Bhotekoshi flood causes over Rs 50 billion damage to tourism sector: Minister Paudel The Himalayan Times,https://news.google.com/rss/articles/CBMiXEFVX3lxTE54bHpncHVaVVdPWVd0REUxWUdIb0owZUJhSFplQUhiaXNnb2JvUU5TWWV1OHlNUjdIM19EWDRkLUI2NnBzcFJQd0dVVFFtVVc1MkZFWmNrTjhiVkVM0gFcQVVfeXFMTnhsemdwdVpVV09ZV3RERTFZR0hvSjBlQmFIWmVBSGJpc2dvYm9RTlNZZXU4eU1SN0gzX0RYNGQtQjY2cHNwUlB3R1VUUW1VVzUyRkVaY2tOOGJWRUw?oc=5,https://web.archive.org/web/*/https://news.google.com/rss/articles/CBMiXEFVX3lxTE54bHpncHVaVVdPWVd0REUxWUdIb0owZUJhSFplQUhiaXNnb2JvUU5TWWV1OHlNUjdIM19EWDRkLUI2NnBzcFJQd0dVVFFtVVc1MkZFWmNrTjhiVkVM0gFcQVVfeXFMTnhsemdwdVpVV09ZV3RERTFZR0hvSjBlQmFIWmVBSGJpc2dvYm9RTlNZZXU4eU1SN0gzX0RYNGQtQjY2cHNwUlB3R1VUUW1VVzUyRkVaY2tOOGJWRUw?oc=5,Metadata and source-provided excerpt retained,Full text is not republished unless reuse permission or an open licence is documented.
c35d4fde3e577704,2026-09-02,2026-09-02T14:22:45Z,The Tribune,"Nepal PM links deadly Bhotekoshi flood to climate change, urges global responsibility - The Tribune","Nepal PM links deadly Bhotekoshi flood to climate change, urges global responsibility The Tribune",https://news.google.com/rss/articles/CBMi4wFBVV95cUxPMURtSUd2MjNDRFpHNUhrNEduZmV2a2NRWTdZRkJiR0laVjdERXFKOEhwMUhXVlBmMEI0czdPSDRlUDhPTDJ3VkdFT04wRmdVWXRkWlVhcXVwcll2dXJ5Tm02UFowOGliZGs0S3lWTnpoRTk4UXo4RnQ2NmNyX3dZNEhNR3gzempjX21hR2Rxd1V4bFhhWmp4aUE3d3pOaE9zMTdQN1hNNDJ2U3RpT0dpYlZ1ZUxuQklXTUxwYjFVT2plbDZDQUlBUVZkZGNtQV96a3BaVWxKMm5sQmJyQTQxb2R2QdIB4wFBVV95cUxPMURtSUd2MjNDRFpHNUhrNEduZmV2a2NRWTdZRkJiR0laVjdERXFKOEhwMUhXVlBmMEI0czdPSDRlUDhPTDJ3VkdFT04wRmdVWXRkWlVhcXVwcll2dXJ5Tm02UFowOGliZGs0S3lWTnpoRTk4UXo4RnQ2NmNyX3dZNEhNR3gzempjX21hR2Rxd1V4bFhhWmp4aUE3d3pOaE9zMTdQN1hNNDJ2U3RpT0dpYlZ1ZUxuQklXTUxwYjFVT2plbDZDQUlBUVZkZGNtQV96a3BaVWxKMm5sQmJyQTQxb2R2QQ?oc=5,https://web.archive.org/web/*/https://news.google.com/rss/articles/CBMi4wFBVV95cUxPMURtSUd2MjNDRFpHNUhrNEduZmV2a2NRWTdZRkJiR0laVjdERXFKOEhwMUhXVlBmMEI0czdPSDRlUDhPTDJ3VkdFT04wRmdVWXRkWlVhcXVwcll2dXJ5Tm02UFowOGliZGs0S3lWTnpoRTk4UXo4RnQ2NmNyX3dZNEhNR3gzempjX21hR2Rxd1V4bFhhWmp4aUE3d3pOaE9zMTdQN1hNNDJ2U3RpT0dpYlZ1ZUxuQklXTUxwYjFVT2plbDZDQUlBUVZkZGNtQV96a3BaVWxKMm5sQmJyQTQxb2R2QdIB4wFBVV95cUxPMURtSUd2MjNDRFpHNUhrNEduZmV2a2NRWTdZRkJiR0laVjdERXFKOEhwMUhXVlBmMEI0czdPSDRlUDhPTDJ3VkdFT04wRmdVWXRkWlVhcXVwcll2dXJ5Tm02UFowOGliZGs0S3lWTnpoRTk4UXo4RnQ2NmNyX3dZNEhNR3gzempjX21hR2Rxd1V4bFhhWmp4aUE3d3pOaE9zMTdQN1hNNDJ2U3RpT0dpYlZ1ZUxuQklXTUxwYjFVT2plbDZDQUlBUVZkZGNtQV96a3BaVWxKMm5sQmJyQTQxb2R2QQ?oc=5,Metadata and source-provided excerpt retained,Full text is not republished unless reuse permission or an open licence is documented.
6e814d0485d596c0,2026-09-02,2026-09-02T14:22:45Z,NepalNews,House of Representatives passes special motion on Bhote Koshi flood disaster - NepalNews,House of Representatives passes special motion on Bhote Koshi flood disaster NepalNews,https://news.google.com/rss/articles/CBMiugFBVV95cUxOWHFOdW9sWjB2N29zeGFlckgydVFITTR4bkw2ZVhBbXVpR0pNMHJpa1hIVGRfcDVpZU9Wanp2WWlfLVVmTUFQSng2Tk1OZlRmaVctMU84cFNFSEFBWjFYYW8tcUhGaU02d2tNTGZ2Si1IUy13S1kwLTlocElSZ1NZYlBUMzd5Q2JlOHc2VUxJcGJuVEdCLXRaUUpYZElaVjJDTFhnYWN5V1d0SURRelVTMlY4SmdDc1dzaUE?oc=5,https://web.archive.org/web/*/https://news.google.com/rss/articles/CBMiugFBVV95cUxOWHFOdW9sWjB2N29zeGFlckgydVFITTR4bkw2ZVhBbXVpR0pNMHJpa1hIVGRfcDVpZU9Wanp2WWlfLVVmTUFQSng2Tk1OZlRmaVctMU84cFNFSEFBWjFYYW8tcUhGaU02d2tNTGZ2Si1IUy13S1kwLTlocElSZ1NZYlBUMzd5Q2JlOHc2VUxJcGJuVEdCLXRaUUpYZElaVjJDTFhnYWN5V1d0SURRelVTMlY4SmdDc1dzaUE?oc=5,Metadata and source-provided excerpt retained,Full text is not republished unless reuse permission or an open licence is documented.
94a07cc709f6b885,2026-09-02,2026-09-02T14:22:45Z,The Rising Nepal,Bhotekoshi Flood: 94 bodies brought at TU Teaching Hospital - The Rising Nepal,Bhotekoshi Flood: 94 bodies brought at TU Teaching Hospital The Rising Nepal,https://news.google.com/rss/articles/CBMiUEFVX3lxTE1oakdwME1NTHFHcnNEY0ZQYW40V2o4RHI5dDhPN0ZlZHRjVUp0Ql9vVmFwWV9peWdKRjN5QWFfY256MmQzeEJtN2g5NVFNM0o0?oc=5,https://web.archive.org/web/*/https://news.google.com/rss/articles/CBMiUEFVX3lxTE1oakdwME1NTHFHcnNEY0ZQYW40V2o4RHI5dDhPN0ZlZHRjVUp0Ql9vVmFwWV9peWdKRjN5QWFfY256MmQzeEJtN2g5NVFNM0o0?oc=5,Metadata and source-provided excerpt retained,Full text is not republished unless reuse permission or an open licence is documented.
c9df48eb2363cc3d,2026-09-02,2026-09-02T16:32:47Z,Khabarhub,"Rasuwa flood was unprecedented, with no prior warning: PM Shah - Khabarhub","Rasuwa flood was unprecedented, with no prior warning: PM Shah Khabarhub",https://news.google.com/rss/articles/CBMiWEFVX3lxTE9McEVHc3l2M2c5NHhVWHR0R0JreDhtVy1SOTZsb0l6TnRYUFZlcnBseUp5RTg5YTA5THFFYXNDSXU4cWRRUmpxQjZkODZ3elgzRm5CVjFra2U?oc=5,https://web.archive.org/web/*/https://news.google.com/rss/articles/CBMiWEFVX3lxTE9McEVHc3l2M2c5NHhVWHR0R0JreDhtVy1SOTZsb0l6TnRYUFZlcnBseUp5RTg5YTA5THFFYXNDSXU4cWRRUmpxQjZkODZ3elgzRm5CVjFra2U?oc=5,Metadata and source-provided excerpt retained,Full text is not republished unless reuse permission or an open licence is documented.
26fabe44a2f96e59,2026-09-02,2026-09-02T16:32:47Z,NepalNews,Rasuwa flood causes over Rs 50 billion in tourism losses: Minister Paudel - NepalNews,Rasuwa flood causes over Rs 50 billion in tourism losses: Minister Paudel NepalNews,https://news.google.com/rss/articles/CBMiswFBVV95cUxPZ1NOMHRyZGF3a2Z4NWlhampPaTVoY29CUmRTQ09nWnIxWnl5QllhbVNYVm5KRUdqVmNpX01TRXI4Y2RnOHkwcXRQY0MtazdUamNHbGE4WHQ1OXAyUExJalhVeWx6ZGc2bC03dHJWNWVSMDdkMTluM1gzMm1ieVF1bWZoWnh2V29mV1p1WHhIN0dIbHRfSHo4a0RoZEFLbVFHbjRETHd1Vkl6cjRrT2czcDIzaw?oc=5,https://web.archive.org/web/*/https://news.google.com/rss/articles/CBMiswFBVV95cUxPZ1NOMHRyZGF3a2Z4NWlhampPaTVoY29CUmRTQ09nWnIxWnl5QllhbVNYVm5KRUdqVmNpX01TRXI4Y2RnOHkwcXRQY0MtazdUamNHbGE4WHQ1OXAyUExJalhVeWx6ZGc2bC03dHJWNWVSMDdkMTluM1gzMm1ieVF1bWZoWnh2V29mV1p1WHhIN0dIbHRfSHo4a0RoZEFLbVFHbjRETHd1Vkl6cjRrT2czcDIzaw?oc=5,Metadata and source-provided excerpt retained,Full text is not republished unless reuse permission or an open licence is documented.
d86ff3107447ce6c,2026-09-02,2026-09-02T14:22:45Z,The Statesman,‘Climate change is the world’s shared responsibility’: Nepal PM calls Rasuwa flood a warning for the Himalayas - The Statesman,‘Climate change is the world’s shared responsibility’: Nepal PM calls Rasuwa flood a warning for the Himalayas The Statesman,https://news.google.com/rss/articles/CBMi7gFBVV95cUxOOEtCRFdsOTR1UnNEZ3VuRUltRWg5Q2tjQTlIZ0U1YzNLcWZ0b0NrM0pwcWRRek9HWnRSNG16LWU5SVB3WVN1dmJOZ2IyZ3l6UjAtVkgwV3Q2NFd0TF9ZUW9HejI1U0hrWnM3LS1TT0MtMVBYOEtJM3lJV3RkRmRpejJoSHFCWS1MdUc5bGlwcTFoUENBZllka052a1FWZ2JodmlQbkdnUUNtSEV4RVp3T1RORWNJcnNlcWJfWGZkTlFtME4zTGUwZWpoODRVTU1tR3Z1RFZNYUh2WXdkeXRjOU84YTVwRVVzdzdNcFZB0gHzAUFVX3lxTE44akRUbUttaWNOSVNjYnVqUlIzSW9QYS0yZmVCX3lIX0NfU1NIdHFZNHBpRkV3U196WlNWYy1kVDBvZXBhZXE3SW9iMDY3elB1NVRvUFR2cFZjQ2oxOUZYYmFNMHROYlpUbTEyNWl5enZzdWNZMEZrVUVRSm9zYlZXRXJDSkVpeXJTWm9rYUpQeWdQMW5WeGIyQUlWbVJ6TzFRck51aU4zc19KTFdwSWU4aFNfX01ZWDZJSk85ZDVOdlk1NUlYNGpaajBIbnFYQjViNXZIMTM5dHFEbU5LTDg1MXoyTF82a05DbE5hSkNOTDM5VQ?oc=5,https://web.archive.org/web/*/https://news.google.com/rss/articles/CBMi7gFBVV95cUxOOEtCRFdsOTR1UnNEZ3VuRUltRWg5Q2tjQTlIZ0U1YzNLcWZ0b0NrM0pwcWRRek9HWnRSNG16LWU5SVB3WVN1dmJOZ2IyZ3l6UjAtVkgwV3Q2NFd0TF9ZUW9HejI1U0hrWnM3LS1TT0MtMVBYOEtJM3lJV3RkRmRpejJoSHFCWS1MdUc5bGlwcTFoUENBZllka052a1FWZ2JodmlQbkdnUUNtSEV4RVp3T1RORWNJcnNlcWJfWGZkTlFtME4zTGUwZWpoODRVTU1tR3Z1RFZNYUh2WXdkeXRjOU84YTVwRVVzdzdNcFZB0gHzAUFVX3lxTE44akRUbUttaWNOSVNjYnVqUlIzSW9QYS0yZmVCX3lIX0NfU1NIdHFZNHBpRkV3U196WlNWYy1kVDBvZXBhZXE3SW9iMDY3elB1NVRvUFR2cFZjQ2oxOUZYYmFNMHROYlpUbTEyNWl5enZzdWNZMEZrVUVRSm9zYlZXRXJDSkVpeXJTWm9rYUpQeWdQMW5WeGIyQUlWbVJ6TzFRck51aU4zc19KTFdwSWU4aFNfX01ZWDZJSk85ZDVOdlk1NUlYNGpaajBIbnFYQjViNXZIMTM5dHFEbU5LTDg1MXoyTF82a05DbE5hSkNOTDM5VQ?oc=5,Metadata and source-provided excerpt retained,Full text is not republished unless reuse permission or an open licence is documented.
7d4036fb87d5b6df,2026-09-02,2026-09-02T16:32:47Z,Khabarhub,Rasuwa flood a national tragedy: PM Shah - Khabarhub,Rasuwa flood a national tragedy: PM Shah Khabarhub,https://news.google.com/rss/articles/CBMiWEFVX3lxTE5xbmRpRFVLZHUzdFFfRHdtTGxBR1dXckhzOEFNVy1NZExfSFVEYzFsMGRyaDZUbGNyMVJEWHA3dXdXcDNhRC1zQ0s4dWpqZWNNVklTc0loVTQ?oc=5,https://web.archive.org/web/*/https://news.google.com/rss/articles/CBMiWEFVX3lxTE5xbmRpRFVLZHUzdFFfRHdtTGxBR1dXckhzOEFNVy1NZExfSFVEYzFsMGRyaDZUbGNyMVJEWHA3dXdXcDNhRC1zQ0s4dWpqZWNNVklTc0loVTQ?oc=5,Metadata and source-provided excerpt retained,Full text is not republished unless reuse permission or an open licence is documented.
2f0a735bc020fe35,2026-09-02,2026-09-02T14:22:45Z,The Himalayan Times,"Bhotekoshi flood death toll reaches 1,114 - The Himalayan Times","Bhotekoshi flood death toll reaches 1,114 The Himalayan Times",https://news.google.com/rss/articles/CBMiggFBVV95cUxOX0ZrelA1dndlYThZV2FraGFuWDB3cUxpS09KNUM2dUV6UzZKRlh3NDVzc0hoc3ZUUEhwRUJIdUpGbjNkZ21oWENXNEhZVGVFTkFmdzFFdmxJMDdqS3ZnTkw2bDFRcE12N19URHVnX3NTamJSb2k5QnE3R1Q0QXNOUWh30gFcQVVfeXFMT0N4ZnBBZFZ4NUo5Z0NBdkxiWjczNHVoUV9YYURhMzBVRlB3ekZBXzYwVHQwTTN2UjJVblpUcU4wTmxBemM1aXdjUFZ4bUF5Wk9aeVYxSndJcUVUZEc?oc=5,https://web.archive.org/web/*/https://news.google.com/rss/articles/CBMiggFBVV95cUxOX0ZrelA1dndlYThZV2FraGFuWDB3cUxpS09KNUM2dUV6UzZKRlh3NDVzc0hoc3ZUUEhwRUJIdUpGbjNkZ21oWENXNEhZVGVFTkFmdzFFdmxJMDdqS3ZnTkw2bDFRcE12N19URHVnX3NTamJSb2k5QnE3R1Q0QXNOUWh30gFcQVVfeXFMT0N4ZnBBZFZ4NUo5Z0NBdkxiWjczNHVoUV9YYURhMzBVRlB3ekZBXzYwVHQwTTN2UjJVblpUcU4wTmxBemM1aXdjUFZ4bUF5Wk9aeVYxSndJcUVUZEc?oc=5,Metadata and source-provided excerpt retained,Full text is not republished unless reuse permission or an open licence is documented.
9cd2341a8d207a7a,2026-09-02,2026-09-02T14:22:45Z,Khabarhub,Rasuwa flood: US donates 40 tons of emergency relief supplies - Khabarhub,Rasuwa flood: US donates 40 tons of emergency relief supplies Khabarhub,https://news.google.com/rss/articles/CBMiWEFVX3lxTFBJSldQSjVfVU03SHB3ZzdBOW5nVFpyMl9MeWZqc0Y2UUpidTNUWGNiU3RqeFdzczJEYmo0S2ZOWW9zclY5UldOV3QwV1ZvZG94UVFvTDNNME0?oc=5,https://web.archive.org/web/*/https://news.google.com/rss/articles/CBMiWEFVX3lxTFBJSldQSjVfVU03SHB3ZzdBOW5nVFpyMl9MeWZqc0Y2UUpidTNUWGNiU3RqeFdzczJEYmo0S2ZOWW9zclY5UldOV3QwV1ZvZG94UVFvTDNNME0?oc=5,Metadata and source-provided excerpt retained,Full text is not republished unless reuse permission or an open licence is documented.
65d92fb7a7a28292,2026-09-02,2026-09-02T14:22:45Z,The Rising Nepal,Chances of moderate rainfall in Bhotekoshi flood affected area in afternoon: DHM - The Rising Nepal,Chances of moderate rainfall in Bhotekoshi flood affected area in afternoon: DHM The Rising Nepal,https://news.google.com/rss/articles/CBMiUEFVX3lxTE1KUDM4Rk1RZFl2V2NObEFVRDhVY0pVVUxhVnhGVE8tTjNjc2xWeS1iSEZ1UlJ5QmJHdlA2WS03OGcxOTNwVEpwdHpKa0NvYzR1?oc=5,https://web.archive.org/web/*/https://news.google.com/rss/articles/CBMiUEFVX3lxTE1KUDM4Rk1RZFl2V2NObEFVRDhVY0pVVUxhVnhGVE8tTjNjc2xWeS1iSEZ1UlJ5QmJHdlA2WS03OGcxOTNwVEpwdHpKa0NvYzR1?oc=5,Metadata and source-provided excerpt retained,Full text is not republished unless reuse permission or an open licence is documented.
2265a7f4b5b5826e,2026-09-02,2026-09-02T14:22:45Z,Khabarhub,"Rasuwa flood: Death toll reaches 1,114 - Khabarhub","Rasuwa flood: Death toll reaches 1,114 Khabarhub",https://news.google.com/rss/articles/CBMiWEFVX3lxTE5OajdjMzZqUWVQWWtpbjZocWI1MVQ0dWY4ZXMzc2x6MG1TS0FuVlRsUjdxUWRJYUkyNWpHYlQ5dnB6d082V19fR3JfUmVoMTZZX1h5TnBBaWM?oc=5,https://web.archive.org/web/*/https://news.google.com/rss/articles/CBMiWEFVX3lxTE5OajdjMzZqUWVQWWtpbjZocWI1MVQ0dWY4ZXMzc2x6MG1TS0FuVlRsUjdxUWRJYUkyNWpHYlQ5dnB6d082V19fR3JfUmVoMTZZX1h5TnBBaWM?oc=5,Metadata and source-provided excerpt retained,Full text is not republished unless reuse permission or an open licence is documented.
b38c861ca61f7195,2026-09-02,2026-09-02T14:22:45Z,myRepublica,Experts call for stronger early warning system after Bhotekoshi flood - myRepublica,Experts call for stronger early warning system after Bhotekoshi flood myRepublica,https://news.google.com/rss/articles/CBMiwgFBVV95cUxPVlJtVmJmZzM3R2h2MjdRLVlCYVBxemt4TDhWQl9UT2lycVprY1NjWENrQTRkQjhLR3M2T2lxakV0QnBVbWM5SF95MW5jZC1NMWFMNHBqejN3Q3VHODkwZnVETFRtT3FudTdJTExmcnRLbThGRUtHdW04ZlRJcy16VDZmNXFtbkY2UGlSMTgwa3hTN2R3b0FuUlNXTzZtb2JNc2x5eld2VXY5dkhMaENWcGdTTFVTZkZZS05mUm9GUlA5QQ?oc=5,https://web.archive.org/web/*/https://news.google.com/rss/articles/CBMiwgFBVV95cUxPVlJtVmJmZzM3R2h2MjdRLVlCYVBxemt4TDhWQl9UT2lycVprY1NjWENrQTRkQjhLR3M2T2lxakV0QnBVbWM5SF95MW5jZC1NMWFMNHBqejN3Q3VHODkwZnVETFRtT3FudTdJTExmcnRLbThGRUtHdW04ZlRJcy16VDZmNXFtbkY2UGlSMTgwa3hTN2R3b0FuUlNXTzZtb2JNc2x5eld2VXY5dkhMaENWcGdTTFVTZkZZS05mUm9GUlA5QQ?oc=5,Metadata and source-provided excerpt retained,Full text is not republished unless reuse permission or an open licence is documented.
b0e07106bc601c2c,2026-09-02,2026-09-02T14:22:45Z,Ratopati,"Two Earthquakes Near Rasuwagadhi Border Trigger Avalanche, Causing Flash Flood in Bhote Koshi River - Ratopati","Two Earthquakes Near Rasuwagadhi Border Trigger Avalanche, Causing Flash Flood in Bhote Koshi River Ratopati",https://news.google.com/rss/articles/CBMiygFBVV95cUxPbkdDWTRtTE9IWF90OXJSZ1Y3RHp4TWhiOWk2Y2JCZmtWRzMwRU9Wa3JXSkF1OUUzcjhEWnN2ZWRpWjVWQmE1TVpuZEs3Y1FoblJNTjdwSjZDZHhBbXVyQWkxWXVpTUhUUndoaXJHbHJjWGZDendRdEM3LVg2bFhGTDVua3lBRFRSZ1B3M2lQQ0dYNUhLM0t5cDNFMVpmWnZBTm1LaWduLVR5eW00eFhKcVN3aWh0QzRqTXgxTklraDE1Q1o3cGp0N1Z3?oc=5,https://web.archive.org/web/*/https://news.google.com/rss/articles/CBMiygFBVV95cUxPbkdDWTRtTE9IWF90OXJSZ1Y3RHp4TWhiOWk2Y2JCZmtWRzMwRU9Wa3JXSkF1OUUzcjhEWnN2ZWRpWjVWQmE1TVpuZEs3Y1FoblJNTjdwSjZDZHhBbXVyQWkxWXVpTUhUUndoaXJHbHJjWGZDendRdEM3LVg2bFhGTDVua3lBRFRSZ1B3M2lQQ0dYNUhLM0t5cDNFMVpmWnZBTm1LaWduLVR5eW00eFhKcVN3aWh0QzRqTXgxTklraDE1Q1o3cGp0N1Z3?oc=5,Metadata and source-provided excerpt retained,Full text is not republished unless reuse permission or an open licence is documented.
64a96b7cb2ebffe3,2026-09-02,2026-09-02T16:32:47Z,radionepalonline.com,"HoR meeting at 1 pm today to discuss Bhotekoshi flood – Public Service Broadcasting, Radio Nepal - radionepalonline.com","HoR meeting at 1 pm today to discuss Bhotekoshi flood – Public Service Broadcasting, Radio Nepal radionepalonline.com",https://news.google.com/rss/articles/CBMiZEFVX3lxTE1ac1BKZ19OREJfanRDT3hJbEVWVHM5ZHpVVjUwSnlqdEptNWpsRWF3V3RZa0hxcXhiVXVMNUMxRF90M21KUG9PMnEzUjA3TDd4d2VWZTJWYlRqV3p3dVFkempQcWI?oc=5,https://web.archive.org/web/*/https://news.google.com/rss/articles/CBMiZEFVX3lxTE1ac1BKZ19OREJfanRDT3hJbEVWVHM5ZHpVVjUwSnlqdEptNWpsRWF3V3RZa0hxcXhiVXVMNUMxRF90M21KUG9PMnEzUjA3TDd4d2VWZTJWYlRqV3p3dVFkempQcWI?oc=5,Metadata and source-provided excerpt retained,Full text is not republished unless reuse permission or an open licence is documented.
39febe337336dcde,2026-09-02,2026-09-02T14:22:45Z,myRepublica,HoR meeting to discuss Bhotekoshi flood - myRepublica,HoR meeting to discuss Bhotekoshi flood myRepublica,https://news.google.com/rss/articles/CBMimgFBVV95cUxPWGN4ZzBHc0M5QXhOYXlnZ0MwYkJZMnllWjg2UEEyVHNTYWlVM2cwUENuTzFFY3Zjb0ZjRHA4RU1WeFZrdXM0VC1fNmRPUjFnd0lrd0xPOGstcXZwV3Y0RFRtS0xVQWJmUHdvWDh0RG5IZ19ZdG81alpWcEFYSkx5VU9OSER5R3p0Y1JORF9SUTFQbnBUNDhqRFp3?oc=5,https://web.archive.org/web/*/https://news.google.com/rss/articles/CBMimgFBVV95cUxPWGN4ZzBHc0M5QXhOYXlnZ0MwYkJZMnllWjg2UEEyVHNTYWlVM2cwUENuTzFFY3Zjb0ZjRHA4RU1WeFZrdXM0VC1fNmRPUjFnd0lrd0xPOGstcXZwV3Y0RFRtS0xVQWJmUHdvWDh0RG5IZ19ZdG81alpWcEFYSkx5VU9OSER5R3p0Y1JORF9SUTFQbnBUNDhqRFp3?oc=5,Metadata and source-provided excerpt retained,Full text is not republished unless reuse permission or an open licence is documented.
c9a2d31afdb35b74,2026-09-02,2026-09-02T14:22:45Z,The Rising Nepal,Bhotekoshi flood was caused by climate change: PM - The Rising Nepal,Bhotekoshi flood was caused by climate change: PM The Rising Nepal,https://news.google.com/rss/articles/CBMiUEFVX3lxTFB4dlFSOUhRWXRxYUJsSUFIQ3BETUNkSVBnZ00zQUxtd3RJUW5rSzVnWW5weVNjby1vSDhKNXhYU2wwUG1rSWlmaW5RQ1Ayel9n?oc=5,https://web.archive.org/web/*/https://news.google.com/rss/articles/CBMiUEFVX3lxTFB4dlFSOUhRWXRxYUJsSUFIQ3BETUNkSVBnZ00zQUxtd3RJUW5rSzVnWW5weVNjby1vSDhKNXhYU2wwUG1rSWlmaW5RQ1Ayel9n?oc=5,Metadata and source-provided excerpt retained,Full text is not republished unless reuse permission or an open licence is documented.
c3cfac049bb8c021,2026-09-02,2026-09-02T14:22:45Z,The Rising Nepal,Bhotekoshi flood survivors fear loss of culture - The Rising Nepal,Bhotekoshi flood survivors fear loss of culture The Rising Nepal,https://news.google.com/rss/articles/CBMiUEFVX3lxTE9lVUNfOW01SlJPbHNIUnAyUl9mb21iWFdXeXhMNURUQXluMGpKSlpIYU01VTdUSEJjTGNzeWROWEU3ai1hdGdNMEw5WnVfWXhf?oc=5,https://web.archive.org/web/*/https://news.google.com/rss/articles/CBMiUEFVX3lxTE9lVUNfOW01SlJPbHNIUnAyUl9mb21iWFdXeXhMNURUQXluMGpKSlpIYU01VTdUSEJjTGNzeWROWEU3ai1hdGdNMEw5WnVfWXhf?oc=5,Metadata and source-provided excerpt retained,Full text is not republished unless reuse permission or an open licence is documented.
c5f3eda4abaa3020,2026-09-01,2026-09-02T14:22:45Z,The Daily Star,Bhotekoshi flood: Another warning from the Himalayas. Are we listening? - The Daily Star,Bhotekoshi flood: Another warning from the Himalayas. Are we listening? The Daily Star,https://news.google.com/rss/articles/CBMixwFBVV95cUxOOGMyRWdaX2RhakZ6T3FDYWU4U1BDSE1iUU1OZ2ZnT1VSeHF0dzRNUlJWSFdTX1NoN1Nfdm9zdUxfYWVHZjBrRlVGNjVSM1NqUDk2OEFGdEhZSmVQV0RxVWNYNW1wVEdDRmJsTk5oR1o3Zld1dmZrQndVUXJrVTRidlRTV2ktX3FFUEMtbFlfQ084YWd6Y0FUVnhoVGRqNFhQNGUwcmRrY2NnVW5qZkM3NUdRTGxmcXF3dnNGaElPR09UTXJhTUdn?oc=5,https://web.archive.org/web/*/https://news.google.com/rss/articles/CBMixwFBVV95cUxOOGMyRWdaX2RhakZ6T3FDYWU4U1BDSE1iUU1OZ2ZnT1VSeHF0dzRNUlJWSFdTX1NoN1Nfdm9zdUxfYWVHZjBrRlVGNjVSM1NqUDk2OEFGdEhZSmVQV0RxVWNYNW1wVEdDRmJsTk5oR1o3Zld1dmZrQndVUXJrVTRidlRTV2ktX3FFUEMtbFlfQ084YWd6Y0FUVnhoVGRqNFhQNGUwcmRrY2NnVW5qZkM3NUdRTGxmcXF3dnNGaElPR09UTXJhTUdn?oc=5,Metadata and source-provided excerpt retained,Full text is not republished unless reuse permission or an open licence is documented.
9e3c11cbcb0acecc,2026-09-01,2026-09-02T14:22:45Z,NepalNews,"Bhote Koshi flood, day seven: What we know so far as the death toll tops 1,050 - NepalNews","Bhote Koshi flood, day seven: What we know so far as the death toll tops 1,050 NepalNews",https://news.google.com/rss/articles/CBMiuwFBVV95cUxPX0NINW1UQU9maEFqZVhYQUlQOGRKQmtHSXhENTZueFN0Z1lGSVA2ZTlibTJYX2RYUmwwTEY2OEpRQzJTcDFxa1FhSmFDTmZJWFBvSUw3U1czcUNTZ0p1WDZ4LXZ6QWswVVlqekRnQXJqNFI3R2prVUI2YWEwdmVmamxDSzVWV0tfaFZqZXdySHhPTFR4bFhtcUtCckJ3dHl6OGhIbDNJZEVnTEY3Y0hhbWgwZXZqbVJGbGFR?oc=5,https://web.archive.org/web/*/https://news.google.com/rss/articles/CBMiuwFBVV95cUxPX0NINW1UQU9maEFqZVhYQUlQOGRKQmtHSXhENTZueFN0Z1lGSVA2ZTlibTJYX2RYUmwwTEY2OEpRQzJTcDFxa1FhSmFDTmZJWFBvSUw3U1czcUNTZ0p1WDZ4LXZ6QWswVVlqekRnQXJqNFI3R2prVUI2YWEwdmVmamxDSzVWV0tfaFZqZXdySHhPTFR4bFhtcUtCckJ3dHl6OGhIbDNJZEVnTEY3Y0hhbWgwZXZqbVJGbGFR?oc=5,Metadata and source-provided excerpt retained,Full text is not republished unless reuse permission or an open licence is documented.
f484458f7efff9af,2026-09-01,2026-09-02T14:22:45Z,ReliefWeb,"WFP Nepal Situation Report on the Rasuwa Flood Response, 01 September 2026 - ReliefWeb","WFP Nepal Situation Report on the Rasuwa Flood Response, 01 September 2026 ReliefWeb",https://news.google.com/rss/articles/CBMiowFBVV95cUxQVEVNaDI4Ung3YjR6Zm16X0VlQktidDNzV3FmaG9odkkxX1pvTWk1OW5YOHByNmNTVThEa0RzeTdnRTFXVDBua3hnYTNJM2g3RGJ6OWd6OEE0TTlLVlJwWlgzcVh3Q3pOVE1WN0JIV2pvMldBY2UzZDJjN1g1Y0tNRUhfS2wwT2lEbWVaQjgtdkVFQ0I0d09iLW00RFJrTHQ0MFgw?oc=5,https://web.archive.org/web/*/https://news.google.com/rss/articles/CBMiowFBVV95cUxQVEVNaDI4Ung3YjR6Zm16X0VlQktidDNzV3FmaG9odkkxX1pvTWk1OW5YOHByNmNTVThEa0RzeTdnRTFXVDBua3hnYTNJM2g3RGJ6OWd6OEE0TTlLVlJwWlgzcVh3Q3pOVE1WN0JIV2pvMldBY2UzZDJjN1g1Y0tNRUhfS2wwT2lEbWVaQjgtdkVFQ0I0d09iLW00RFJrTHQ0MFgw?oc=5,Metadata and source-provided excerpt retained,Full text is not republished unless reuse permission or an open licence is documented.
73684a37b93cfe61,2026-09-01,2026-09-02T14:22:45Z,NepalNews,"Bhote Koshi flood latest update: 1,058 human remains recovered, 4,606 people still unaccounted for as of 2 PM - NepalNews","Bhote Koshi flood latest update: 1,058 human remains recovered, 4,606 people still unaccounted for as of 2 PM NepalNews",https://news.google.com/rss/articles/CBMi3gFBVV95cUxNeExYdktWenNwYnAtUll0WFVXXzVva21jV1FjblJiaWNITkFMeXA2ckhrQ3FiUVpHZ3pZUHQ4QUI1MjJLekphU2hLNUlKRERoY1FKLXpRSElYNE9iQzg0UDBYdmpadUlKdThCSWxzY2ozSHV5X3dQZWNDMHZZQWxjYXBLTnE5YnV2UHhLbjUyd25aUnBXazcwR0w5WmFGZmdRWWFWc2EyeUJlZ1liM0JwUTJIMUJ6S2UycFFrZ3pBQkRjUHVRazlfNjVTOEdPTjVRem9oaTBDVnV1OFFEcFE?oc=5,https://web.archive.org/web/*/https://news.google.com/rss/articles/CBMi3gFBVV95cUxNeExYdktWenNwYnAtUll0WFVXXzVva21jV1FjblJiaWNITkFMeXA2ckhrQ3FiUVpHZ3pZUHQ4QUI1MjJLekphU2hLNUlKRERoY1FKLXpRSElYNE9iQzg0UDBYdmpadUlKdThCSWxzY2ozSHV5X3dQZWNDMHZZQWxjYXBLTnE5YnV2UHhLbjUyd25aUnBXazcwR0w5WmFGZmdRWWFWc2EyeUJlZ1liM0JwUTJIMUJ6S2UycFFrZ3pBQkRjUHVRazlfNjVTOEdPTjVRem9oaTBDVnV1OFFEcFE?oc=5,Metadata and source-provided excerpt retained,Full text is not republished unless reuse permission or an open licence is documented.
88b32de36c7967dd,2026-09-01,2026-09-02T14:22:45Z,NepalNews,Bhote Koshi flood prompts over Rs 25.87 billion in insurance claims - NepalNews,Bhote Koshi flood prompts over Rs 25.87 billion in insurance claims NepalNews,https://news.google.com/rss/articles/CBMirgFBVV95cUxOQVJkdnlILUFtdTBHb3B3OVYyLXVScHBJTWk3VU1ZN3FCNUgtbThxeFYyMGo2U1BGdFQ5ZzhVMXNDLW9Rd2cyY0JUZmtURms0TE40eUU0ejhnZmtyYXU4Si1heWo4aXNFOUhvdlktdTJIVEZQd01oSzViR0l4cFMyekhWUXdDNUFUa3Brc3I4X0pOck1IVU03THRaTVdqNC1xdTZoczBpVFJWclpROEE?oc=5,https://web.archive.org/web/*/https://news.google.com/rss/articles/CBMirgFBVV95cUxOQVJkdnlILUFtdTBHb3B3OVYyLXVScHBJTWk3VU1ZN3FCNUgtbThxeFYyMGo2U1BGdFQ5ZzhVMXNDLW9Rd2cyY0JUZmtURms0TE40eUU0ejhnZmtyYXU4Si1heWo4aXNFOUhvdlktdTJIVEZQd01oSzViR0l4cFMyekhWUXdDNUFUa3Brc3I4X0pOck1IVU03THRaTVdqNC1xdTZoczBpVFJWclpROEE?oc=5,Metadata and source-provided excerpt retained,Full text is not republished unless reuse permission or an open licence is documented.
4f6b3697b78b25fd,2026-09-01,2026-09-02T14:22:45Z,NepalNews,"Rasuwa flood death toll reaches 1,003; at least 11,884 rescued - NepalNews","Rasuwa flood death toll reaches 1,003; at least 11,884 rescued NepalNews",https://news.google.com/rss/articles/CBMioAFBVV95cUxNa2FBQ0tHN2ZpNVNoM191bEFGS0pDMG9QZWxlWURucmQyY19YTkdLeXhPUlo2dVI2SGpNOG04UHJnZWpOcnd4ZUxYQnRNZHpNc1dkMC05SnNkWUQycW5RcmpaUFpvMGVsSm0tT2h4TEh5SWs0cXdxVmN1cTU5OWJMdTY3X0xiZnFTOE56SkVvVHVpOTUwTkl4Q0gyQndkNG1H?oc=5,https://web.archive.org/web/*/https://news.google.com/rss/articles/CBMioAFBVV95cUxNa2FBQ0tHN2ZpNVNoM191bEFGS0pDMG9QZWxlWURucmQyY19YTkdLeXhPUlo2dVI2SGpNOG04UHJnZWpOcnd4ZUxYQnRNZHpNc1dkMC05SnNkWUQycW5RcmpaUFpvMGVsSm0tT2h4TEh5SWs0cXdxVmN1cTU5OWJMdTY3X0xiZnFTOE56SkVvVHVpOTUwTkl4Q0gyQndkNG1H?oc=5,Metadata and source-provided excerpt retained,Full text is not republished unless reuse permission or an open licence is documented.
71c809a3c27db037,2026-09-01,2026-09-02T14:22:45Z,"Ministry of Foreign Affairs, Nepal","Fourth Press Briefing on Bhote Koshi Flood - Ministry of Foreign Affairs, Nepal","Fourth Press Briefing on Bhote Koshi Flood Ministry of Foreign Affairs, Nepal",https://news.google.com/rss/articles/CBMiggFBVV95cUxQZ0ZOZkFmZ2pIZkRTMjc1TkFnZXM3WWtZOXR3dmRJSXMtYkxJbXZOd1NQTkRoM3NXcEZHSjRJZXRSLWxPd2QyN2ktZ0p3OGN2c0FTZlUwNTlVUm9KYVRiNVQxVFoxNzNqVzdha2RrSlBrMnk4OGJ2eUZuS2pRQjAwU0l3?oc=5,https://web.archive.org/web/*/https://news.google.com/rss/articles/CBMiggFBVV95cUxQZ0ZOZkFmZ2pIZkRTMjc1TkFnZXM3WWtZOXR3dmRJSXMtYkxJbXZOd1NQTkRoM3NXcEZHSjRJZXRSLWxPd2QyN2ktZ0p3OGN2c0FTZlUwNTlVUm9KYVRiNVQxVFoxNzNqVzdha2RrSlBrMnk4OGJ2eUZuS2pRQjAwU0l3?oc=5,Metadata and source-provided excerpt retained,Full text is not republished unless reuse permission or an open licence is documented.
8c711eec35b1b627,2026-09-01,2026-09-02T14:22:45Z,Khabarhub,"Rasuwa flood: Over 12,000 people rescued, 987 bodies recovered - Khabarhub","Rasuwa flood: Over 12,000 people rescued, 987 bodies recovered Khabarhub",https://news.google.com/rss/articles/CBMiWEFVX3lxTE5CZTBpdUdtWmUzQ0lKODFWS1pOblNzdkd0MXdJMUFpUkg3cXVsdHBHS1Vyb2dRUnlTYnVQYUZoMVRJbnZ3SmYtcUxYbjRiek9lT2htaEg1ZW8?oc=5,https://web.archive.org/web/*/https://news.google.com/rss/articles/CBMiWEFVX3lxTE5CZTBpdUdtWmUzQ0lKODFWS1pOblNzdkd0MXdJMUFpUkg3cXVsdHBHS1Vyb2dRUnlTYnVQYUZoMVRJbnZ3SmYtcUxYbjRiek9lT2htaEg1ZW8?oc=5,Metadata and source-provided excerpt retained,Full text is not republished unless reuse permission or an open licence is documented.
9a761bb6617f2824,2026-09-01,2026-09-02T14:22:45Z,Khabarhub,Dhanauji Rural Municipality provides Rs. 2.2 million assistance to Bhotekoshi flood victims - Khabarhub,Dhanauji Rural Municipality provides Rs. 2.2 million assistance to Bhotekoshi flood victims Khabarhub,https://news.google.com/rss/articles/CBMiWEFVX3lxTE4xLWtiaVdiS0tkUWtSWUtPNC1QYURBenNJQzEtUlVxNUtMZ245N2VoWmR2UjdjZ2MxTDR0ckpDUV9NekFxYS1TT2h0a3dtRmFXTEk2ak9aQVA?oc=5,https://web.archive.org/web/*/https://news.google.com/rss/articles/CBMiWEFVX3lxTE4xLWtiaVdiS0tkUWtSWUtPNC1QYURBenNJQzEtUlVxNUtMZ245N2VoWmR2UjdjZ2MxTDR0ckpDUV9NekFxYS1TT2h0a3dtRmFXTEk2ak9aQVA?oc=5,Metadata and source-provided excerpt retained,Full text is not republished unless reuse permission or an open licence is documented.
8a2301952fd337c9,2026-09-01,2026-09-02T14:22:45Z,The Rising Nepal,Nepal demands urgent climate funds after Bhotekoshi flood - The Rising Nepal,Nepal demands urgent climate funds after Bhotekoshi flood The Rising Nepal,https://news.google.com/rss/articles/CBMiUEFVX3lxTE1sTkktd1dCcmR1aUxTN1o3eTdYTDVXWGhjRERDTWxLZ3ZVOFdSUHRsanBqQnBIb0l2bDN5UC16U2dvM29RcnBoMWpBR1lydHB3?oc=5,https://web.archive.org/web/*/https://news.google.com/rss/articles/CBMiUEFVX3lxTE1sTkktd1dCcmR1aUxTN1o3eTdYTDVXWGhjRERDTWxLZ3ZVOFdSUHRsanBqQnBIb0l2bDN5UC16U2dvM29RcnBoMWpBR1lydHB3?oc=5,Metadata and source-provided excerpt retained,Full text is not republished unless reuse permission or an open licence is documented.
c26ab34c1ac537b7,2026-09-01,2026-09-02T14:22:45Z,myRepublica,All-party meeting to discuss Bhotekoshi flood - myRepublica,All-party meeting to discuss Bhotekoshi flood myRepublica,https://news.google.com/rss/articles/CBMiogFBVV95cUxNYVlsRkpWM2JIcFFONzVORFlVUXR2OFljZnZJTmEzRzFKODRoTHp2cUJLZkE4TTBzRFpDaUt1NW5UcHoydkFVUDVpUFN4T1FPNWZveWpwYllYODdNQ1kxdUdDcjV6X2lTc1I2c2RlcXAwdmdYWnRPRDVWdDFvZ182UnMyVWoteFV1eUptNTNDWWswNnRpN2h6b29SM1VCaHBVWGc?oc=5,https://web.archive.org/web/*/https://news.google.com/rss/articles/CBMiogFBVV95cUxNYVlsRkpWM2JIcFFONzVORFlVUXR2OFljZnZJTmEzRzFKODRoTHp2cUJLZkE4TTBzRFpDaUt1NW5UcHoydkFVUDVpUFN4T1FPNWZveWpwYllYODdNQ1kxdUdDcjV6X2lTc1I2c2RlcXAwdmdYWnRPRDVWdDFvZ182UnMyVWoteFV1eUptNTNDWWswNnRpN2h6b29SM1VCaHBVWGc?oc=5,Metadata and source-provided excerpt retained,Full text is not republished unless reuse permission or an open licence is documented.
2629f477e86dc9a7,2026-09-01,2026-09-02T14:22:45Z,The Kathmandu Post,"Hundreds missing, billions in goods feared lost in Bhotekoshi flood - The Kathmandu Post","Hundreds missing, billions in goods feared lost in Bhotekoshi flood The Kathmandu Post",https://news.google.com/rss/articles/CBMisgFBVV95cUxONG4ydTd1WmtnbDg5d2ZydmxXak1TMkpfNkdwcUtwb0tzS2pHTG5IZElVeEFLSlVIdDhHZnQxMlNxejJCdk9ObFBpVE9ObDlHNmhMUl9PMlhJd3BGeWVBdnB3OURXR3hJZUNEd0FqMjduWGFzOTUtdmZrX2tERkp6SmtlTXAyUkxNc051MUcxYlI2LU92SU5pSUhBTTIyemluenB1bUNiYk5haHBwZFVmQ0FR?oc=5,https://web.archive.org/web/*/https://news.google.com/rss/articles/CBMisgFBVV95cUxONG4ydTd1WmtnbDg5d2ZydmxXak1TMkpfNkdwcUtwb0tzS2pHTG5IZElVeEFLSlVIdDhHZnQxMlNxejJCdk9ObFBpVE9ObDlHNmhMUl9PMlhJd3BGeWVBdnB3OURXR3hJZUNEd0FqMjduWGFzOTUtdmZrX2tERkp6SmtlTXAyUkxNc051MUcxYlI2LU92SU5pSUhBTTIyemluenB1bUNiYk5haHBwZFVmQ0FR?oc=5,Metadata and source-provided excerpt retained,Full text is not republished unless reuse permission or an open licence is documented.
e4ba81b069f28dee,2026-09-01,2026-09-02T14:22:45Z,Khabarhub,All-party meeting taking place to discuss Bhotekoshi flood - Khabarhub,All-party meeting taking place to discuss Bhotekoshi flood Khabarhub,https://news.google.com/rss/articles/CBMiWEFVX3lxTE1tTVFlVlBFS2RDd0hwb0dRV01fNGZJdnBqRUo2aTBfdkdXQXc5QjdTdEVuTzFXNHk3ZXE4ZXlfd0E4TWo1dDZORlNYZ251aC1laVZERFhzRXc?oc=5,https://web.archive.org/web/*/https://news.google.com/rss/articles/CBMiWEFVX3lxTE1tTVFlVlBFS2RDd0hwb0dRV01fNGZJdnBqRUo2aTBfdkdXQXc5QjdTdEVuTzFXNHk3ZXE4ZXlfd0E4TWo1dDZORlNYZ251aC1laVZERFhzRXc?oc=5,Metadata and source-provided excerpt retained,Full text is not republished unless reuse permission or an open licence is documented.
ab3a9c48c7ed2eab,2026-09-01,2026-09-02T14:22:45Z,Ekantipur,Bhotekoshi Flood: Another Major Blow to the Tourism Sector - Ekantipur,Bhotekoshi Flood: Another Major Blow to the Tourism Sector Ekantipur,https://news.google.com/rss/articles/CBMisAFBVV95cUxQUG1aOGpyamNSMUdmTXZveERSb3FxSGk5bHdqUExmQmtha05BTmtUTUlUTVUyT0oyR255cnZpSmVtTUFZOUJkaFptalNDa0V0RVVYUy1fQjZybUdJOE1qWW1xcXVLNktqOUczQkZFUXdidjlkTDRNN3NCblo3VlBCX3J5b0NVVEp3UGhuTHRlWHBrTUZodTRKa25JbW9rbDlkMlRKU2p0MlVlQ2hXbmFHaw?oc=5,https://web.archive.org/web/*/https://news.google.com/rss/articles/CBMisAFBVV95cUxQUG1aOGpyamNSMUdmTXZveERSb3FxSGk5bHdqUExmQmtha05BTmtUTUlUTVUyT0oyR255cnZpSmVtTUFZOUJkaFptalNDa0V0RVVYUy1fQjZybUdJOE1qWW1xcXVLNktqOUczQkZFUXdidjlkTDRNN3NCblo3VlBCX3J5b0NVVEp3UGhuTHRlWHBrTUZodTRKa25JbW9rbDlkMlRKU2p0MlVlQ2hXbmFHaw?oc=5,Metadata and source-provided excerpt retained,Full text is not republished unless reuse permission or an open licence is documented.
da43e9a4de51fad2,2026-08-31,2026-09-02T14:22:45Z,ReliefWeb,"UNICEF Nepal Humanitarian Situation Report No.1 (Rasuwa flood), 31 August 2026 - ReliefWeb","UNICEF Nepal Humanitarian Situation Report No.1 (Rasuwa flood), 31 August 2026 ReliefWeb",https://news.google.com/rss/articles/CBMirgFBVV95cUxNUWdDZkpmYUxyeTdXeEdmMnZwUEJpZ2xiVGhxNTdLd0k2aGliOGNmcmdva01mcm40MDZubnlrazZfVm5UMjJuX2NWZWlsbGhLRXg2NUFGVmVaS05PcjJNUnktZm1LaW9MTEFEamRyTkdUZVR2TmNSUURxZEw0RTFnaURRMDZ5Q1hOaEpLbXlFV1A0anJKaEljeEQ1RmlGNDVPNGliWTVQMFZoSWZzeUE?oc=5,https://web.archive.org/web/*/https://news.google.com/rss/articles/CBMirgFBVV95cUxNUWdDZkpmYUxyeTdXeEdmMnZwUEJpZ2xiVGhxNTdLd0k2aGliOGNmcmdva01mcm40MDZubnlrazZfVm5UMjJuX2NWZWlsbGhLRXg2NUFGVmVaS05PcjJNUnktZm1LaW9MTEFEamRyTkdUZVR2TmNSUURxZEw0RTFnaURRMDZ5Q1hOaEpLbXlFV1A0anJKaEljeEQ1RmlGNDVPNGliWTVQMFZoSWZzeUE?oc=5,Metadata and source-provided excerpt retained,Full text is not republished unless reuse permission or an open licence is documented.
8443491a8e4438bf,2026-08-31,2026-09-02T14:22:45Z,The Rising Nepal,Bhotekoshi flood victims recount harrowing tales of survival - The Rising Nepal,Bhotekoshi flood victims recount harrowing tales of survival The Rising Nepal,https://news.google.com/rss/articles/CBMiUEFVX3lxTE15MzFzV1RheFRCYmcyTTZhOWJldW5abGg3WXcxLXp5a2hOSG9ucjQ0QVhMRktyUWR6TU9Fc28tTG5Sd1djYWw2QjBNRS1CUUVN?oc=5,https://web.archive.org/web/*/https://news.google.com/rss/articles/CBMiUEFVX3lxTE15MzFzV1RheFRCYmcyTTZhOWJldW5abGg3WXcxLXp5a2hOSG9ucjQ0QVhMRktyUWR6TU9Fc28tTG5Sd1djYWw2QjBNRS1CUUVN?oc=5,Metadata and source-provided excerpt retained,Full text is not republished unless reuse permission or an open licence is documented.
28828c7aea0780ed,2026-08-31,2026-09-02T14:22:45Z,ReliefWeb,Nepal: Rasuwa Flood Flash Update #4 (As of 31 August 2026) - ReliefWeb,Nepal: Rasuwa Flood Flash Update #4 (As of 31 August 2026) ReliefWeb,https://news.google.com/rss/articles/CBMiiwFBVV95cUxPRnlFZzRHTmlPNktmbnhJRWo2QUpyTjd4NEt1YjNkTnhjSzNWeHhvRmlDRUxLOUhJYmNaNWxmWUhXdFhuOGZCaW9SSWZhREVpZW1xMWFzTmRTS1htbmh6ZjNQTFQ0T1VJQUhzSjdZbW9lNVMxcWdIaDdKel9OcnJuZ0xWYmNtUGNjSGtR?oc=5,https://web.archive.org/web/*/https://news.google.com/rss/articles/CBMiiwFBVV95cUxPRnlFZzRHTmlPNktmbnhJRWo2QUpyTjd4NEt1YjNkTnhjSzNWeHhvRmlDRUxLOUhJYmNaNWxmWUhXdFhuOGZCaW9SSWZhREVpZW1xMWFzTmRTS1htbmh6ZjNQTFQ0T1VJQUhzSjdZbW9lNVMxcWdIaDdKel9OcnJuZ0xWYmNtUGNjSGtR?oc=5,Metadata and source-provided excerpt retained,Full text is not republished unless reuse permission or an open licence is documented.
7271fe3f014245f1,2026-08-31,2026-09-02T16:32:47Z,The Annapurna Express,Bhotekoshi flood: DNA testing process begins to identify bodies - The Annapurna Express,Bhotekoshi flood: DNA testing process begins to identify bodies The Annapurna Express,https://news.google.com/rss/articles/CBMiV0FVX3lxTE40bEFzQlp6clI5ckxvLTVsLWk5VlpNZ1RFbFRJcjZkeVhwQzJpVjZVOTdMN0NnX0RtMDNFdGh6RWZEc1pXRE43NTRHbzM0cVYybkk0VDJ2VQ?oc=5,https://web.archive.org/web/*/https://news.google.com/rss/articles/CBMiV0FVX3lxTE40bEFzQlp6clI5ckxvLTVsLWk5VlpNZ1RFbFRJcjZkeVhwQzJpVjZVOTdMN0NnX0RtMDNFdGh6RWZEc1pXRE43NTRHbzM0cVYybkk0VDJ2VQ?oc=5,Metadata and source-provided excerpt retained,Full text is not republished unless reuse permission or an open licence is documented.
ab41a952eee9df20,2026-08-31,2026-09-02T14:22:45Z,The Kathmandu Post,RSP chair Lamichhane briefs President Paudel on Bhotekoshi flood response - The Kathmandu Post,RSP chair Lamichhane briefs President Paudel on Bhotekoshi flood response The Kathmandu Post,https://news.google.com/rss/articles/CBMiuwFBVV95cUxOeUUtN3dTR2VxVjF6YVpUWlZnVFJBNG5QUTFFdTN1WFgwMmg2bnFyOHRiczNrWlhRdUd3S2ZfMDkzclA0MWZWV3dOOVRZaXZRSVE3elQyejdTQTVCWnA1QnN0SVRmc093MnMzbEJxbE9hc0F6SVFGY2ZfSVBsTzNpV1pER2s0c2NZX0R4bVhxZWVTbkxNRzVXc3VLY2lnVUt1Z3hic2ZLLTI1V2ZvXzBpWDNYQVZDUGlJTWx3?oc=5,https://web.archive.org/web/*/https://news.google.com/rss/articles/CBMiuwFBVV95cUxOeUUtN3dTR2VxVjF6YVpUWlZnVFJBNG5QUTFFdTN1WFgwMmg2bnFyOHRiczNrWlhRdUd3S2ZfMDkzclA0MWZWV3dOOVRZaXZRSVE3elQyejdTQTVCWnA1QnN0SVRmc093MnMzbEJxbE9hc0F6SVFGY2ZfSVBsTzNpV1pER2s0c2NZX0R4bVhxZWVTbkxNRzVXc3VLY2lnVUt1Z3hic2ZLLTI1V2ZvXzBpWDNYQVZDUGlJTWx3?oc=5,Metadata and source-provided excerpt retained,Full text is not republished unless reuse permission or an open licence is documented.
771cf7d139729ca2,2026-08-31,2026-09-02T14:22:45Z,"South Asia Network on Dams, Rivers and People","DRP 310826: Nepal’s Rasuwa flood disaster: Is there a limit to Human Folly? - South Asia Network on Dams, Rivers and People","DRP 310826: Nepal’s Rasuwa flood disaster: Is there a limit to Human Folly? South Asia Network on Dams, Rivers and People",https://news.google.com/rss/articles/CBMiowFBVV95cUxPcmxMdWc1aGFYeWlwQ3d1dkQ3SXljVWYtc3RpNi1TQ1BCZnJyam01VVdLWFpXcGJmN1d0TFBIVGs1V2J5dHBUUnFDQmVtYjcxV1djMzhXSlBFUUZXZDliMDdBOWZVQzd6aUtQeHFvVGxyMkZQNTBiVXllVXU5UEdrVi1aQVZPX1NNdjVxRFg2d1B2SmZrN25TTXptWDBBR1lsYnEw?oc=5,https://web.archive.org/web/*/https://news.google.com/rss/articles/CBMiowFBVV95cUxPcmxMdWc1aGFYeWlwQ3d1dkQ3SXljVWYtc3RpNi1TQ1BCZnJyam01VVdLWFpXcGJmN1d0TFBIVGs1V2J5dHBUUnFDQmVtYjcxV1djMzhXSlBFUUZXZDliMDdBOWZVQzd6aUtQeHFvVGxyMkZQNTBiVXllVXU5UEdrVi1aQVZPX1NNdjVxRFg2d1B2SmZrN25TTXptWDBBR1lsYnEw?oc=5,Metadata and source-provided excerpt retained,Full text is not republished unless reuse permission or an open licence is documented.
f115df00afa479a1,2026-08-31,2026-09-02T14:22:45Z,Ratopati,Government Collecting Data on Foreign Nationals Affected by Rasuwa Flood - Ratopati,Government Collecting Data on Foreign Nationals Affected by Rasuwa Flood Ratopati,https://news.google.com/rss/articles/CBMi1gFBVV95cUxOY0pIVzNySnJoVnd4WVJzNE51ZDlVWU93YU5ZeEFNbkhEblJkT0lueF8zSTY2TEtTYk1JaERaTl9VWTctRTBtZk5pLTNKWENaMDlSWFpMdEFtVmZ6eVEza0p1Y19QMXVfZkU0ODVOSmFIZm1TV0UtUGtuTlRMUzE3RGlyUGF1a3VaVkZJb0Z4UmFyN0YtN1ZaZDJuVnR4cUNSTXp4YnBOS0VYN0JqZ0k1Mm8wTzNYU0NyUUJnODJvLXpZazlydFNPMVpnamRsMFRFZmxFM1hR?oc=5,https://web.archive.org/web/*/https://news.google.com/rss/articles/CBMi1gFBVV95cUxOY0pIVzNySnJoVnd4WVJzNE51ZDlVWU93YU5ZeEFNbkhEblJkT0lueF8zSTY2TEtTYk1JaERaTl9VWTctRTBtZk5pLTNKWENaMDlSWFpMdEFtVmZ6eVEza0p1Y19QMXVfZkU0ODVOSmFIZm1TV0UtUGtuTlRMUzE3RGlyUGF1a3VaVkZJb0Z4UmFyN0YtN1ZaZDJuVnR4cUNSTXp4YnBOS0VYN0JqZ0k1Mm8wTzNYU0NyUUJnODJvLXpZazlydFNPMVpnamRsMFRFZmxFM1hR?oc=5,Metadata and source-provided excerpt retained,Full text is not republished unless reuse permission or an open licence is documented.
dcc0162e96049cf8,2026-08-31,2026-09-02T14:22:45Z,Khabarhub,Bhotekoshi flood: 33 injured discharged from National Trauma Center - Khabarhub,Bhotekoshi flood: 33 injured discharged from National Trauma Center Khabarhub,https://news.google.com/rss/articles/CBMiWEFVX3lxTE8zVUlDbGRVRHZyYWNuSm9hU2dsRmRSV0dDcHlaVzcwMzhQdWYyclBEQ21CYXpoWTVWV2JjSmVIemtSYi1Ya0N0alh3Y1hTdi1ETnlFaVYzbUg?oc=5,https://web.archive.org/web/*/https://news.google.com/rss/articles/CBMiWEFVX3lxTE8zVUlDbGRVRHZyYWNuSm9hU2dsRmRSV0dDcHlaVzcwMzhQdWYyclBEQ21CYXpoWTVWV2JjSmVIemtSYi1Ya0N0alh3Y1hTdi1ETnlFaVYzbUg?oc=5,Metadata and source-provided excerpt retained,Full text is not republished unless reuse permission or an open licence is documented.
a562c570c4dd4259,2026-08-31,2026-09-02T14:22:45Z,Ekantipur,Sikkim Sends Relief to Bhote Koshi Flood Victims - Ekantipur,Sikkim Sends Relief to Bhote Koshi Flood Victims Ekantipur,https://news.google.com/rss/articles/CBMioAFBVV95cUxOclhBUEZGbWk5d0hTUkEtX2U2YXVsRkFTbWEwalVjemFkQUhNM2JDcFJOVXNKQ2tzOVVvcVlhWHBHRm9OMW93MS1RcnI0Wnk4T3B1V0tNYjlRS1RSSHhJMGtjYThuQmRiNTZtRWQ2OTFPV2FwWF83cmhwQTVNdlRjNmtISVZteFRCdEJQeUtVaVd1Yjlmc2lqMkttU0I1Rmtu?oc=5,https://web.archive.org/web/*/https://news.google.com/rss/articles/CBMioAFBVV95cUxOclhBUEZGbWk5d0hTUkEtX2U2YXVsRkFTbWEwalVjemFkQUhNM2JDcFJOVXNKQ2tzOVVvcVlhWHBHRm9OMW93MS1RcnI0Wnk4T3B1V0tNYjlRS1RSSHhJMGtjYThuQmRiNTZtRWQ2OTFPV2FwWF83cmhwQTVNdlRjNmtISVZteFRCdEJQeUtVaVd1Yjlmc2lqMkttU0I1Rmtu?oc=5,Metadata and source-provided excerpt retained,Full text is not republished unless reuse permission or an open licence is documented.
b84722258ba34fc5,2026-08-31,2026-09-02T14:22:45Z,myRepublica,Bhotekoshi Flood: Search and rescue intensifies in hydropower tunnels - myRepublica,Bhotekoshi Flood: Search and rescue intensifies in hydropower tunnels myRepublica,https://news.google.com/rss/articles/CBMiwAFBVV95cUxPUlA2WDR5RTgyMmQ0SzFXUl91YkNUTDdnWEF2VGFJX012cEg3aEtzTEYwN1E3NmFheUIzZEFpYy1iMGN6MVQtSU1LaW1PREc0RU9DS2NhQl9fUXIxRnctbmRKcXk1b0ZtUDRCNTRzMG13cGdaQTJIVG05ZnpfYkdZOTdiYzhmWk8xU0owcnFqVmFEcHJZSmRWcHQtZE9wWXRZbUF4NGh1WDFXYjRnYmIwbndvenVLcFJxWGdPT2JoZHo?oc=5,https://web.archive.org/web/*/https://news.google.com/rss/articles/CBMiwAFBVV95cUxPUlA2WDR5RTgyMmQ0SzFXUl91YkNUTDdnWEF2VGFJX012cEg3aEtzTEYwN1E3NmFheUIzZEFpYy1iMGN6MVQtSU1LaW1PREc0RU9DS2NhQl9fUXIxRnctbmRKcXk1b0ZtUDRCNTRzMG13cGdaQTJIVG05ZnpfYkdZOTdiYzhmWk8xU0owcnFqVmFEcHJZSmRWcHQtZE9wWXRZbUF4NGh1WDFXYjRnYmIwbndvenVLcFJxWGdPT2JoZHo?oc=5,Metadata and source-provided excerpt retained,Full text is not republished unless reuse permission or an open licence is documented.
ae3cae14e41dcce2,2026-08-31,2026-09-02T14:22:45Z,The Annapurna Express,Bhotekoshi flood: PM Shah seeks updates from security chiefs - The Annapurna Express,Bhotekoshi flood: PM Shah seeks updates from security chiefs The Annapurna Express,https://news.google.com/rss/articles/CBMiV0FVX3lxTFB5MlhVRllNU3gxMm1zNDBtX3pGTlRxUFg5cHQtMGlDMElBQjFPclR6N0RrNmw5ZlRzUWlLZzFhaUtneWVIU29rMFdWcFRKRGh5QWNjdXJ6UQ?oc=5,https://web.archive.org/web/*/https://news.google.com/rss/articles/CBMiV0FVX3lxTFB5MlhVRllNU3gxMm1zNDBtX3pGTlRxUFg5cHQtMGlDMElBQjFPclR6N0RrNmw5ZlRzUWlLZzFhaUtneWVIU29rMFdWcFRKRGh5QWNjdXJ6UQ?oc=5,Metadata and source-provided excerpt retained,Full text is not republished unless reuse permission or an open licence is documented.
1bfd09c72eb9f9af,2026-08-31,2026-09-02T14:22:45Z,Ekantipur,"Bhote Koshi Flood: Two Families Claim the Same Body, Decision to Be Made Through DNA Testing - Ekantipur","Bhote Koshi Flood: Two Families Claim the Same Body, Decision to Be Made Through DNA Testing Ekantipur",https://news.google.com/rss/articles/CBMiyAFBVV95cUxPR1ZWUFlVa1ZMbnNPYXlmUjdPZVV0Q2NBcnNVYXF6ZGxsT0JvcGV2RmRPSzYyTldLdWlWN01FaDlBaUdwMTRYVFBObU1iYThzbmJVa3IyMnVEUVdqVko5dGNTSE1nS001Y2FWQlV2YnZ4OW5uTXBnX3pVZU5fY3NCdkJmSF8wXzFlU3lBZlg5Y21EeXBPM19LZ0VnenQxeEJ4bVB3RFpJRGw3UTdjYmtNWE9kZDlMeVpGU0w1NkFZRldTOXF6RXY0aw?oc=5,https://web.archive.org/web/*/https://news.google.com/rss/articles/CBMiyAFBVV95cUxPR1ZWUFlVa1ZMbnNPYXlmUjdPZVV0Q2NBcnNVYXF6ZGxsT0JvcGV2RmRPSzYyTldLdWlWN01FaDlBaUdwMTRYVFBObU1iYThzbmJVa3IyMnVEUVdqVko5dGNTSE1nS001Y2FWQlV2YnZ4OW5uTXBnX3pVZU5fY3NCdkJmSF8wXzFlU3lBZlg5Y21EeXBPM19LZ0VnenQxeEJ4bVB3RFpJRGw3UTdjYmtNWE9kZDlMeVpGU0w1NkFZRldTOXF6RXY0aw?oc=5,Metadata and source-provided excerpt retained,Full text is not republished unless reuse permission or an open licence is documented.
c509385a3e4b8950,2026-08-31,2026-09-02T14:22:45Z,Ekantipur,"After the Bhotekoshi flood, Shyam Sundar searches the affected areas for his missing brother - Ekantipur","After the Bhotekoshi flood, Shyam Sundar searches the affected areas for his missing brother Ekantipur",https://news.google.com/rss/articles/CBMi4AFBVV95cUxOYkFUMzA1OG9hczNFVGhFZUpvOHNHemNwSHFDU3JIMWdRcFpjRW5FWWVYMG1SeXZQSHZRWkpxbkJkV25oM3lxdVhTcWJUd3RtcVY5MlFnbWF3R0NGdlI3b2JjOWNpYW5DMGhxSk1mVy0yOE9wZnRLVV9xZFdvRFl5bUZ0ekxFNV9kQ3hZcG5VejZxYnAyWkRvc290eEsxSmZTRHU3RjhaQmNXVVBBS3BmWHdDdFdZMW5LOHJ3WXFydVBfbXlQOXVTdEtpb3h0ZVNXVTZ0S1RUcF9UNlFkTFREUQ?oc=5,https://web.archive.org/web/*/https://news.google.com/rss/articles/CBMi4AFBVV95cUxOYkFUMzA1OG9hczNFVGhFZUpvOHNHemNwSHFDU3JIMWdRcFpjRW5FWWVYMG1SeXZQSHZRWkpxbkJkV25oM3lxdVhTcWJUd3RtcVY5MlFnbWF3R0NGdlI3b2JjOWNpYW5DMGhxSk1mVy0yOE9wZnRLVV9xZFdvRFl5bUZ0ekxFNV9kQ3hZcG5VejZxYnAyWkRvc290eEsxSmZTRHU3RjhaQmNXVVBBS3BmWHdDdFdZMW5LOHJ3WXFydVBfbXlQOXVTdEtpb3h0ZVNXVTZ0S1RUcF9UNlFkTFREUQ?oc=5,Metadata and source-provided excerpt retained,Full text is not republished unless reuse permission or an open licence is documented.
dc5f91aaf3c6a3a5,2026-08-31,2026-09-02T14:22:45Z,Ratopati,Nepali Youth in Dallas Establish Rs 3 Crore Fund for Rasuwa Flood Victims - Ratopati,Nepali Youth in Dallas Establish Rs 3 Crore Fund for Rasuwa Flood Victims Ratopati,https://news.google.com/rss/articles/CBMi3AFBVV95cUxNakZabUI3VkZMSVdCZVFocXlfTjNnM3JnRUFzOTViYURNTks4WDNCbDBfbVVndkp5b3NvTk1XSHF3MGZqUkdWRXhXdlVnal95XzFacTJzbW9uRVZFUjJfV2JsRzNHRG8zRTYtWDlRX0tGaGNHdFNfby1pRHNlV2VoTkZZZDlmRFdSb0tNLVcwRlc0aUNVanVmSU1aS2FaWTFzMUM3cjF6S1F0eThhUloxaGJ0VVpBMDFIMlVfSTVSSG13Q1VNd2lqU3NIdEJJOF9qNUdDcGZBc1VUVkQt?oc=5,https://web.archive.org/web/*/https://news.google.com/rss/articles/CBMi3AFBVV95cUxNakZabUI3VkZMSVdCZVFocXlfTjNnM3JnRUFzOTViYURNTks4WDNCbDBfbVVndkp5b3NvTk1XSHF3MGZqUkdWRXhXdlVnal95XzFacTJzbW9uRVZFUjJfV2JsRzNHRG8zRTYtWDlRX0tGaGNHdFNfby1pRHNlV2VoTkZZZDlmRFdSb0tNLVcwRlc0aUNVanVmSU1aS2FaWTFzMUM3cjF6S1F0eThhUloxaGJ0VVpBMDFIMlVfSTVSSG13Q1VNd2lqU3NIdEJJOF9qNUdDcGZBc1VUVkQt?oc=5,Metadata and source-provided excerpt retained,Full text is not republished unless reuse permission or an open licence is documented.
26b1d75a7f68f951,2026-08-31,2026-09-02T14:22:45Z,myRepublica,"US, Australia pledge additional aid for Bhotekoshi Flood victims - myRepublica","US, Australia pledge additional aid for Bhotekoshi Flood victims myRepublica",https://news.google.com/rss/articles/CBMiugFBVV95cUxPYWxNVmhURDVsby1TQVBwRHpmTjlnQVFIYTV3Z0UyTkpQMGdxM2JtRC1ZZnIzYWZONFo4cUdqdWJFY3JiWEhSRUNDcVkxbGJOY1BjQy1oSUlmNlZveUc4QUgyR0hpaFVBdXN5dHlKQVNia0U3YVEwcmR6aG4zWDRhcHQ1LUcwbWhIdWhnaWZaaVZEVW50amRDQ1Zha01LTFpMQ1pxcDFXS050SjlXNEhxaXo0Nm9uUUFjaUE?oc=5,https://web.archive.org/web/*/https://news.google.com/rss/articles/CBMiugFBVV95cUxPYWxNVmhURDVsby1TQVBwRHpmTjlnQVFIYTV3Z0UyTkpQMGdxM2JtRC1ZZnIzYWZONFo4cUdqdWJFY3JiWEhSRUNDcVkxbGJOY1BjQy1oSUlmNlZveUc4QUgyR0hpaFVBdXN5dHlKQVNia0U3YVEwcmR6aG4zWDRhcHQ1LUcwbWhIdWhnaWZaaVZEVW50amRDQ1Zha01LTFpMQ1pxcDFXS050SjlXNEhxaXo0Nm9uUUFjaUE?oc=5,Metadata and source-provided excerpt retained,Full text is not republished unless reuse permission or an open licence is documented.
276c148814cb9f8e,2026-08-31,2026-09-02T14:22:45Z,The Rising Nepal,Bhotekoshi flood highlights Himalayan glacier threat - The Rising Nepal,Bhotekoshi flood highlights Himalayan glacier threat The Rising Nepal,https://news.google.com/rss/articles/CBMiUEFVX3lxTE9RWWRPRGE2VmNVSHNfdEdteXgybjVjMjZXTktpZGUtZ3dVOGdQNVEtbW56WTh5UWZPTXJNYmg1Y2RfN3duRlpiZjBucGVtUm9Q?oc=5,https://web.archive.org/web/*/https://news.google.com/rss/articles/CBMiUEFVX3lxTE9RWWRPRGE2VmNVSHNfdEdteXgybjVjMjZXTktpZGUtZ3dVOGdQNVEtbW56WTh5UWZPTXJNYmg1Y2RfN3duRlpiZjBucGVtUm9Q?oc=5,Metadata and source-provided excerpt retained,Full text is not republished unless reuse permission or an open licence is documented.
4faf49872e3ccccb,2026-08-31,2026-09-02T14:22:45Z,The Tourism Times,NTB to set up information desk to coordinate missing tourists in Bhotekoshi flood - The Tourism Times,NTB to set up information desk to coordinate missing tourists in Bhotekoshi flood The Tourism Times,https://news.google.com/rss/articles/CBMiyAFBVV95cUxQRzJoSk9tMi1wNzFWdGVoUXpwYVJ3R3NIblFpVXVsQXRGME1aMHVUU2hPRkVJYXFoTEllSGxmamhKZlIzOVM1ZGdFY0lPY3RvYXdvTEd2RnZCQVN2am5teGI3NXIza3RobEZhZTNyNkVxVC04dkdJZjc3Y2stMFFJWm1vVG54ZXpRUEpJSHFUOUV2UVJPN2tiS1JkZ2IxYWZveEJMXzNiaG5MY3M3d0Z5d3dWa2NFak1zTm9kWGo2VkZFc2E5cmttRA?oc=5,https://web.archive.org/web/*/https://news.google.com/rss/articles/CBMiyAFBVV95cUxQRzJoSk9tMi1wNzFWdGVoUXpwYVJ3R3NIblFpVXVsQXRGME1aMHVUU2hPRkVJYXFoTEllSGxmamhKZlIzOVM1ZGdFY0lPY3RvYXdvTEd2RnZCQVN2am5teGI3NXIza3RobEZhZTNyNkVxVC04dkdJZjc3Y2stMFFJWm1vVG54ZXpRUEpJSHFUOUV2UVJPN2tiS1JkZ2IxYWZveEJMXzNiaG5MY3M3d0Z5d3dWa2NFak1zTm9kWGo2VkZFc2E5cmttRA?oc=5,Metadata and source-provided excerpt retained,Full text is not republished unless reuse permission or an open licence is documented.
a0e06aa672cbb81b,2026-08-31,2026-09-02T14:22:45Z,myRepublica,Bhotekoshi Flood: 94 bodies brought to TU Teaching Hospital - myRepublica,Bhotekoshi Flood: 94 bodies brought to TU Teaching Hospital myRepublica,https://news.google.com/rss/articles/CBMiswFBVV95cUxNd3QtQ3NJY0lvUmg0RER0ckhFYUVRUWNBUERBVnl5Yk9VRU9PR0VWMkNVdFZpYVI1cU9GYmQxU2sxVllWeEVfRnRzMkxOYUtTMHVlLTNfQnI4NVEzUF9xYmh1MTc2RjRvWG9XLW9sV29HME5LNkNZdjdhcGd0cjV1dXh5SWJXUlZ6MFZXQ3lqZm9naUpKaW5zQWJSWWhFVmIzdTV4UE05YzUza2NFX19lOHdDTQ?oc=5,https://web.archive.org/web/*/https://news.google.com/rss/articles/CBMiswFBVV95cUxNd3QtQ3NJY0lvUmg0RER0ckhFYUVRUWNBUERBVnl5Yk9VRU9PR0VWMkNVdFZpYVI1cU9GYmQxU2sxVllWeEVfRnRzMkxOYUtTMHVlLTNfQnI4NVEzUF9xYmh1MTc2RjRvWG9XLW9sV29HME5LNkNZdjdhcGd0cjV1dXh5SWJXUlZ6MFZXQ3lqZm9naUpKaW5zQWJSWWhFVmIzdTV4UE05YzUza2NFX19lOHdDTQ?oc=5,Metadata and source-provided excerpt retained,Full text is not republished unless reuse permission or an open licence is documented.
a23f33f5744b1b7a,2026-08-31,2026-09-02T16:32:47Z,The Himalayan Times,"More than 10,000 rescued as Rasuwa flood toll reaches 903 - The Himalayan Times","More than 10,000 rescued as Rasuwa flood toll reaches 903 The Himalayan Times",https://news.google.com/rss/articles/CBMiXEFVX3lxTE5hUlVGSEo5bndfUFpobWRfSnkwOFVibHVuTWtpWmZ2dWVlVGxWQzNJYlEzZWtwM1Q0M0F5ZVhTSVpCbENzU3R6OHpkdVBTMXplM0RBSXh2NHc1TjRf0gFcQVVfeXFMTmFSVUZISjlud19QWmhtZF9KeTA4VWJsdW5Na2laZnZ1ZWVUbFZDM0liUTNla3AzVDQzQXllWFNJWkJsQ3NTdHo4emR1UFMxemUzREFJeHY0dzVONF8?oc=5,https://web.archive.org/web/*/https://news.google.com/rss/articles/CBMiXEFVX3lxTE5hUlVGSEo5bndfUFpobWRfSnkwOFVibHVuTWtpWmZ2dWVlVGxWQzNJYlEzZWtwM1Q0M0F5ZVhTSVpCbENzU3R6OHpkdVBTMXplM0RBSXh2NHc1TjRf0gFcQVVfeXFMTmFSVUZISjlud19QWmhtZF9KeTA4VWJsdW5Na2laZnZ1ZWVUbFZDM0liUTNla3AzVDQzQXllWFNJWkJsQ3NTdHo4emR1UFMxemUzREFJeHY0dzVONF8?oc=5,Metadata and source-provided excerpt retained,Full text is not republished unless reuse permission or an open licence is documented.
f64840cfecf9e16b,2026-08-31,2026-09-02T14:22:45Z,Khabarhub,"Bhotekoshi flood: 3,029 rescued, over 1,500 reported missing - Khabarhub","Bhotekoshi flood: 3,029 rescued, over 1,500 reported missing Khabarhub",https://news.google.com/rss/articles/CBMiWEFVX3lxTE56VE9LYTlwTC1TSjgxM082VFdsZXZaX0cxd3ZsVVBfbE5rUXR0REtpOVhvbUd1aFR4X1ZacG9lREtzMjA1LVc4T2xDWndkRnNvZDVqQ09kblA?oc=5,https://web.archive.org/web/*/https://news.google.com/rss/articles/CBMiWEFVX3lxTE56VE9LYTlwTC1TSjgxM082VFdsZXZaX0cxd3ZsVVBfbE5rUXR0REtpOVhvbUd1aFR4X1ZacG9lREtzMjA1LVc4T2xDWndkRnNvZDVqQ09kblA?oc=5,Metadata and source-provided excerpt retained,Full text is not republished unless reuse permission or an open licence is documented.
ee3cc64afb1f7766,2026-08-31,2026-09-02T14:22:45Z,Khabarhub,Rasuwa flood: NTB to set up information desk to provide updates on tourists - Khabarhub,Rasuwa flood: NTB to set up information desk to provide updates on tourists Khabarhub,https://news.google.com/rss/articles/CBMiWEFVX3lxTE1Ed3hncFpIblp5RHJJcXRYbGJuTjVoR1VvN1VmUWMtMUlWMzF6UXI1TDc4ZDdqQmlGeVpvOHRIOFJKZjNYMkhmMUtKZzB6SW5rN1YwdGpEM1Q?oc=5,https://web.archive.org/web/*/https://news.google.com/rss/articles/CBMiWEFVX3lxTE1Ed3hncFpIblp5RHJJcXRYbGJuTjVoR1VvN1VmUWMtMUlWMzF6UXI1TDc4ZDdqQmlGeVpvOHRIOFJKZjNYMkhmMUtKZzB6SW5rN1YwdGpEM1Q?oc=5,Metadata and source-provided excerpt retained,Full text is not republished unless reuse permission or an open licence is documented.
77519e258d50973a,2026-08-30,2026-09-02T14:22:45Z,myRepublica,"World Bank, China, and others provide assistance after Bhotekoshi flood, 4.5 billion in relief fund - myRepublica","World Bank, China, and others provide assistance after Bhotekoshi flood, 4.5 billion in relief fund myRepublica",https://news.google.com/rss/articles/CBMiygFBVV95cUxPcnAwVVZ3cDNxTlg2UldXZThhUUxoLTRjSnBZcEdNUHBxM1hmeE5uLV9vd1dfVnhQcGZYMzhNem11V3lVRVE3TFpjSzRSZ2hGcGlyNVZjSEhmNFI0V0JhMWpNX0NaZkVDaGVBNm9PV1F3ZExQbzFZSHoyX3VFWlFxZXN6amwydWd0THdZRExaaGg1X1ZOM3JuTDZMeXZWcGZZaDE4aXNrazVBSjdrMFJaVktlNVNkRDJDQnBKYnhCSkN1V1ZjZEczWjJ3?oc=5,https://web.archive.org/web/*/https://news.google.com/rss/articles/CBMiygFBVV95cUxPcnAwVVZ3cDNxTlg2UldXZThhUUxoLTRjSnBZcEdNUHBxM1hmeE5uLV9vd1dfVnhQcGZYMzhNem11V3lVRVE3TFpjSzRSZ2hGcGlyNVZjSEhmNFI0V0JhMWpNX0NaZkVDaGVBNm9PV1F3ZExQbzFZSHoyX3VFWlFxZXN6amwydWd0THdZRExaaGg1X1ZOM3JuTDZMeXZWcGZZaDE4aXNrazVBSjdrMFJaVktlNVNkRDJDQnBKYnhCSkN1V1ZjZEczWjJ3?oc=5,Metadata and source-provided excerpt retained,Full text is not republished unless reuse permission or an open licence is documented.
fa3fd8aef9702438,2026-08-30,2026-09-02T14:22:45Z,Deshsanchar,Rabi Lamichhane urges RSP to intensify Bhotekoshi flood relief efforts - Deshsanchar,Rabi Lamichhane urges RSP to intensify Bhotekoshi flood relief efforts Deshsanchar,https://news.google.com/rss/articles/CBMipgFBVV95cUxQaHZ5Wi1Mb0I3VkNrM3BaNkh3VFZFZWhCVmkyLWFYSFV2a1pLdjNyeDRTa05NSWZtWWdDNURmMExldmRRYzhtVkxtN3JSVlM4Y2ppODlnTUFZWkdUeHN0Y3cwRDdqNnk2OUlhX3ZIZ0J1NDZpVDZTMnRUWWE1TWxxTUZaZ0NGazI1TjVodVJZN21SMlVnQWtELU0xVnVoY0NtMnRhNzJ3?oc=5,https://web.archive.org/web/*/https://news.google.com/rss/articles/CBMipgFBVV95cUxQaHZ5Wi1Mb0I3VkNrM3BaNkh3VFZFZWhCVmkyLWFYSFV2a1pLdjNyeDRTa05NSWZtWWdDNURmMExldmRRYzhtVkxtN3JSVlM4Y2ppODlnTUFZWkdUeHN0Y3cwRDdqNnk2OUlhX3ZIZ0J1NDZpVDZTMnRUWWE1TWxxTUZaZ0NGazI1TjVodVJZN21SMlVnQWtELU0xVnVoY0NtMnRhNzJ3?oc=5,Metadata and source-provided excerpt retained,Full text is not republished unless reuse permission or an open licence is documented.
f50a0520d554a6eb,2026-08-30,2026-09-02T14:22:45Z,The Rising Nepal,Bhotekoshi Flood: Death toll climbs to 768 - The Rising Nepal,Bhotekoshi Flood: Death toll climbs to 768 The Rising Nepal,https://news.google.com/rss/articles/CBMiUEFVX3lxTE9NYTZpYjZrbTROeWJxRmZ4WVdCV0hzOERTMnJZMWpIdDUyOXJTVG1rRVlvV3NvckhCaXVwbWZvZ28wUVhTdU1ReDBVWDVjOXhi?oc=5,https://web.archive.org/web/*/https://news.google.com/rss/articles/CBMiUEFVX3lxTE9NYTZpYjZrbTROeWJxRmZ4WVdCV0hzOERTMnJZMWpIdDUyOXJTVG1rRVlvV3NvckhCaXVwbWZvZ28wUVhTdU1ReDBVWDVjOXhi?oc=5,Metadata and source-provided excerpt retained,Full text is not republished unless reuse permission or an open licence is documented.
fb168b069ca7f6ca,2026-08-30,2026-09-02T14:22:45Z,The Rising Nepal,Three of 13 Baitadi locals missing after Bhotekoshi flood rescued safely - The Rising Nepal,Three of 13 Baitadi locals missing after Bhotekoshi flood rescued safely The Rising Nepal,https://news.google.com/rss/articles/CBMiUEFVX3lxTE93MmZuX3JBcnlvWW0yZFVCTmJ0WmpqUzdTb0NvdklSMzBfWEdYNGxraWZUemY4WFJ5ZjhBZ0pOSkF3U2RaVkxDSW5hbFhyaWxm?oc=5,https://web.archive.org/web/*/https://news.google.com/rss/articles/CBMiUEFVX3lxTE93MmZuX3JBcnlvWW0yZFVCTmJ0WmpqUzdTb0NvdklSMzBfWEdYNGxraWZUemY4WFJ5ZjhBZ0pOSkF3U2RaVkxDSW5hbFhyaWxm?oc=5,Metadata and source-provided excerpt retained,Full text is not republished unless reuse permission or an open licence is documented.
a503fa1c30051bb9,2026-08-30,2026-09-02T14:22:45Z,Gulf Today,Nepal issues fresh flood warning as Bhote Koshi river's water level rises - Gulf Today,Nepal issues fresh flood warning as Bhote Koshi river's water level rises Gulf Today,https://news.google.com/rss/articles/CBMiswFBVV95cUxORURQLUJIa2Z6WThDVThMS0VGalJlNk9idmY1WU1LU3pSYmUyejdSZ01ab1hFcE5udDc0dm95ekttVlBOMGRoeUFhZ1Fhcm5jLUVjcWJwNVdJRW5BVkplRjFLVzNpaHFDZkdJWEpmbWdNTXN5bDl2eV9FZDFDNlVacU84ZUFCcXdKYnZ5VVVHa1dXZzdMNTVyUU42ckk3aW9qWmVFTzdseGF4MFBvZ0xpWjJDbw?oc=5,https://web.archive.org/web/*/https://news.google.com/rss/articles/CBMiswFBVV95cUxORURQLUJIa2Z6WThDVThMS0VGalJlNk9idmY1WU1LU3pSYmUyejdSZ01ab1hFcE5udDc0dm95ekttVlBOMGRoeUFhZ1Fhcm5jLUVjcWJwNVdJRW5BVkplRjFLVzNpaHFDZkdJWEpmbWdNTXN5bDl2eV9FZDFDNlVacU84ZUFCcXdKYnZ5VVVHa1dXZzdMNTVyUU42ckk3aW9qWmVFTzdseGF4MFBvZ0xpWjJDbw?oc=5,Metadata and source-provided excerpt retained,Full text is not republished unless reuse permission or an open licence is documented.
426ad94f1d4b4a86,2026-08-30,2026-09-02T14:22:45Z,The Himalayan Times,NAIMA to contribute Rs 5 million to Rasuwa flood relief fund - The Himalayan Times,NAIMA to contribute Rs 5 million to Rasuwa flood relief fund The Himalayan Times,https://news.google.com/rss/articles/CBMioAFBVV95cUxOVmNRZTBna0U1VTJXNnBfdFpZYVZhMVpyREt1eUxpbkFDNkRxX254cnU1MnVTcXF5MFVVUHFkUTJKc3JRWjJvLTI5cTdkSHc1T2djZlIyS0FaWlhzYWJlYnp6Y0tNYXk4SE4xTEdIdFliaDZrOEo0MnVsMkVoRExwRV9BR3l0ZEhWQnI0d1ZXSVhDUXZkZDdfNEJBVk44TG500gFcQVVfeXFMT3loV3RLY3hFbEtidUxDcVVaZFhfUEJQY1FBeWlxcHhKRUcwLVBJSWhLc3E0YjNMVmFXZ2JBWjB2RVFEbFFNMDg1S3VSUkEyZnZZM1NWQzFfSkZ2TFM?oc=5,https://web.archive.org/web/*/https://news.google.com/rss/articles/CBMioAFBVV95cUxOVmNRZTBna0U1VTJXNnBfdFpZYVZhMVpyREt1eUxpbkFDNkRxX254cnU1MnVTcXF5MFVVUHFkUTJKc3JRWjJvLTI5cTdkSHc1T2djZlIyS0FaWlhzYWJlYnp6Y0tNYXk4SE4xTEdIdFliaDZrOEo0MnVsMkVoRExwRV9BR3l0ZEhWQnI0d1ZXSVhDUXZkZDdfNEJBVk44TG500gFcQVVfeXFMT3loV3RLY3hFbEtidUxDcVVaZFhfUEJQY1FBeWlxcHhKRUcwLVBJSWhLc3E0YjNMVmFXZ2JBWjB2RVFEbFFNMDg1S3VSUkEyZnZZM1NWQzFfSkZ2TFM?oc=5,Metadata and source-provided excerpt retained,Full text is not republished unless reuse permission or an open licence is documented.
f60e7bc3607c55a2,2026-08-30,2026-09-02T14:22:45Z,NepalNews,Bhote Koshi flood: RSP Chair Lamichhane directs party mechanism to accelerate rescue efforts - NepalNews,Bhote Koshi flood: RSP Chair Lamichhane directs party mechanism to accelerate rescue efforts NepalNews,https://news.google.com/rss/articles/CBMizgFBVV95cUxNUFRQM0lPZ2xfV3EwZzNITDZQZnVJWU9fY1FDeWJ3OVpNTTZuYVBrX3Q3WGVreGgtdmRoY2tIVV9FUVlaYXNIcjlqb3dZdkhYUTREZkY4MVFvLXJjd1ZvY1E1eU5Ua2loTlJKa0ZIWUZodGR2ekxpSWdTd2pVczBhdC1HX3JDZWlITlhFaXF3Wm5GeFFDMmlFVDJuV1ZNRHUxYVVka3pUMmRkVjF0ZHpscDVVRzlieHdvcU1NVDJuenJHNkIwWWF4U0xFNXF5UQ?oc=5,https://web.archive.org/web/*/https://news.google.com/rss/articles/CBMizgFBVV95cUxNUFRQM0lPZ2xfV3EwZzNITDZQZnVJWU9fY1FDeWJ3OVpNTTZuYVBrX3Q3WGVreGgtdmRoY2tIVV9FUVlaYXNIcjlqb3dZdkhYUTREZkY4MVFvLXJjd1ZvY1E1eU5Ua2loTlJKa0ZIWUZodGR2ekxpSWdTd2pVczBhdC1HX3JDZWlITlhFaXF3Wm5GeFFDMmlFVDJuV1ZNRHUxYVVka3pUMmRkVjF0ZHpscDVVRzlieHdvcU1NVDJuenJHNkIwWWF4U0xFNXF5UQ?oc=5,Metadata and source-provided excerpt retained,Full text is not republished unless reuse permission or an open licence is documented.
a6a4c8f3b92cc72d,2026-08-30,2026-09-02T14:22:45Z,Ratopati,"70 of 267 Missing in Rasuwa Flood Contacted, 197 Still Unaccounted For - Ratopati","70 of 267 Missing in Rasuwa Flood Contacted, 197 Still Unaccounted For Ratopati",https://news.google.com/rss/articles/CBMiugFBVV95cUxOZkUzN21ubVkzcGdTZnR4UnRremZacGtRVmV5c3hZVlRqZTg4T0NUQzltc1hFcWJndUtjdXpxLU9XY2ZQR0tENm1obTdIV3YxRGROZjA2Wm40QnZpbWp4Wi0xTC0yWVJLTUN2TE8tX25xM0xIQ25VdlYyNWlZRl9UZGE1d05PLVY0MWlVV1J1WDhfc294REhET2hhX01VT0VaaVlialJvWm5US2VzZ2NQSUJlMVBoM2JGWnc?oc=5,https://web.archive.org/web/*/https://news.google.com/rss/articles/CBMiugFBVV95cUxOZkUzN21ubVkzcGdTZnR4UnRremZacGtRVmV5c3hZVlRqZTg4T0NUQzltc1hFcWJndUtjdXpxLU9XY2ZQR0tENm1obTdIV3YxRGROZjA2Wm40QnZpbWp4Wi0xTC0yWVJLTUN2TE8tX25xM0xIQ25VdlYyNWlZRl9UZGE1d05PLVY0MWlVV1J1WDhfc294REhET2hhX01VT0VaaVlialJvWm5US2VzZ2NQSUJlMVBoM2JGWnc?oc=5,Metadata and source-provided excerpt retained,Full text is not republished unless reuse permission or an open licence is documented.
b9998a25ede761bb,2026-08-30,2026-09-02T14:22:45Z,myRepublica,Impact of Bhotekoshi flood decreases as waters reach Chitwan - myRepublica,Impact of Bhotekoshi flood decreases as waters reach Chitwan myRepublica,https://news.google.com/rss/articles/CBMitgFBVV95cUxPaXVIMGFUZkZ1RzFFVV81RDNFMFZLdFBWMUttd01hYU1LelloVmZFbVJQU1NJeW1OUVoxRVJIRDk3TXZiVXFkbGFWRmxqRVZjU1dId0xIMWQ3VjJvQlFjOUZjNGZHLUNsdFpWZlFab1Fvbk1uNFY4VDhCRXRZUnE4RkhGU1JuSG1Ca0xpbW9kd1VHajZqTDQ5LXVoN0Fab3ExdWtxSTRBUFp1a09GQVYzRXk5OVpCUQ?oc=5,https://web.archive.org/web/*/https://news.google.com/rss/articles/CBMitgFBVV95cUxPaXVIMGFUZkZ1RzFFVV81RDNFMFZLdFBWMUttd01hYU1LelloVmZFbVJQU1NJeW1OUVoxRVJIRDk3TXZiVXFkbGFWRmxqRVZjU1dId0xIMWQ3VjJvQlFjOUZjNGZHLUNsdFpWZlFab1Fvbk1uNFY4VDhCRXRZUnE4RkhGU1JuSG1Ca0xpbW9kd1VHajZqTDQ5LXVoN0Fab3ExdWtxSTRBUFp1a09GQVYzRXk5OVpCUQ?oc=5,Metadata and source-provided excerpt retained,Full text is not republished unless reuse permission or an open licence is documented.
ea08ad7bc83607df,2026-08-30,2026-09-02T14:22:45Z,The Kathmandu Post,Government releases Rs675 million to 15 local units hit by Bhotekoshi flood - The Kathmandu Post,Government releases Rs675 million to 15 local units hit by Bhotekoshi flood The Kathmandu Post,https://news.google.com/rss/articles/CBMivgFBVV95cUxNS0RDQk9wLU1RQjgydWUxWk5Ma0tPNUc2cWMweEFmbmZ6cnZuLVA4eGxZZ3RkNDBQUmF3VUZxOGxGUFJsY3NkdE5SeDB0TlRKZnVqTG4tVEMyamY0WFltaE83c1o2MU9nOFF4OEN2RndvRVEzNlI4NEhVSlJyT2xLZXprVlhfOGFCWXBiRjNTelZBYmprYy1SQnd0NmV1bWVqZUthSkhJekV3VVRBcUlGRjUtTW91YmxaYkphYnhB?oc=5,https://web.archive.org/web/*/https://news.google.com/rss/articles/CBMivgFBVV95cUxNS0RDQk9wLU1RQjgydWUxWk5Ma0tPNUc2cWMweEFmbmZ6cnZuLVA4eGxZZ3RkNDBQUmF3VUZxOGxGUFJsY3NkdE5SeDB0TlRKZnVqTG4tVEMyamY0WFltaE83c1o2MU9nOFF4OEN2RndvRVEzNlI4NEhVSlJyT2xLZXprVlhfOGFCWXBiRjNTelZBYmprYy1SQnd0NmV1bWVqZUthSkhJekV3VVRBcUlGRjUtTW91YmxaYkphYnhB?oc=5,Metadata and source-provided excerpt retained,Full text is not republished unless reuse permission or an open licence is documented.
9424dc3ffa7d0264,2026-08-30,2026-09-02T14:22:45Z,The Rising Nepal,"Bhotekoshi flood: 261 tourists rescued, 320 still missing - The Rising Nepal","Bhotekoshi flood: 261 tourists rescued, 320 still missing The Rising Nepal",https://news.google.com/rss/articles/CBMiUEFVX3lxTE5PVVJKSi1vSnlnWXpIR2dVNGtwMmFmQVBtOUg5TkdYU1dQeVNTZFNGc3VNSElRREx4TnRqMk1BRmtUQ0g2cVBLYnZ5YnE2OXY5?oc=5,https://web.archive.org/web/*/https://news.google.com/rss/articles/CBMiUEFVX3lxTE5PVVJKSi1vSnlnWXpIR2dVNGtwMmFmQVBtOUg5TkdYU1dQeVNTZFNGc3VNSElRREx4TnRqMk1BRmtUQ0g2cVBLYnZ5YnE2OXY5?oc=5,Metadata and source-provided excerpt retained,Full text is not republished unless reuse permission or an open licence is documented.
62688f71b41135f6,2026-08-30,2026-09-02T14:22:45Z,Sarkaritel.com,Nepal Flood Warning: Bhote Koshi Water Level Rises Further - Sarkaritel.com,Nepal Flood Warning: Bhote Koshi Water Level Rises Further Sarkaritel.com,https://news.google.com/rss/articles/CBMigwFBVV95cUxNNjJGOEhlQzFMSzBiUE1zRm9uSUJVSkxnUWd2MHlic2lXdjF0bC12OUZteFFJQnFHUUJCZWtmUGtHRmdQWU51WXg5UkZ6eThjVzRuOXgyTDR3dWtHZ1p6VGpmby1qZEp6UDAxbTlpVGs4MlR5SENFQ3B5Qjd3elByMFEybw?oc=5,https://web.archive.org/web/*/https://news.google.com/rss/articles/CBMigwFBVV95cUxNNjJGOEhlQzFMSzBiUE1zRm9uSUJVSkxnUWd2MHlic2lXdjF0bC12OUZteFFJQnFHUUJCZWtmUGtHRmdQWU51WXg5UkZ6eThjVzRuOXgyTDR3dWtHZ1p6VGpmby1qZEp6UDAxbTlpVGs4MlR5SENFQ3B5Qjd3elByMFEybw?oc=5,Metadata and source-provided excerpt retained,Full text is not republished unless reuse permission or an open licence is documented.
38cd951388405bed,2026-08-30,2026-09-02T14:22:45Z,The Kathmandu Post,Nepal working on detailed assessment as Bhotekoshi flood reconstruction could cost up to $5 billion - The Kathmandu Post,Nepal working on detailed assessment as Bhotekoshi flood reconstruction could cost up to $5 billion The Kathmandu Post,https://news.google.com/rss/articles/CBMiwgFBVV95cUxPaXZBcTdjWGtaVWJQeXU0M3NHUFFHSS1sM3MyelhDaC1JX05uVWRacTFxVVhZRnJtSGxlaTNoVXp4SVExVlNUTGlkODhHbEZpMHd0cWNqUTVLcnZSb29qZUV2Qnlyb1dGcDJoLTNkRlM3RDN1blFkc3k4WkdLSWZGTzZZOU9ZY0FtRmUyWnJpNm5obkl5WTNhemhHV0NIUWs1dEJwSUNrY3laT0U1WFp6SEZhSndHX3J4NXhHdGJScjFhUQ?oc=5,https://web.archive.org/web/*/https://news.google.com/rss/articles/CBMiwgFBVV95cUxPaXZBcTdjWGtaVWJQeXU0M3NHUFFHSS1sM3MyelhDaC1JX05uVWRacTFxVVhZRnJtSGxlaTNoVXp4SVExVlNUTGlkODhHbEZpMHd0cWNqUTVLcnZSb29qZUV2Qnlyb1dGcDJoLTNkRlM3RDN1blFkc3k4WkdLSWZGTzZZOU9ZY0FtRmUyWnJpNm5obkl5WTNhemhHV0NIUWs1dEJwSUNrY3laT0U1WFp6SEZhSndHX3J4NXhHdGJScjFhUQ?oc=5,Metadata and source-provided excerpt retained,Full text is not republished unless reuse permission or an open licence is documented.
a067b2170a682eb2,2026-08-30,2026-09-02T14:22:45Z,DongA Science,NYT links Nepal’s deadly Rasuwa flood to tourism and Himalayan warming - DongA Science,NYT links Nepal’s deadly Rasuwa flood to tourism and Himalayan warming DongA Science,https://news.google.com/rss/articles/CBMiVEFVX3lxTE9EWmdNNjVJWkhJaHFERXRoeWRQSk5OazdxWjN2S1NYRzBOMU9iSGl6NVg4N2J6bFIwdkdjcDhxZERTWEpxVjR4MjZBZEJQLTM0dExYTA?oc=5,https://web.archive.org/web/*/https://news.google.com/rss/articles/CBMiVEFVX3lxTE9EWmdNNjVJWkhJaHFERXRoeWRQSk5OazdxWjN2S1NYRzBOMU9iSGl6NVg4N2J6bFIwdkdjcDhxZERTWEpxVjR4MjZBZEJQLTM0dExYTA?oc=5,Metadata and source-provided excerpt retained,Full text is not republished unless reuse permission or an open licence is documented.
6472171f9448c81c,2026-08-30,2026-09-02T14:22:45Z,The Kathmandu Post,"Opinion | The intersection of human agency, political dynamics and ecological challenges in the Bhotekoshi flood - The Kathmandu Post","Opinion | The intersection of human agency, political dynamics and ecological challenges in the Bhotekoshi flood The Kathmandu Post",https://news.google.com/rss/articles/CBMi3wFBVV95cUxOZmdiT3FKNUZHaS1WTGNBUjc5VjJ6UWpSd05IWVZBbWRRVFhCcmo1N1B4NjY4dFlFUUxGU2ZxZ1MtcmtlMEs1bGZleTJiSFhjWFI5NTB0OXdYM3lXc0RzNmRoRFlFWl9zNEJ1a1VkSndBRjhtejIzQS1xenJHU2VUMGFVMnhMbU53Rzd5VElLN0MxYlpGUi1HYWhiaHMzLTJVY3NoS1BUYXhTSzlYNXRqMEdtQ0tRTWtwSkNKTUQ1TFhOalJaeWtnbHFPYzNwTGRXeTY1T0gzaDlhdjg2OE00?oc=5,https://web.archive.org/web/*/https://news.google.com/rss/articles/CBMi3wFBVV95cUxOZmdiT3FKNUZHaS1WTGNBUjc5VjJ6UWpSd05IWVZBbWRRVFhCcmo1N1B4NjY4dFlFUUxGU2ZxZ1MtcmtlMEs1bGZleTJiSFhjWFI5NTB0OXdYM3lXc0RzNmRoRFlFWl9zNEJ1a1VkSndBRjhtejIzQS1xenJHU2VUMGFVMnhMbU53Rzd5VElLN0MxYlpGUi1HYWhiaHMzLTJVY3NoS1BUYXhTSzlYNXRqMEdtQ0tRTWtwSkNKTUQ1TFhOalJaeWtnbHFPYzNwTGRXeTY1T0gzaDlhdjg2OE00?oc=5,Metadata and source-provided excerpt retained,Full text is not republished unless reuse permission or an open licence is documented.
2eb57de0414f6514,2026-08-30,2026-09-02T14:22:45Z,Khabarhub,"Rasuwa flood: 261 foreign tourists rescued, 320 still missing - Khabarhub","Rasuwa flood: 261 foreign tourists rescued, 320 still missing Khabarhub",https://news.google.com/rss/articles/CBMiWEFVX3lxTE1RZ2VDMzNZUUM4S2JIUVNST0dMenY1Q0w3MDJRR0tadEM1aGJLTmZ1WWk5aU1jTlVZUFFpSHBVU2p6VzlCakhyMHhXeTExa3psSl9jTXZhd3A?oc=5,https://web.archive.org/web/*/https://news.google.com/rss/articles/CBMiWEFVX3lxTE1RZ2VDMzNZUUM4S2JIUVNST0dMenY1Q0w3MDJRR0tadEM1aGJLTmZ1WWk5aU1jTlVZUFFpSHBVU2p6VzlCakhyMHhXeTExa3psSl9jTXZhd3A?oc=5,Metadata and source-provided excerpt retained,Full text is not republished unless reuse permission or an open licence is documented.
a727bc209e5231a2,2026-08-29,2026-09-02T14:22:45Z,The Kathmandu Post,"In a settlement destroyed by the Bhotekoshi flood, a disabled couple offer strangers the little they have - The Kathmandu Post","In a settlement destroyed by the Bhotekoshi flood, a disabled couple offer strangers the little they have The Kathmandu Post",https://news.google.com/rss/articles/CBMi5AFBVV95cUxPcC1WQURpVDVMZkNQdUx6MGV0Q2Q2YnNHNWZnWDczX2ZkZ3hsUnktUmZSbHNmUFU0bXNlYVpKTVNwS2FyLVVsbzdPVS1peG5mQ1kzOXBiMExrWDdrQkN1aVMxaE1QTGV5TTJqd0hRN2g4Y0RLMW5wY2dCLVY0dm9tQ2xuYlJmRHU1UDQ4eGFNQzNzdS1Yd0pXQktSSHVHQnNOeC1xX0M2ald3NktScllqaTI3eE5YU2xCSGxMWWlOVHVQUU5CMDM5NzBCZFR0Smx0dkN6V2t2OV9ZcjF2cW9pcnE2Z0M?oc=5,https://web.archive.org/web/*/https://news.google.com/rss/articles/CBMi5AFBVV95cUxPcC1WQURpVDVMZkNQdUx6MGV0Q2Q2YnNHNWZnWDczX2ZkZ3hsUnktUmZSbHNmUFU0bXNlYVpKTVNwS2FyLVVsbzdPVS1peG5mQ1kzOXBiMExrWDdrQkN1aVMxaE1QTGV5TTJqd0hRN2g4Y0RLMW5wY2dCLVY0dm9tQ2xuYlJmRHU1UDQ4eGFNQzNzdS1Yd0pXQktSSHVHQnNOeC1xX0M2ald3NktScllqaTI3eE5YU2xCSGxMWWlOVHVQUU5CMDM5NzBCZFR0Smx0dkN6V2t2OV9ZcjF2cW9pcnE2Z0M?oc=5,Metadata and source-provided excerpt retained,Full text is not republished unless reuse permission or an open licence is documented.
37748c5212794092,2026-08-29,2026-09-02T14:22:45Z,The Farsight Nepal,"Bhotekoshi flood death toll rises to 626, Over 2,400 still missing - The Farsight Nepal","Bhotekoshi flood death toll rises to 626, Over 2,400 still missing The Farsight Nepal",https://news.google.com/rss/articles/CBMinAFBVV95cUxQUWVzSTVQN0VXakpWTTZRVE9YUUF0NUFGUlpQQXRHLXZWekRVQ0pzYzRZVXAtQUpWMEQ3QmpBY3FHNWxUVzRJNHJTQVBaT3lpREstZ09iVWU2R2xqcVlfLU9EUDNUVklGLURZT0g4NU4wOUJRVWthQ3lxcTVfT1BhN09lRy1CanJxcFRDZVpoa1VRdldJTkVYRkM4Rno?oc=5,https://web.archive.org/web/*/https://news.google.com/rss/articles/CBMinAFBVV95cUxQUWVzSTVQN0VXakpWTTZRVE9YUUF0NUFGUlpQQXRHLXZWekRVQ0pzYzRZVXAtQUpWMEQ3QmpBY3FHNWxUVzRJNHJTQVBaT3lpREstZ09iVWU2R2xqcVlfLU9EUDNUVklGLURZT0g4NU4wOUJRVWthQ3lxcTVfT1BhN09lRy1CanJxcFRDZVpoa1VRdldJTkVYRkM4Rno?oc=5,Metadata and source-provided excerpt retained,Full text is not republished unless reuse permission or an open licence is documented.
acb14444a62caec5,2026-08-29,2026-09-02T14:22:45Z,The Kathmandu Post,Authorities begin burying 229 unidentified Bhotekoshi flood victims - The Kathmandu Post,Authorities begin burying 229 unidentified Bhotekoshi flood victims The Kathmandu Post,https://news.google.com/rss/articles/CBMiwgFBVV95cUxOQlk4Um1WbzJCMmpmZFhIQnhoVVBWb2h4dE1tSzYzU1Y0VF9JM0U2aU92cVlieHB4SFFRV2JpYmFFbEI1YzBySmF3ZHdmZXM4Ym90NkVSLWNCUklHQ0l6b0VxQUlrR0I4SFJONDJDWENBa3NvYV8wR3VEMldmWWt1c0kzazlqVEhaMUNZVTljZnJpaWhJTlB2bkNvMGIxZjBOUmVIeHBTV0hLT1ZVbXFTNnVwQlFvSkloajBSZ2xTLUhLUQ?oc=5,https://web.archive.org/web/*/https://news.google.com/rss/articles/CBMiwgFBVV95cUxOQlk4Um1WbzJCMmpmZFhIQnhoVVBWb2h4dE1tSzYzU1Y0VF9JM0U2aU92cVlieHB4SFFRV2JpYmFFbEI1YzBySmF3ZHdmZXM4Ym90NkVSLWNCUklHQ0l6b0VxQUlrR0I4SFJONDJDWENBa3NvYV8wR3VEMldmWWt1c0kzazlqVEhaMUNZVTljZnJpaWhJTlB2bkNvMGIxZjBOUmVIeHBTV0hLT1ZVbXFTNnVwQlFvSkloajBSZ2xTLUhLUQ?oc=5,Metadata and source-provided excerpt retained,Full text is not republished unless reuse permission or an open licence is documented.
b94bc71008ae4673,2026-08-29,2026-09-02T14:22:45Z,Khabarhub,CAN donates Rs 3 million to Bhotekoshi flood victims - Khabarhub,CAN donates Rs 3 million to Bhotekoshi flood victims Khabarhub,https://news.google.com/rss/articles/CBMiWEFVX3lxTE5vT01SaDRkS1pGZTY1bXhSMldRdl9yWDdIXzNERzNaZm9PcVpxRHU5WXMyU015Nk9lYUJ2SEFtX3NNNkdSYnZZcjBuSkp3NzQ2VDl3Q3h6UHY?oc=5,https://web.archive.org/web/*/https://news.google.com/rss/articles/CBMiWEFVX3lxTE5vT01SaDRkS1pGZTY1bXhSMldRdl9yWDdIXzNERzNaZm9PcVpxRHU5WXMyU015Nk9lYUJ2SEFtX3NNNkdSYnZZcjBuSkp3NzQ2VDl3Q3h6UHY?oc=5,Metadata and source-provided excerpt retained,Full text is not republished unless reuse permission or an open licence is documented.
9c443d8851a86534,2026-08-29,2026-09-02T14:22:45Z,NepalNews,Update: 626 bodies recovered from Bhote Koshi flood disaster - NepalNews,Update: 626 bodies recovered from Bhote Koshi flood disaster NepalNews,https://news.google.com/rss/articles/CBMioAFBVV95cUxOVk1GTHJYUlVqenZ4eGI3dzNuTlVMVGhaYnY5VGhud19qTWJqY29hZmlBUmpTMy1RQnR4dkd1UHdIclZOSDZ5aGVXSWRLRFlwVGF2NGt3aWIyWXo3VGRWV2dyVkduS2N1Y3BYVUh2TFFZaHBiT0FqZkg1TzltMkhjSm92ZThmUTVNX2g1aGM1MDBiTDVDdldPNkVkZnpkcWRf?oc=5,https://web.archive.org/web/*/https://news.google.com/rss/articles/CBMioAFBVV95cUxOVk1GTHJYUlVqenZ4eGI3dzNuTlVMVGhaYnY5VGhud19qTWJqY29hZmlBUmpTMy1RQnR4dkd1UHdIclZOSDZ5aGVXSWRLRFlwVGF2NGt3aWIyWXo3VGRWV2dyVkduS2N1Y3BYVUh2TFFZaHBiT0FqZkg1TzltMkhjSm92ZThmUTVNX2g1aGM1MDBiTDVDdldPNkVkZnpkcWRf?oc=5,Metadata and source-provided excerpt retained,Full text is not republished unless reuse permission or an open licence is documented.
38203841c8c55e59,2026-08-29,2026-09-02T14:22:45Z,The Rising Nepal,Heavy rainfall likely to affect rescue efforts in Bhotekoshi flood-hit areas - The Rising Nepal,Heavy rainfall likely to affect rescue efforts in Bhotekoshi flood-hit areas The Rising Nepal,https://news.google.com/rss/articles/CBMiUEFVX3lxTE5BNHcxbW1fTFl5aTRSZzBtZnhNaGFOcmVmdGlzcFQ2V245VlpVNTU3NkRTUjlrVTg0Z1dVU0IyMHNWc1J1VllxbC14MlQtcWo3?oc=5,https://web.archive.org/web/*/https://news.google.com/rss/articles/CBMiUEFVX3lxTE5BNHcxbW1fTFl5aTRSZzBtZnhNaGFOcmVmdGlzcFQ2V245VlpVNTU3NkRTUjlrVTg0Z1dVU0IyMHNWc1J1VllxbC14MlQtcWo3?oc=5,Metadata and source-provided excerpt retained,Full text is not republished unless reuse permission or an open licence is documented.
c0a613234873e701,2026-08-29,2026-09-02T14:22:45Z,The Kathmandu Post,"Updates: Bhotekoshi flood toll reaches 626 as 2,426 remain unaccounted for - The Kathmandu Post","Updates: Bhotekoshi flood toll reaches 626 as 2,426 remain unaccounted for The Kathmandu Post",https://news.google.com/rss/articles/CBMitwFBVV95cUxOZ3hjNkpxZFJaWEFXUnRlYXlwUmQzMGZxNG03ejB4bmFOTEhya1lWSno0U21ROG1FcFdHcEU0bzNGai14cTQtbjdvRndrclJfZzN1X2k4UjFiZ0l0X1ZCYlJGdlh0WEJqWXNmalZtWUlMRG9rbmsxWVFKU1E5ZExFdU03VWxkX2cweW4wV1VWLTIxdlZhQ0VRYW0zU2FUdW5GcHZ0OW5jU0hKTFplb19XM2dqdll0WlU?oc=5,https://web.archive.org/web/*/https://news.google.com/rss/articles/CBMitwFBVV95cUxOZ3hjNkpxZFJaWEFXUnRlYXlwUmQzMGZxNG03ejB4bmFOTEhya1lWSno0U21ROG1FcFdHcEU0bzNGai14cTQtbjdvRndrclJfZzN1X2k4UjFiZ0l0X1ZCYlJGdlh0WEJqWXNmalZtWUlMRG9rbmsxWVFKU1E5ZExFdU03VWxkX2cweW4wV1VWLTIxdlZhQ0VRYW0zU2FUdW5GcHZ0OW5jU0hKTFplb19XM2dqdll0WlU?oc=5,Metadata and source-provided excerpt retained,Full text is not republished unless reuse permission or an open licence is documented.
95efa0c2c6221bcc,2026-08-29,2026-09-02T14:22:45Z,The Kathmandu Post,Private sector pours millions into Bhotekoshi flood relief efforts - The Kathmandu Post,Private sector pours millions into Bhotekoshi flood relief efforts The Kathmandu Post,https://news.google.com/rss/articles/CBMisgFBVV95cUxPUXJBQXJpNGNLamNETDZNN0pNNjRVMjBZT2VWb2VqbHFBb3U1ak1kUVhPRF9zbnJkcGtwTTExVzFQNldtMUFPZTZmOHdLNE1scnVKZTFGcjlUczhFR3BPamNDX2VlSzVWR2h2c09lUnRiVTl1a0ZTNzh2M1dheHlzMnFyZDRhYS13dXF4VkQ4QzFzVjR0eEJFZ1dDMkVUS2t5akhpc3NYVXFQX3ZWdFlEM0l3?oc=5,https://web.archive.org/web/*/https://news.google.com/rss/articles/CBMisgFBVV95cUxPUXJBQXJpNGNLamNETDZNN0pNNjRVMjBZT2VWb2VqbHFBb3U1ak1kUVhPRF9zbnJkcGtwTTExVzFQNldtMUFPZTZmOHdLNE1scnVKZTFGcjlUczhFR3BPamNDX2VlSzVWR2h2c09lUnRiVTl1a0ZTNzh2M1dheHlzMnFyZDRhYS13dXF4VkQ4QzFzVjR0eEJFZ1dDMkVUS2t5akhpc3NYVXFQX3ZWdFlEM0l3?oc=5,Metadata and source-provided excerpt retained,Full text is not republished unless reuse permission or an open licence is documented.
28a71bd1c8b6d20b,2026-08-28,2026-09-02T14:22:45Z,Khabarhub,"Rasuwa flood death toll hits 579, nearly 2,000 still missing - Khabarhub","Rasuwa flood death toll hits 579, nearly 2,000 still missing Khabarhub",https://news.google.com/rss/articles/CBMiWEFVX3lxTE1UQmNWZDZFME5ZcVJLdjFxMW5Ja0ZrZ3NsMTR4LWhxTXNTU3lieVFTeW1TY3hJSm9VYnpMVmZtQnpWeTM5T0FZcFZkb0NSUUp4cURMNnY0bU0?oc=5,https://web.archive.org/web/*/https://news.google.com/rss/articles/CBMiWEFVX3lxTE1UQmNWZDZFME5ZcVJLdjFxMW5Ja0ZrZ3NsMTR4LWhxTXNTU3lieVFTeW1TY3hJSm9VYnpMVmZtQnpWeTM5T0FZcFZkb0NSUUp4cURMNnY0bU0?oc=5,Metadata and source-provided excerpt retained,Full text is not republished unless reuse permission or an open licence is documented.
b3e3abab778251f1,2026-08-28,2026-09-02T14:22:45Z,teleSUR English,Nepal Death Toll from Bhote Koshi Flood Rises to 553 - teleSUR English,Nepal Death Toll from Bhote Koshi Flood Rises to 553 teleSUR English,https://news.google.com/rss/articles/CBMijAFBVV95cUxNSnBOUjZNT1BmTktmSVJzRlJGV1gwOVV5ZGtia21Nd3FqcTFkeHRTaG9VVW40anh3VHFmNVlWM0dCc0xGWlJ1QWluazMzUWFKenRISHc1dTE2cHRkejVRMGdlRlFMWjlFcm9DUjhnWExBRGFKSGVGQzQ2WmJoLVphOXZQZ0ZWaGZPYS14dA?oc=5,https://web.archive.org/web/*/https://news.google.com/rss/articles/CBMijAFBVV95cUxNSnBOUjZNT1BmTktmSVJzRlJGV1gwOVV5ZGtia21Nd3FqcTFkeHRTaG9VVW40anh3VHFmNVlWM0dCc0xGWlJ1QWluazMzUWFKenRISHc1dTE2cHRkejVRMGdlRlFMWjlFcm9DUjhnWExBRGFKSGVGQzQ2WmJoLVphOXZQZ0ZWaGZPYS14dA?oc=5,Metadata and source-provided excerpt retained,Full text is not republished unless reuse permission or an open licence is documented.
fbbe36da39983e0c,2026-08-28,2026-09-02T14:22:45Z,Ekantipur,"Bhotekoshi Flood: 2,381 Still Out of Contact - Ekantipur","Bhotekoshi Flood: 2,381 Still Out of Contact Ekantipur",https://news.google.com/rss/articles/CBMickFVX3lxTE5tQlp4OW1ZZzk3cGZmb2hoSGZWd3V4Z25Xb0QtNnNsbGQyRl81U0FCZTNYVWxvLWNUbmFRQm1xQlh5QUhpcWluTVRhV2tKb01nVGFFcjNONTdHUXVJeG0yWWJ4ZHpOVGlocS1Bd3ZDeWg0Zw?oc=5,https://web.archive.org/web/*/https://news.google.com/rss/articles/CBMickFVX3lxTE5tQlp4OW1ZZzk3cGZmb2hoSGZWd3V4Z25Xb0QtNnNsbGQyRl81U0FCZTNYVWxvLWNUbmFRQm1xQlh5QUhpcWluTVRhV2tKb01nVGFFcjNONTdHUXVJeG0yWWJ4ZHpOVGlocS1Bd3ZDeWg0Zw?oc=5,Metadata and source-provided excerpt retained,Full text is not republished unless reuse permission or an open licence is documented.
ca2cf6a44b42a86a,2026-08-28,2026-09-02T14:22:45Z,Khoj Samachar,Bhote Koshi Flood: 553 Bodies Recovered by 6 PM - Khoj Samachar,Bhote Koshi Flood: 553 Bodies Recovered by 6 PM Khoj Samachar,https://news.google.com/rss/articles/CBMiaEFVX3lxTE9vS3FjcWNHLWh0Q1dwQWcyYTV6ZmdxZWJhRFIwZEFUU3pteHY5Qk95SUswX3VTOVBGMU5LOGRUQWxMM0FTekw1TXdhb2wyZlNiRHVFTXF5c1lIV1VWVWVSbF94LVBETjNj?oc=5,https://web.archive.org/web/*/https://news.google.com/rss/articles/CBMiaEFVX3lxTE9vS3FjcWNHLWh0Q1dwQWcyYTV6ZmdxZWJhRFIwZEFUU3pteHY5Qk95SUswX3VTOVBGMU5LOGRUQWxMM0FTekw1TXdhb2wyZlNiRHVFTXF5c1lIV1VWVWVSbF94LVBETjNj?oc=5,Metadata and source-provided excerpt retained,Full text is not republished unless reuse permission or an open licence is documented.
3efa81e8f354123c,2026-08-28,2026-09-02T14:22:45Z,ReliefWeb,IRDR Rapid Analysis Report - Scientific Anatomy of the 26 August 2026 Bhotekoshi Flash Flood - ReliefWeb,IRDR Rapid Analysis Report - Scientific Anatomy of the 26 August 2026 Bhotekoshi Flash Flood ReliefWeb,https://news.google.com/rss/articles/CBMiugFBVV95cUxQZ0lpZldLUXllc3ZOVk12LWN1N3RqWmwxWEtjdlhybmsxUFBpNGw0bnEwZElGUmkwSDhuY2VSRVVoTnFveXZfdWxGWHpTQWFFNFBsMVZjOEFZVVNRY1llVWJURnJ2RmhkT0hsSk5rdlR4TVBEODA5Q2VvY0hyWE5DN1N0WGhjNGtWeGFVSS1CbFZJQXpNR0lTZTUzNWI5bWlTbEdWbFZzbjJUNnB2Ny1wcHpNQXd2dU5GQUE?oc=5,https://web.archive.org/web/*/https://news.google.com/rss/articles/CBMiugFBVV95cUxQZ0lpZldLUXllc3ZOVk12LWN1N3RqWmwxWEtjdlhybmsxUFBpNGw0bnEwZElGUmkwSDhuY2VSRVVoTnFveXZfdWxGWHpTQWFFNFBsMVZjOEFZVVNRY1llVWJURnJ2RmhkT0hsSk5rdlR4TVBEODA5Q2VvY0hyWE5DN1N0WGhjNGtWeGFVSS1CbFZJQXpNR0lTZTUzNWI5bWlTbEdWbFZzbjJUNnB2Ny1wcHpNQXd2dU5GQUE?oc=5,Metadata and source-provided excerpt retained,Full text is not republished unless reuse permission or an open licence is documented.
01a18a7d77b5a394,2026-08-28,2026-09-02T14:22:45Z,Onlinekhabar English,"‘Rasuwa flood may have been triggered by a massive ice-rock fall, not a glacial lake outburst’ - Onlinekhabar English","‘Rasuwa flood may have been triggered by a massive ice-rock fall, not a glacial lake outburst’ Onlinekhabar English",https://news.google.com/rss/articles/CBMieEFVX3lxTE9pWnlXUjEwN09VR0xjSWFkQjlmSnpSNzNFa3p4UkNNWUEyQjgxemEwaDRIWjVmM1hkWEg4cWFtV3dTemNWakF1NnlTM3JhMnBXVnl0Vl82R19qM3JxWXppdU1Na29HX3M2X0JYNk5IY25MS1dEdTF3eQ?oc=5,https://web.archive.org/web/*/https://news.google.com/rss/articles/CBMieEFVX3lxTE9pWnlXUjEwN09VR0xjSWFkQjlmSnpSNzNFa3p4UkNNWUEyQjgxemEwaDRIWjVmM1hkWEg4cWFtV3dTemNWakF1NnlTM3JhMnBXVnl0Vl82R19qM3JxWXppdU1Na29HX3M2X0JYNk5IY25MS1dEdTF3eQ?oc=5,Metadata and source-provided excerpt retained,Full text is not republished unless reuse permission or an open licence is documented.
8a39c1540c3a943b,2026-08-28,2026-09-02T14:22:45Z,The Borderlens,Sixteen Minutes: What the Bhotekoshi flood reveals about the region’s unfinished early-warning problem - The Borderlens,Sixteen Minutes: What the Bhotekoshi flood reveals about the region’s unfinished early-warning problem The Borderlens,https://news.google.com/rss/articles/CBMi1gFBVV95cUxPS3pjTUJpZDhmX1JFeWV6WVdVaEtTblJzYWEtVTk3bF9PelhlSkVFNy1GbTFLd1dLazlzci1DdUMxSktnZWFfSUdmcWI1SXRJVkMyRGp4bmlwVE5EZFVlazZXX3VoTi1JeHJyeF9lSVl4ZUx6Z25FZk1ZOTBMeDFwaG1ScnliUFNwc2VNb194RW8xdEV0cFdURjhJYXp3b1JqVWpwSk9mUDBSQ3ZRdGdFc2RGc0tTX1luVkZNWkc2R2F1Y2FTZDVRaDhjc2tTbkx3c3F0S3NR?oc=5,https://web.archive.org/web/*/https://news.google.com/rss/articles/CBMi1gFBVV95cUxPS3pjTUJpZDhmX1JFeWV6WVdVaEtTblJzYWEtVTk3bF9PelhlSkVFNy1GbTFLd1dLazlzci1DdUMxSktnZWFfSUdmcWI1SXRJVkMyRGp4bmlwVE5EZFVlazZXX3VoTi1JeHJyeF9lSVl4ZUx6Z25FZk1ZOTBMeDFwaG1ScnliUFNwc2VNb194RW8xdEV0cFdURjhJYXp3b1JqVWpwSk9mUDBSQ3ZRdGdFc2RGc0tTX1luVkZNWkc2R2F1Y2FTZDVRaDhjc2tTbkx3c3F0S3NR?oc=5,Metadata and source-provided excerpt retained,Full text is not republished unless reuse permission or an open licence is documented.
d98c98a7eb7416ac,2026-08-28,2026-09-02T14:22:45Z,The Kathmandu Post,Nepal’s Bhotekoshi flood: What we know on day three as death toll crosses 500 - The Kathmandu Post,Nepal’s Bhotekoshi flood: What we know on day three as death toll crosses 500 The Kathmandu Post,https://news.google.com/rss/articles/CBMivAFBVV95cUxQR1FPZTBmNFVoUmctY1dSV0VYNHZQVnM4Wi1ZNE90bkFGZW5WeFV6MmJsRllWUXo0c3Y4Q1pvVFROaUNVNGVKOGZpd3N4YWZoVWViT0tPekR5WEJoM2pObGtySi1NM2pwYmNzV2l5cDJpQzVuMjJCd1Q0UDZ6TlFxbWUyY3lyZzZaWUhnWnctUnloZUdaclk2T2YxcDljcWlLYk9TeE9kNUtnSGJKWHI3TUhfeTEyVENhYmF1Vg?oc=5,https://web.archive.org/web/*/https://news.google.com/rss/articles/CBMivAFBVV95cUxQR1FPZTBmNFVoUmctY1dSV0VYNHZQVnM4Wi1ZNE90bkFGZW5WeFV6MmJsRllWUXo0c3Y4Q1pvVFROaUNVNGVKOGZpd3N4YWZoVWViT0tPekR5WEJoM2pObGtySi1NM2pwYmNzV2l5cDJpQzVuMjJCd1Q0UDZ6TlFxbWUyY3lyZzZaWUhnWnctUnloZUdaclk2T2YxcDljcWlLYk9TeE9kNUtnSGJKWHI3TUhfeTEyVENhYmF1Vg?oc=5,Metadata and source-provided excerpt retained,Full text is not republished unless reuse permission or an open licence is documented.
f8da53ad7b340fc0,2026-08-28,2026-09-02T14:22:45Z,The Farsight Nepal,"Bhotekoshi flood: Death toll rises to 489, still missing 2,381 - The Farsight Nepal","Bhotekoshi flood: Death toll rises to 489, still missing 2,381 The Farsight Nepal",https://news.google.com/rss/articles/CBMilgFBVV95cUxQbEhaempjc2F3NklydFprczdSTEhEcnVHcUhacm9IM0dSMk5CcGdCNVVjWXQwNnNRX0pIZVQwYmVuZUpXSDl2YUNLMEk5Z09qTU9famdBZ1FFUzhPYWY3VDFQdFE3czAxc3hNMnU3NlBJOUpjQ3pGMUdHVkh2YUNnRGxtTEx0VU1SZHlGaTFqc25vUXRPTVE?oc=5,https://web.archive.org/web/*/https://news.google.com/rss/articles/CBMilgFBVV95cUxQbEhaempjc2F3NklydFprczdSTEhEcnVHcUhacm9IM0dSMk5CcGdCNVVjWXQwNnNRX0pIZVQwYmVuZUpXSDl2YUNLMEk5Z09qTU9famdBZ1FFUzhPYWY3VDFQdFE3czAxc3hNMnU3NlBJOUpjQ3pGMUdHVkh2YUNnRGxtTEx0VU1SZHlGaTFqc25vUXRPTVE?oc=5,Metadata and source-provided excerpt retained,Full text is not republished unless reuse permission or an open licence is documented.
4d5238eb07f3591f,2026-08-28,2026-09-02T14:22:45Z,NepalNews,Update: 121 foreign tourists rescued following Bhote Koshi flood - NepalNews,Update: 121 foreign tourists rescued following Bhote Koshi flood NepalNews,https://news.google.com/rss/articles/CBMisAFBVV95cUxONHRtZWlKVk9OZnl1VENrVFF1T1ZaLXpOWGdHU2VBQVowM3hKUlBIblFiWExyMDJ3TkZnRHZ3OVlFLV9PblN3SEFBM25najdsZC1VajZpYWlqOGh0Z2pXWTFZRkpaT0ttcDZKUWVsdEc3bUZpTTZJUkZRcHNXdzNXcGVuM2tRcEtZQl90UU5YdlJjLWJaRlY5WnBMdTBCWUhoeVB4eDQ0dnRtazZianJEZw?oc=5,https://web.archive.org/web/*/https://news.google.com/rss/articles/CBMisAFBVV95cUxONHRtZWlKVk9OZnl1VENrVFF1T1ZaLXpOWGdHU2VBQVowM3hKUlBIblFiWExyMDJ3TkZnRHZ3OVlFLV9PblN3SEFBM25najdsZC1VajZpYWlqOGh0Z2pXWTFZRkpaT0ttcDZKUWVsdEc3bUZpTTZJUkZRcHNXdzNXcGVuM2tRcEtZQl90UU5YdlJjLWJaRlY5WnBMdTBCWUhoeVB4eDQ0dnRtazZianJEZw?oc=5,Metadata and source-provided excerpt retained,Full text is not republished unless reuse permission or an open licence is documented.
0095257bb58c7bcb,2026-08-28,2026-09-02T14:22:45Z,Deshsanchar,Sudurpaschim Province allocates Rs 20 million for Bhote Koshi flood relief - Deshsanchar,Sudurpaschim Province allocates Rs 20 million for Bhote Koshi flood relief Deshsanchar,https://news.google.com/rss/articles/CBMiqwFBVV95cUxQeV9xWmtfWE9OVVAteXVPd0VhUF91eFl0RDBXR0h5OGZQMFFLNFRtQmJEd1p2akpjODFEY1ZSZGZ6ZmdreDZHTjFLU1VFUVp1UEkxa3BrVFYtMWdXWTBPUnNKb2FtN3BiMExCY3dBbDIzTVpsQnFCMUM4NGRTM1R0eG5OLVhOeXRTLWFGNUdBdUFIdzZhZl82aE5sVms4Nl9naDRfNHhTUjg0WWs?oc=5,https://web.archive.org/web/*/https://news.google.com/rss/articles/CBMiqwFBVV95cUxQeV9xWmtfWE9OVVAteXVPd0VhUF91eFl0RDBXR0h5OGZQMFFLNFRtQmJEd1p2akpjODFEY1ZSZGZ6ZmdreDZHTjFLU1VFUVp1UEkxa3BrVFYtMWdXWTBPUnNKb2FtN3BiMExCY3dBbDIzTVpsQnFCMUM4NGRTM1R0eG5OLVhOeXRTLWFGNUdBdUFIdzZhZl82aE5sVms4Nl9naDRfNHhTUjg0WWs?oc=5,Metadata and source-provided excerpt retained,Full text is not republished unless reuse permission or an open licence is documented.
544152ef246e4ebc,2026-08-28,2026-09-02T14:22:45Z,NepalNews,Cabinet convenes to address Bhote Koshi flood crisis - NepalNews,Cabinet convenes to address Bhote Koshi flood crisis NepalNews,https://news.google.com/rss/articles/CBMimgFBVV95cUxPNTRXejRtOHRWcEx5UVBSZFdtMWg3T2VSZGtoMGkwaHBJblo5d3d0M1ZIQWhHSEtBZTBCUFFvUkpUYUF3Q01LRm5Tckk4amtfSElsaVhuVlhsTEdRQUloQlItWWE4MF96aFBzSjI1ZVNoei1xX0dDYlpNUFVqRGcyQjNNOTE0VGdTMUdOUG5LelZLOHdRRFI3Mm9R?oc=5,https://web.archive.org/web/*/https://news.google.com/rss/articles/CBMimgFBVV95cUxPNTRXejRtOHRWcEx5UVBSZFdtMWg3T2VSZGtoMGkwaHBJblo5d3d0M1ZIQWhHSEtBZTBCUFFvUkpUYUF3Q01LRm5Tckk4amtfSElsaVhuVlhsTEdRQUloQlItWWE4MF96aFBzSjI1ZVNoei1xX0dDYlpNUFVqRGcyQjNNOTE0VGdTMUdOUG5LelZLOHdRRFI3Mm9R?oc=5,Metadata and source-provided excerpt retained,Full text is not republished unless reuse permission or an open licence is documented.
96e0cf046fd6c4c3,2026-08-28,2026-09-02T14:22:45Z,Khabarhub,59 injured in Bhotekoshi flood receiving treatment at Kathmandu hospitals - Khabarhub,59 injured in Bhotekoshi flood receiving treatment at Kathmandu hospitals Khabarhub,https://news.google.com/rss/articles/CBMiWEFVX3lxTE9CODVrRko1bEQ3T2lfcFJJVy1hTXp4MEtYUVpxNTdMNVJJRmY4NmEyOEVIMEowbVRvTmxfS2pUMktaeDlmRzZ2bUZKTURzcHhLYnlkRzJNY3A?oc=5,https://web.archive.org/web/*/https://news.google.com/rss/articles/CBMiWEFVX3lxTE9CODVrRko1bEQ3T2lfcFJJVy1hTXp4MEtYUVpxNTdMNVJJRmY4NmEyOEVIMEowbVRvTmxfS2pUMktaeDlmRzZ2bUZKTURzcHhLYnlkRzJNY3A?oc=5,Metadata and source-provided excerpt retained,Full text is not republished unless reuse permission or an open licence is documented.
db755ac2771f65dc,2026-08-28,2026-09-02T14:22:45Z,Ekantipur,The Bhotekoshi Flood Delivers Another Blow to the Economy - Ekantipur,The Bhotekoshi Flood Delivers Another Blow to the Economy Ekantipur,https://news.google.com/rss/articles/CBMiqwFBVV95cUxQTG5DWlNQcFZzcGp1NXVXc1Q3MHZDelY4cUxONG9Jc2JPZHBZQ3JGejhqTS1Qdlg3alpFcndxbmVjYzNneFRqM0h6UU9lbm1PUk1SaU1GODNlQmZseFRTSF9hdUExV1gxQkc3cFN5cGxQMGJ1YkZoQUV1N1llUkN2dllQWjFkQ3g3SVgzSVlSaUlhdmVYSVFHeGRjQTBvd1ZseTNXNXpuZlhXclU?oc=5,https://web.archive.org/web/*/https://news.google.com/rss/articles/CBMiqwFBVV95cUxQTG5DWlNQcFZzcGp1NXVXc1Q3MHZDelY4cUxONG9Jc2JPZHBZQ3JGejhqTS1Qdlg3alpFcndxbmVjYzNneFRqM0h6UU9lbm1PUk1SaU1GODNlQmZseFRTSF9hdUExV1gxQkc3cFN5cGxQMGJ1YkZoQUV1N1llUkN2dllQWjFkQ3g3SVgzSVlSaUlhdmVYSVFHeGRjQTBvd1ZseTNXNXpuZlhXclU?oc=5,Metadata and source-provided excerpt retained,Full text is not republished unless reuse permission or an open licence is documented.
b8ade44757795af6,2026-08-28,2026-09-02T14:22:45Z,NepalNews,NPC to assess economic damage from devastating Bhote Koshi flood - NepalNews,NPC to assess economic damage from devastating Bhote Koshi flood NepalNews,https://news.google.com/rss/articles/CBMipwFBVV95cUxNQmFsMURGUjNja0RRbWdQUGpPUlBfbFVPNFc4dTRmbm5hWFhVeTVMeEFDQ25GekM2cGpvb0ozS1hxOHdTS0hPa0xNMXhSOFl0Rm00dDVoSExPUFcxQTdyM0VFQ3h5c25ObzhJcklXbU95bnVnZVg4b2o2amdxOWktRmp5VUNOU1JXTExJMHB4N0hIVTY1aHhCcHJOZkxGMGJZYlBQZC1Nbw?oc=5,https://web.archive.org/web/*/https://news.google.com/rss/articles/CBMipwFBVV95cUxNQmFsMURGUjNja0RRbWdQUGpPUlBfbFVPNFc4dTRmbm5hWFhVeTVMeEFDQ25GekM2cGpvb0ozS1hxOHdTS0hPa0xNMXhSOFl0Rm00dDVoSExPUFcxQTdyM0VFQ3h5c25ObzhJcklXbU95bnVnZVg4b2o2amdxOWktRmp5VUNOU1JXTExJMHB4N0hIVTY1aHhCcHJOZkxGMGJZYlBQZC1Nbw?oc=5,Metadata and source-provided excerpt retained,Full text is not republished unless reuse permission or an open licence is documented.
151cd70d42c0d519,2026-08-28,2026-09-02T14:22:45Z,Khabarhub,"Rasuwa flood: 389 bodies recovered, 977 people missing - Khabarhub","Rasuwa flood: 389 bodies recovered, 977 people missing Khabarhub",https://news.google.com/rss/articles/CBMiWEFVX3lxTFBiVFp6TUQyRjVuRU8xWG9ydE1ZcDY1VDNWVGUxcWlSUWNMZXA3MlNPbFFmR3N6Wmt0d05XaHY2d0RwNGtxa2FKUDJrQ2lMX3BSdzhsa01PYlE?oc=5,https://web.archive.org/web/*/https://news.google.com/rss/articles/CBMiWEFVX3lxTFBiVFp6TUQyRjVuRU8xWG9ydE1ZcDY1VDNWVGUxcWlSUWNMZXA3MlNPbFFmR3N6Wmt0d05XaHY2d0RwNGtxa2FKUDJrQ2lMX3BSdzhsa01PYlE?oc=5,Metadata and source-provided excerpt retained,Full text is not republished unless reuse permission or an open licence is documented.
a802c09b5895d373,2026-08-28,2026-09-02T14:22:45Z,myRepublica,Climate Investment is GDP Defense : Rasuwa Flood - myRepublica,Climate Investment is GDP Defense : Rasuwa Flood myRepublica,https://news.google.com/rss/articles/CBMikgFBVV95cUxPNDNRMldxamZ6Q1I1UFdYVmRtQ0Y1N0prbGZmSXIwRXBiLWp6M1NXS0psMDBldTNQaTFYX20zWkZHRWVhUE53Z1pvSTcyYTMwUnZUd21FTER5UUpSQlo0V2xLcjFiSzRWa25OdjNKMTM5Z3g1aHVOMmhNOE1XS1dxd05UTWZ3RUhLYnAwMlVLczBCUQ?oc=5,https://web.archive.org/web/*/https://news.google.com/rss/articles/CBMikgFBVV95cUxPNDNRMldxamZ6Q1I1UFdYVmRtQ0Y1N0prbGZmSXIwRXBiLWp6M1NXS0psMDBldTNQaTFYX20zWkZHRWVhUE53Z1pvSTcyYTMwUnZUd21FTER5UUpSQlo0V2xLcjFiSzRWa25OdjNKMTM5Z3g1aHVOMmhNOE1XS1dxd05UTWZ3RUhLYnAwMlVLczBCUQ?oc=5,Metadata and source-provided excerpt retained,Full text is not republished unless reuse permission or an open licence is documented.
faacfd1bf425a3ec,2026-08-28,2026-09-02T14:22:45Z,OCHA,Nepal: Rasuwa Flood Flash Update #3 (As of 28 August 2026) - OCHA,Nepal: Rasuwa Flood Flash Update #3 (As of 28 August 2026) OCHA,https://news.google.com/rss/articles/CBMingFBVV95cUxQMUdUaHdYekt5dGd4TW1nSDRmSVdkN2F6d0cwU054anhmbnUyNzl4ZG9NUEQwQlRxa00tdmwtM1BQblo0LXB3MngzMDBMcTBCQVRsaEowSWt6YUkxQ0s0Y1hGakFSQWl1Tm84Nzd6c3dCbjdacUM2WFRIRzd5bGNvZWlibFQwNEo2RmltX0ZTaEQzQ2lTTVpnQzEzd3Zzdw?oc=5,https://web.archive.org/web/*/https://news.google.com/rss/articles/CBMingFBVV95cUxQMUdUaHdYekt5dGd4TW1nSDRmSVdkN2F6d0cwU054anhmbnUyNzl4ZG9NUEQwQlRxa00tdmwtM1BQblo0LXB3MngzMDBMcTBCQVRsaEowSWt6YUkxQ0s0Y1hGakFSQWl1Tm84Nzd6c3dCbjdacUM2WFRIRzd5bGNvZWlibFQwNEo2RmltX0ZTaEQzQ2lTTVpnQzEzd3Zzdw?oc=5,Metadata and source-provided excerpt retained,Full text is not republished unless reuse permission or an open licence is documented.
361818007042640d,2026-08-28,2026-09-02T14:22:45Z,ReliefWeb,"Satellite-Detected Newly Formed Barrier Lakes Following an Ice-Rock Avalanche in Rasuwa District, Nepal, as of 28 August 2026 (Imagery Analysis: 26&27/08/2026 Published: 27/08/2026","Satellite-Detected Newly Formed Barrier Lakes Following an Ice-Rock Avalanche in Rasuwa District, Nepal, as of 28 August 2026 (Imagery Analysis: 26&27/08/2026 Published: 27/08/2026 V1) ReliefWeb",https://news.google.com/rss/articles/CBMingJBVV95cUxOUV9PeUMybEQ1TV9Gbks2RnVxSkJSNVJGUmxnUFNNWG1TYkZtcnNfWXozYk9Bc2lZVWpzZXZnelhQX1ZwTWlLME80QTV0RllRN0tOTDk1TWhXUnVkUjRmY1dtNnRpZTlwRkJtNGdOYnowSl94STlUR2ZCeHZ3VEZsTVFsTU9za2dUcFV2RDd3ck9hVmlFbWNwdVpzUlFLYjB4MVpBU1RuWWlvY3cxVXBzc1E5bjZ1OVFMTWI2ODdGbzYzUV9yT0VRMmp1MXBFR2lERnBsUlFYWnZFNTVneDREUk5PbnZSVWQxSlVOZGhOQjktak5mUEEtb0NtVTlfUjIxMzdfR2NhQjhPd2ZBcDhqNDUzdWcwd25sd0g2RGFB?oc=5,https://web.archive.org/web/*/https://news.google.com/rss/articles/CBMingJBVV95cUxOUV9PeUMybEQ1TV9Gbks2RnVxSkJSNVJGUmxnUFNNWG1TYkZtcnNfWXozYk9Bc2lZVWpzZXZnelhQX1ZwTWlLME80QTV0RllRN0tOTDk1TWhXUnVkUjRmY1dtNnRpZTlwRkJtNGdOYnowSl94STlUR2ZCeHZ3VEZsTVFsTU9za2dUcFV2RDd3ck9hVmlFbWNwdVpzUlFLYjB4MVpBU1RuWWlvY3cxVXBzc1E5bjZ1OVFMTWI2ODdGbzYzUV9yT0VRMmp1MXBFR2lERnBsUlFYWnZFNTVneDREUk5PbnZSVWQxSlVOZGhOQjktak5mUEEtb0NtVTlfUjIxMzdfR2NhQjhPd2ZBcDhqNDUzdWcwd25sd0g2RGFB?oc=5,Metadata and source-provided excerpt retained,Full text is not republished unless reuse permission or an open licence is documented.
c2eec910556ebb40,2026-08-27,2026-09-02T14:22:45Z,The Rising Nepal,Bhotekoshi flood toll climbs to 389 - The Rising Nepal,Bhotekoshi flood toll climbs to 389 The Rising Nepal,https://news.google.com/rss/articles/CBMiUEFVX3lxTE5CQnVLY0R0SnB6LUVWdmtRUTM1eGRPVUlxcERjU2d0Z3B0aDNDT09sSjJkdHpTdFAtRE81dW1fUFk0bGU0NVRTV28wTzhOWG93?oc=5,https://web.archive.org/web/*/https://news.google.com/rss/articles/CBMiUEFVX3lxTE5CQnVLY0R0SnB6LUVWdmtRUTM1eGRPVUlxcERjU2d0Z3B0aDNDT09sSjJkdHpTdFAtRE81dW1fUFk0bGU0NVRTV28wTzhOWG93?oc=5,Metadata and source-provided excerpt retained,Full text is not republished unless reuse permission or an open licence is documented.
0a4f51dad0d3560e,2026-08-27,2026-09-02T14:22:45Z,NepalNews,Bhote Koshi flood leaves 668 tourists out of contact - NepalNews,Bhote Koshi flood leaves 668 tourists out of contact NepalNews,https://news.google.com/rss/articles/CBMiogFBVV95cUxPRFJsODVFdFBTR0hsNlNFWTF0aXNXWExRV1JZWmVNX19NMTluLTRJbDRUTU5qV01Wd0I4ek5aTXJBUGlsSFRRV2ZfeVhVZFlfcno2UXEtX1Zwb1BkSGltRmJMTFZoQWZpeVcwUjZ2clZBV0NBQ0pTSEJsdVBmbllORUM0dWJCQXV6OHVXWVBabW5TZU5zZUoyOERsX0tzblNHSEE?oc=5,https://web.archive.org/web/*/https://news.google.com/rss/articles/CBMiogFBVV95cUxPRFJsODVFdFBTR0hsNlNFWTF0aXNXWExRV1JZWmVNX19NMTluLTRJbDRUTU5qV01Wd0I4ek5aTXJBUGlsSFRRV2ZfeVhVZFlfcno2UXEtX1Zwb1BkSGltRmJMTFZoQWZpeVcwUjZ2clZBV0NBQ0pTSEJsdVBmbllORUM0dWJCQXV6OHVXWVBabW5TZU5zZUoyOERsX0tzblNHSEE?oc=5,Metadata and source-provided excerpt retained,Full text is not republished unless reuse permission or an open licence is documented.
331bb88870919ad3,2026-08-27,2026-09-02T14:22:45Z,The Tourism Times,"667 tourists, including 540 foreigners, reported missing in Rasuwa flood; 50 foreign nationals rescued - The Tourism Times","667 tourists, including 540 foreigners, reported missing in Rasuwa flood; 50 foreign nationals rescued The Tourism Times",https://news.google.com/rss/articles/CBMi2wFBVV95cUxQZnVQMHNBcEo2MHlSeVo2cHZ0YVpCNC1aS2Y3c3p4UU1iSVJVMXd6TFNJWDdvUmYxOF9uNl9EVU9NMzJTYlVCSGVSb2JSRHhWRVQ3aFNWVm9vbXpsdTJVMDZCSURvVDZzM0kzUFhVbGVKWXJqWkdZbW1fdGgwVzByZ1RjeWlpb3l0aTlmc29sOXZGQUo2Ym9pMHE0UWxKM3FxY3NsWnpQVHFRTHBuVU03cm1LRkU5MnpMcVJDZVQyQnN4VTVISzRzMlF2eXVxUnlhNld6QzdteGZpYWc?oc=5,https://web.archive.org/web/*/https://news.google.com/rss/articles/CBMi2wFBVV95cUxQZnVQMHNBcEo2MHlSeVo2cHZ0YVpCNC1aS2Y3c3p4UU1iSVJVMXd6TFNJWDdvUmYxOF9uNl9EVU9NMzJTYlVCSGVSb2JSRHhWRVQ3aFNWVm9vbXpsdTJVMDZCSURvVDZzM0kzUFhVbGVKWXJqWkdZbW1fdGgwVzByZ1RjeWlpb3l0aTlmc29sOXZGQUo2Ym9pMHE0UWxKM3FxY3NsWnpQVHFRTHBuVU03cm1LRkU5MnpMcVJDZVQyQnN4VTVISzRzMlF2eXVxUnlhNld6QzdteGZpYWc?oc=5,Metadata and source-provided excerpt retained,Full text is not republished unless reuse permission or an open licence is documented.
9d53d0eea00abb49,2026-08-27,2026-09-02T14:22:45Z,Ekantipur,Bhotekoshi Flood: 288 Indian Citizens Out of Contact - Ekantipur,Bhotekoshi Flood: 288 Indian Citizens Out of Contact Ekantipur,https://news.google.com/rss/articles/CBMingFBVV95cUxQYXRxU3lVXzVITjZwOWFEVkVod2Q2cnBsQlczSUJMUUFScVFDbU1PeXN1djJsOVVhbUs0Z1NhU0Z3S3d3Vy05eWlwUnZTWHVhUmdWQm1NbHBZUkZ0bUdwRDBSanBGVm5PSkpBX3F2cVZCd09TUnZqVFY0akR1UWdnLUItcGZ2OE10QVNCckw2OTVzVGV5RUg4LTlENVQ1dw?oc=5,https://web.archive.org/web/*/https://news.google.com/rss/articles/CBMingFBVV95cUxQYXRxU3lVXzVITjZwOWFEVkVod2Q2cnBsQlczSUJMUUFScVFDbU1PeXN1djJsOVVhbUs0Z1NhU0Z3S3d3Vy05eWlwUnZTWHVhUmdWQm1NbHBZUkZ0bUdwRDBSanBGVm5PSkpBX3F2cVZCd09TUnZqVFY0akR1UWdnLUItcGZ2OE10QVNCckw2OTVzVGV5RUg4LTlENVQ1dw?oc=5,Metadata and source-provided excerpt retained,Full text is not republished unless reuse permission or an open licence is documented.
4d3747fd92d3f64c,2026-08-27,2026-09-02T14:22:45Z,Khabarhub,"Bhotekoshi flood: 359 bodies recovered, 796 rescued by helicopter - Khabarhub","Bhotekoshi flood: 359 bodies recovered, 796 rescued by helicopter Khabarhub",https://news.google.com/rss/articles/CBMiWEFVX3lxTE9waG5KbEZYS3E3MGlVLUMxeDBIenlhYTl5VVFzeDE0UWpGb1ZCRTNvdFo3bmMtZG8weGNzeXliNlJ5SWxRcVNOSVBJSmNZSjFXTU9PZFRNRi0?oc=5,https://web.archive.org/web/*/https://news.google.com/rss/articles/CBMiWEFVX3lxTE9waG5KbEZYS3E3MGlVLUMxeDBIenlhYTl5VVFzeDE0UWpGb1ZCRTNvdFo3bmMtZG8weGNzeXliNlJ5SWxRcVNOSVBJSmNZSjFXTU9PZFRNRi0?oc=5,Metadata and source-provided excerpt retained,Full text is not republished unless reuse permission or an open licence is documented.
bd0d24a64a400f52,2026-08-27,2026-09-02T16:32:47Z,Onlinekhabar English,New flood threat looms in Rasuwa as lake forms upstream - Onlinekhabar English,New flood threat looms in Rasuwa as lake forms upstream Onlinekhabar English,https://news.google.com/rss/articles/CBMieEFVX3lxTE5Wbm9XMGtRdGZyZG1XSTE1X1hWeW52dmpDQzFkNFdjSmNHWFBxbGxtUXBLcmpxekFHc0xRR296QUp5LW5YZXMyMUhLbWhNYTVybFU5WHFveUF2OFRYNmJsR0pnMWpQWTVrckJ6MnZrREpIUHZQNGtfSw?oc=5,https://web.archive.org/web/*/https://news.google.com/rss/articles/CBMieEFVX3lxTE5Wbm9XMGtRdGZyZG1XSTE1X1hWeW52dmpDQzFkNFdjSmNHWFBxbGxtUXBLcmpxekFHc0xRR296QUp5LW5YZXMyMUhLbWhNYTVybFU5WHFveUF2OFRYNmJsR0pnMWpQWTVrckJ6MnZrREpIUHZQNGtfSw?oc=5,Metadata and source-provided excerpt retained,Full text is not republished unless reuse permission or an open licence is documented.
2f3662033ba9e6be,2026-08-27,2026-09-02T14:22:45Z,myRepublica,Rasuwa flood caused by ice avalanche in Lendhe river: preliminary assessment - myRepublica,Rasuwa flood caused by ice avalanche in Lendhe river: preliminary assessment myRepublica,https://news.google.com/rss/articles/CBMizwFBVV95cUxPVGhORWZqdkdtVnBDY2lRbnZwbjNfSHVRMEZlel9BVi1HRnlnQmgtRTVZWWRzdGlVcm1MdHFQZXVYVXFNaWJvemtfRXhGS0tYN2FkS2FNMjdJZXdwOHk5cWkyc0cwTkdLR0xCWDVSejdHUy1sSDdhSWVNZG1fNmp5UUVIOHZyNkNZck5scF9uUzJPU1Zocmx6T1k1cDQtWDVkR1Ytejd2QktkLVZuUTZhTklKbVVGbDlHZHd1SzhwOWJTNHpoczRXNjZEczBVSVk?oc=5,https://web.archive.org/web/*/https://news.google.com/rss/articles/CBMizwFBVV95cUxPVGhORWZqdkdtVnBDY2lRbnZwbjNfSHVRMEZlel9BVi1HRnlnQmgtRTVZWWRzdGlVcm1MdHFQZXVYVXFNaWJvemtfRXhGS0tYN2FkS2FNMjdJZXdwOHk5cWkyc0cwTkdLR0xCWDVSejdHUy1sSDdhSWVNZG1fNmp5UUVIOHZyNkNZck5scF9uUzJPU1Zocmx6T1k1cDQtWDVkR1Ytejd2QktkLVZuUTZhTklKbVVGbDlHZHd1SzhwOWJTNHpoczRXNjZEczBVSVk?oc=5,Metadata and source-provided excerpt retained,Full text is not republished unless reuse permission or an open licence is documented.
face782ece2a9f43,2026-08-26,2026-09-02T14:22:45Z,Big News Network.com,"Ice avalanche, debris lake may have triggered Bhotekoshi flood in Nepal: Report - Big News Network.com","Ice avalanche, debris lake may have triggered Bhotekoshi flood in Nepal: Report Big News Network.com",https://news.google.com/rss/articles/CBMiwAFBVV95cUxOT01Ha3ZBbldXVlduNVc4dzBRc3dmRDZtZXNJN2NpOXNQQV9scUNjUmZjcm5INEl2TnlpV1NOd2gwa2xYTUwwTGptdUwzRElpdlRUaGc2VVEzV1JTWDk3MmQ0WjlORGFtZ2M4dVBMYU5iaWp2UEE4b0VnSVh2aVVhb2RSY29oaGJrTHplUjBBR0M4SmFlRUpVRUJBY2pBcC1WUXRacUg1b3ZhM0piOGJLZFR3MXdnYWwwajBsODhFbDg?oc=5,https://web.archive.org/web/*/https://news.google.com/rss/articles/CBMiwAFBVV95cUxOT01Ha3ZBbldXVlduNVc4dzBRc3dmRDZtZXNJN2NpOXNQQV9scUNjUmZjcm5INEl2TnlpV1NOd2gwa2xYTUwwTGptdUwzRElpdlRUaGc2VVEzV1JTWDk3MmQ0WjlORGFtZ2M4dVBMYU5iaWp2UEE4b0VnSVh2aVVhb2RSY29oaGJrTHplUjBBR0M4SmFlRUpVRUJBY2pBcC1WUXRacUg1b3ZhM0piOGJLZFR3MXdnYWwwajBsODhFbDg?oc=5,Metadata and source-provided excerpt retained,Full text is not republished unless reuse permission or an open licence is documented.
2f34f98a4dae466a,2026-08-26,2026-09-02T14:22:45Z,The Times of India,Ice-rock avalanche likely triggered Bhotekoshi flood; quake link under probe - The Times of India,Ice-rock avalanche likely triggered Bhotekoshi flood; quake link under probe The Times of India,https://news.google.com/rss/articles/CBMi6gFBVV95cUxNdWxiYmMtck5vRWc3LUl0cVR0T0VDbHVQcGllX2xPZlpsb3lmMXYwS3p5OXUwQnFfdnpkdnZFMFNDWmVxdG5tUU9GbUJwVThIa2lueHloSnE3VDdUd0RFQkxqN3hUcklpVXA5eUxSQ0l0WWFyU3VKeVduWTJPbHBpUjRHUkRWWTJ3dHlQQ1VzS1htdy1fZS1jNHlLZVA0bkJOV2FTd0hBcHY5RERILXZ6WGN4MmRkUkN2SVpjdWJ6N0hNQVJLNlZReDJDS1FfTzBZRHJEb09nS0lhb00yNHFvcEI2SkpUSHBpbnfSAe8BQVVfeXFMTVRMcFNvUUxqeV9iM24zalpyUDYySzdyNEFJRVNWYktHcGRsM2ZybER3ZlctT0J1VEl3ZVozLUVid3J2ZUxtTjlNYVJuTXJKMm5YbzZ5dXVKblRkRkNpbEpyX1lQcjJ5VDhlUzUxTlhDVENTb1FuaFF0OVNmYUJlMkE3Mjh5amhucUxtbWRWcXRWbHJHRlo0Q0cyVXZWUk5HZUlKQ1hLQlRxSE1XZEc0OEdXRHlzLXBMNVdVRFF0Q09RbGU3MWlXTk5zczN1RWxDRFZuY1B3STF3S2RTaTJ5eEg0dWlxcERGT3Z0YlJuaEU?oc=5,https://web.archive.org/web/*/https://news.google.com/rss/articles/CBMi6gFBVV95cUxNdWxiYmMtck5vRWc3LUl0cVR0T0VDbHVQcGllX2xPZlpsb3lmMXYwS3p5OXUwQnFfdnpkdnZFMFNDWmVxdG5tUU9GbUJwVThIa2lueHloSnE3VDdUd0RFQkxqN3hUcklpVXA5eUxSQ0l0WWFyU3VKeVduWTJPbHBpUjRHUkRWWTJ3dHlQQ1VzS1htdy1fZS1jNHlLZVA0bkJOV2FTd0hBcHY5RERILXZ6WGN4MmRkUkN2SVpjdWJ6N0hNQVJLNlZReDJDS1FfTzBZRHJEb09nS0lhb00yNHFvcEI2SkpUSHBpbnfSAe8BQVVfeXFMTVRMcFNvUUxqeV9iM24zalpyUDYySzdyNEFJRVNWYktHcGRsM2ZybER3ZlctT0J1VEl3ZVozLUVid3J2ZUxtTjlNYVJuTXJKMm5YbzZ5dXVKblRkRkNpbEpyX1lQcjJ5VDhlUzUxTlhDVENTb1FuaFF0OVNmYUJlMkE3Mjh5amhucUxtbWRWcXRWbHJHRlo0Q0cyVXZWUk5HZUlKQ1hLQlRxSE1XZEc0OEdXRHlzLXBMNVdVRFF0Q09RbGU3MWlXTk5zczN1RWxDRFZuY1B3STF3S2RTaTJ5eEg0dWlxcERGT3Z0YlJuaEU?oc=5,Metadata and source-provided excerpt retained,Full text is not republished unless reuse permission or an open licence is documented.
2350c2b9febc0849,2026-08-26,2026-09-02T14:22:45Z,myRepublica,384 tourists including 291 foreigners missing after Rasuwa flood - myRepublica,384 tourists including 291 foreigners missing after Rasuwa flood myRepublica,https://news.google.com/rss/articles/CBMiwAFBVV95cUxNVm1DQlFfWHlIekhRcUxTNGtRbkxXVzFqSDJSV0o0OElZbEkyVnRTbTZqYjdqOV9ueFB1QTBIdHE5TDVMbW1NVE51QXRmZXRfYlVZZHA1SmpsU1BsOFNTenV4c0NuUV9PaW9vd2ZoRG01d3BHU1JQYVZmcjdUYmFvZkJrU2J1VDdSTVZKUVNwaTltWnRRVXJOMU9QUmJCSzhpb2MzYjdzcGhrSi1VdlVBLUdMb29JSTJSeDNTblFuaGQ?oc=5,https://web.archive.org/web/*/https://news.google.com/rss/articles/CBMiwAFBVV95cUxNVm1DQlFfWHlIekhRcUxTNGtRbkxXVzFqSDJSV0o0OElZbEkyVnRTbTZqYjdqOV9ueFB1QTBIdHE5TDVMbW1NVE51QXRmZXRfYlVZZHA1SmpsU1BsOFNTenV4c0NuUV9PaW9vd2ZoRG01d3BHU1JQYVZmcjdUYmFvZkJrU2J1VDdSTVZKUVNwaTltWnRRVXJOMU9QUmJCSzhpb2MzYjdzcGhrSi1VdlVBLUdMb29JSTJSeDNTblFuaGQ?oc=5,Metadata and source-provided excerpt retained,Full text is not republished unless reuse permission or an open licence is documented.
063bfef9be253391,2026-08-26,2026-09-02T14:22:45Z,The Kathmandu Post,Seven confirmed dead in Rasuwa flood - The Kathmandu Post,Seven confirmed dead in Rasuwa flood The Kathmandu Post,https://news.google.com/rss/articles/CBMiigFBVV95cUxPcDctYWRQcThFM2lXbVRZOGJaY1k2RjA1eWtleFc1SGFVQk9zR0lWQlp4X2pCZ1kybFRHRjljNC1LOGNJeVpMX1JkT3N0c25ldWVIMk9aeGFxYjRaY1oyTTJ3Q3oycUxVdFo0eU9ubUVLZl9GQ1FoejdLdHpZdC1UczFubFQtajllcmc?oc=5,https://web.archive.org/web/*/https://news.google.com/rss/articles/CBMiigFBVV95cUxPcDctYWRQcThFM2lXbVRZOGJaY1k2RjA1eWtleFc1SGFVQk9zR0lWQlp4X2pCZ1kybFRHRjljNC1LOGNJeVpMX1JkT3N0c25ldWVIMk9aeGFxYjRaY1oyTTJ3Q3oycUxVdFo0eU9ubUVLZl9GQ1FoejdLdHpZdC1UczFubFQtajllcmc?oc=5,Metadata and source-provided excerpt retained,Full text is not republished unless reuse permission or an open licence is documented.
40ccd2afebc3a9f1,2026-08-26,2026-09-02T14:22:45Z,Ekantipur,"Nepali article: After the Rasuwa flood, the prime minister said: All agencies have been mobilized for the rescue operation. - Ekantipur","Nepali article: After the Rasuwa flood, the prime minister said: All agencies have been mobilized for the rescue operation. Ekantipur",https://news.google.com/rss/articles/CBMi2gFBVV95cUxNWjdBTFpTUkI3bUEybkZLek1IY1FxYjZnTnEyc3RsMUpwUnN4cERlc0VkMWNsTkI4NnhCNFlRaUFFS0V6NFAxRi04WUswZHpRX1RubmlzejJCMEtZTTF4OTI2Mks5U2gtcFZrNFJ3NnE3Nnc4d0ZfUUhwR1dLSkVjdldPdWd1cnloNjAxc1ZMM3JvOUV4dE1td0gxbzltNXMzdmRyRklSOW51NHV0aUxzb0NNRk53REEwMzE2cXlhNm54Sjd0dWE4bV9FdzFFTDJaS0JlV0tqbHZXdw?oc=5,https://web.archive.org/web/*/https://news.google.com/rss/articles/CBMi2gFBVV95cUxNWjdBTFpTUkI3bUEybkZLek1IY1FxYjZnTnEyc3RsMUpwUnN4cERlc0VkMWNsTkI4NnhCNFlRaUFFS0V6NFAxRi04WUswZHpRX1RubmlzejJCMEtZTTF4OTI2Mks5U2gtcFZrNFJ3NnE3Nnc4d0ZfUUhwR1dLSkVjdldPdWd1cnloNjAxc1ZMM3JvOUV4dE1td0gxbzltNXMzdmRyRklSOW51NHV0aUxzb0NNRk53REEwMzE2cXlhNm54Sjd0dWE4bV9FdzFFTDJaS0JlV0tqbHZXdw?oc=5,Metadata and source-provided excerpt retained,Full text is not republished unless reuse permission or an open licence is documented.
5279e1ad5e883f58,2026-08-26,2026-09-02T14:22:45Z,The Kathmandu Post,"Bhotekoshi flood: What we know, what remains unclear - The Kathmandu Post","Bhotekoshi flood: What we know, what remains unclear The Kathmandu Post",https://news.google.com/rss/articles/CBMinAFBVV95cUxNLTVhQVlLblMtNlpMQnNyZjBad2pKQ2F0SmRjVXJXa3ZMcXhTM25BR0VNYU1jaGpidUZRMi1rS21lV0pZbFcxN0JZV0xKdTVGWWhMVmxUMk5ZTUlmYjVvb2dvcGM4Z2k5dzctNXVjQXkzRmVCd3VCcWFwSVRIU2NadS1IOXJnRTNmU1ZZdy1PdjVFOVdrOFFmNVBqTFQ?oc=5,https://web.archive.org/web/*/https://news.google.com/rss/articles/CBMinAFBVV95cUxNLTVhQVlLblMtNlpMQnNyZjBad2pKQ2F0SmRjVXJXa3ZMcXhTM25BR0VNYU1jaGpidUZRMi1rS21lV0pZbFcxN0JZV0xKdTVGWWhMVmxUMk5ZTUlmYjVvb2dvcGM4Z2k5dzctNXVjQXkzRmVCd3VCcWFwSVRIU2NadS1IOXJnRTNmU1ZZdy1PdjVFOVdrOFFmNVBqTFQ?oc=5,Metadata and source-provided excerpt retained,Full text is not republished unless reuse permission or an open licence is documented.
0dbee0df64c55cf2,2026-09-02,2026-09-02T14:22:45Z,The Rising Nepal,"Death toll of devastating Bhotekoshi flood reaches 1,114 so far - The Rising Nepal","Death toll of devastating Bhotekoshi flood reaches 1,114 so far The Rising Nepal",https://news.google.com/rss/articles/CBMiUEFVX3lxTE9nWmE1R3FiU2ZKZGx1RzJLT1hURF9Ocmk4S2RXdS1KNHAxY3BVQ3BkeVBHTFJvVEJ4emJsNFJTUmI4anlnTUQwMTg4cUVlY01Q?oc=5,https://web.archive.org/web/*/https://news.google.com/rss/articles/CBMiUEFVX3lxTE9nWmE1R3FiU2ZKZGx1RzJLT1hURF9Ocmk4S2RXdS1KNHAxY3BVQ3BkeVBHTFJvVEJ4emJsNFJTUmI4anlnTUQwMTg4cUVlY01Q?oc=5,Metadata and source-provided excerpt retained,Full text is not republished unless reuse permission or an open licence is documented.
22e7e8df80b9202f,2026-09-02,2026-09-02T14:22:45Z,Ministry of Foreign Affairs Nepal,"Press Briefing Note by Foreign Secretary on Bhote Koshi Flood (Sunday, 2:00 PM, 30 August 2026) - Ministry of Foreign Affairs Nepal","Press Briefing Note by Foreign Secretary on Bhote Koshi Flood (Sunday, 2:00 PM, 30 August 2026) Ministry of Foreign Affairs Nepal",https://news.google.com/rss/articles/CBMigwFBVV95cUxNeHR3OUgyT2xrSmFndUhfa0oweW5BYlAtRkhVSmkxS2YzY3lORU5TbVFMa3RvV0owOWpmRXNaOWk3QXdZVExEWngyelRySE5iWDkwc3ZrOFhkMVNjRlFuM3J5V3kwZlFwelMzSUZ5MEk4MTI5V215bGJWN0RpRzZHZGt1SQ?oc=5,https://web.archive.org/web/*/https://news.google.com/rss/articles/CBMigwFBVV95cUxNeHR3OUgyT2xrSmFndUhfa0oweW5BYlAtRkhVSmkxS2YzY3lORU5TbVFMa3RvV0owOWpmRXNaOWk3QXdZVExEWngyelRySE5iWDkwc3ZrOFhkMVNjRlFuM3J5V3kwZlFwelMzSUZ5MEk4MTI5V215bGJWN0RpRzZHZGt1SQ?oc=5,Metadata and source-provided excerpt retained,Full text is not republished unless reuse permission or an open licence is documented.
6d74e9d04195fbea,2026-09-02,2026-09-02T14:22:45Z,english.ratopati.com,Study Reveals Causes of Devastating Flood in Rasuwa - english.ratopati.com,Study Reveals Causes of Devastating Flood in Rasuwa english.ratopati.com,https://news.google.com/rss/articles/CBMitwFBVV95cUxNYW9WaFBmRk1qdXlBMFoweHQzQVZ3V2xhY0JQbm1sSGx2SndabjJrdFJOMGZ6QzZtSVdFcUNRM3NQRGtUb3NqQWV0TFFqS0JUNXhmWUFTU0EtRzR4b01xdVh4MDZHZEthYjU2LTc0TjJzdnZRbUxlY3NFZUNob3lWME93Mk5MTDJPM1Y3UXRPU3VlaS1CUmZ0bGtTbFZlX1paR1BOanZZX0s2U1ZhODByVDBlTE91aHc?oc=5,https://web.archive.org/web/*/https://news.google.com/rss/articles/CBMitwFBVV95cUxNYW9WaFBmRk1qdXlBMFoweHQzQVZ3V2xhY0JQbm1sSGx2SndabjJrdFJOMGZ6QzZtSVdFcUNRM3NQRGtUb3NqQWV0TFFqS0JUNXhmWUFTU0EtRzR4b01xdVh4MDZHZEthYjU2LTc0TjJzdnZRbUxlY3NFZUNob3lWME93Mk5MTDJPM1Y3UXRPU3VlaS1CUmZ0bGtTbFZlX1paR1BOanZZX0s2U1ZhODByVDBlTE91aHc?oc=5,Metadata and source-provided excerpt retained,Full text is not republished unless reuse permission or an open licence is documented.
991de20dcb8f2605,2026-09-02,2026-09-02T14:22:45Z,ReliefWeb,Nepal: Rasuwa Flood Flash Update #5 (As of 1 September 2026) - ReliefWeb,Nepal: Rasuwa Flood Flash Update #5 (As of 1 September 2026) ReliefWeb,https://news.google.com/rss/articles/CBMijgFBVV95cUxOOEJydTBYTEEzdWkxa2J0azRpZTJNYjBYRkdIVnRuU01sZldheUoyM09MZkxKWXhNcWItd2RpVDE2WUhLMHZha0tKenhuNG05MDAxaHNSNnFFSGloSEVwek1JRXM5MWtrSnBTandvSWd3UlNjUnV3LTJ3Y2x5blFXVzJXX2VyUV9DNTNiMlRn?oc=5,https://web.archive.org/web/*/https://news.google.com/rss/articles/CBMijgFBVV95cUxOOEJydTBYTEEzdWkxa2J0azRpZTJNYjBYRkdIVnRuU01sZldheUoyM09MZkxKWXhNcWItd2RpVDE2WUhLMHZha0tKenhuNG05MDAxaHNSNnFFSGloSEVwek1JRXM5MWtrSnBTandvSWd3UlNjUnV3LTJ3Y2x5blFXVzJXX2VyUV9DNTNiMlRn?oc=5,Metadata and source-provided excerpt retained,Full text is not republished unless reuse permission or an open licence is documented.
2dfbcda584f2d554,2026-09-02,2026-09-02T14:22:45Z,The Rising Nepal,HoR meeting at 1 pm today to discuss Bhotekoshi flood - The Rising Nepal,HoR meeting at 1 pm today to discuss Bhotekoshi flood The Rising Nepal,https://news.google.com/rss/articles/CBMiUEFVX3lxTE1WOVZZVUs1cDM0N1lXajN0c2g3NXBJdWl1aHNFd3RmQThzSjJMaEhOa19QY3k2RC1lb2owSS1USy11ZGhUOUtHU1MwcDg5ZC0x?oc=5,https://web.archive.org/web/*/https://news.google.com/rss/articles/CBMiUEFVX3lxTE1WOVZZVUs1cDM0N1lXajN0c2g3NXBJdWl1aHNFd3RmQThzSjJMaEhOa19QY3k2RC1lb2owSS1USy11ZGhUOUtHU1MwcDg5ZC0x?oc=5,Metadata and source-provided excerpt retained,Full text is not republished unless reuse permission or an open licence is documented.
813863dff1d4d038,2026-09-02,2026-09-02T14:22:45Z,NepalNews,Bhote Koshi flood: Can Nepal get compensation from the UN-backed Loss and Damage Fund? - NepalNews,Bhote Koshi flood: Can Nepal get compensation from the UN-backed Loss and Damage Fund? NepalNews,https://news.google.com/rss/articles/CBMixwFBVV95cUxOazVTbHVjSUhpRmsxSGRKWUJ2UWlKTDUwekVmOWxPU2NjckMxdG5HRHhlMU9KTlFQRTNpYlV0QnBsRFpGQ0Q5UkVGakNEQUJiM1VXeUt6Wk1ISHBSdjNzRkNWQXBTMmhtdWs0ZDJocGFTS3ZOVmZsTXNRc1NhNkRmZGMxZ1dJd1E1T3FmeW9Wa1pJMmVQc3V3Z3k4Rk1KaTJmb1Rqd0dwYWJyOXltVzV1QmNQSUpvU1hvb2NKc21MNENFVUdRTG5B?oc=5,https://web.archive.org/web/*/https://news.google.com/rss/articles/CBMixwFBVV95cUxOazVTbHVjSUhpRmsxSGRKWUJ2UWlKTDUwekVmOWxPU2NjckMxdG5HRHhlMU9KTlFQRTNpYlV0QnBsRFpGQ0Q5UkVGakNEQUJiM1VXeUt6Wk1ISHBSdjNzRkNWQXBTMmhtdWs0ZDJocGFTS3ZOVmZsTXNRc1NhNkRmZGMxZ1dJd1E1T3FmeW9Wa1pJMmVQc3V3Z3k4Rk1KaTJmb1Rqd0dwYWJyOXltVzV1QmNQSUpvU1hvb2NKc21MNENFVUdRTG5B?oc=5,Metadata and source-provided excerpt retained,Full text is not republished unless reuse permission or an open licence is documented.
dc8cb98acd3605f3,2026-09-02,2026-09-02T14:22:45Z,The Himalayan Times,"Bhotekoshi flood death toll reaches 1,114 - The Himalayan Times","Bhotekoshi flood death toll reaches 1,114 The Himalayan Times",https://news.google.com/rss/articles/CBMiXEFVX3lxTE9DeGZwQWRWeDVKOWdDQXZMYlo3MzR1aFFfWGFEYTMwVUZQd3pGQV82MFR0ME0zdlIyVW5aVHFOME5sQXpjNWl3Y1BWeG1BeVpPWnlWMUp3SXFFVGRH0gFcQVVfeXFMT0N4ZnBBZFZ4NUo5Z0NBdkxiWjczNHVoUV9YYURhMzBVRlB3ekZBXzYwVHQwTTN2UjJVblpUcU4wTmxBemM1aXdjUFZ4bUF5Wk9aeVYxSndJcUVUZEc?oc=5,https://web.archive.org/web/*/https://news.google.com/rss/articles/CBMiXEFVX3lxTE9DeGZwQWRWeDVKOWdDQXZMYlo3MzR1aFFfWGFEYTMwVUZQd3pGQV82MFR0ME0zdlIyVW5aVHFOME5sQXpjNWl3Y1BWeG1BeVpPWnlWMUp3SXFFVGRH0gFcQVVfeXFMT0N4ZnBBZFZ4NUo5Z0NBdkxiWjczNHVoUV9YYURhMzBVRlB3ekZBXzYwVHQwTTN2UjJVblpUcU4wTmxBemM1aXdjUFZ4bUF5Wk9aeVYxSndJcUVUZEc?oc=5,Metadata and source-provided excerpt retained,Full text is not republished unless reuse permission or an open licence is documented.
8ab4dd28bc38c0a1,2026-09-02,2026-09-02T14:22:45Z,NepalNews,Bhote Koshi flood: Support pours in from Banke - NepalNews,Bhote Koshi flood: Support pours in from Banke NepalNews,https://news.google.com/rss/articles/CBMijgFBVV95cUxNN2k0dWdDWVAzZElsclQ3WDRQSUpyT01hWDBmaWtJVWpQUTc2V2I1aWFfaXZDeXloTkRZRjZOdm1QbjZvUDEyX29WQzhiVDBNYnI5Mjh3WU52b2tORGJMd2NMRG9hX3lQOFNzSXo2bjYxenhUX2drME55cEZLcm9nSG1sbXRWRGNRQ04xNHB3?oc=5,https://web.archive.org/web/*/https://news.google.com/rss/articles/CBMijgFBVV95cUxNN2k0dWdDWVAzZElsclQ3WDRQSUpyT01hWDBmaWtJVWpQUTc2V2I1aWFfaXZDeXloTkRZRjZOdm1QbjZvUDEyX29WQzhiVDBNYnI5Mjh3WU52b2tORGJMd2NMRG9hX3lQOFNzSXo2bjYxenhUX2drME55cEZLcm9nSG1sbXRWRGNRQ04xNHB3?oc=5,Metadata and source-provided excerpt retained,Full text is not republished unless reuse permission or an open licence is documented.
264b173377ed5610,2026-09-02,2026-09-02T14:22:45Z,Inquirer.net,Nepal seeks urgent climate finance after Bhotekoshi flood - Inquirer.net,Nepal seeks urgent climate finance after Bhotekoshi flood Inquirer.net,https://news.google.com/rss/articles/CBMinwFBVV95cUxOc2pDdnQwSWNpS3FqMjNXWXpkd2JnRXZZWUpkc1ZKNDd4NHdaZFZYbTRkcklMaWgyNHNlSGluQkZKZEVfNnNTQ3V5OWZaS0plOWJsZVpEcFhnRXI4bElhNnJha0dTZlhYOHdCZS1HMHJ0dXRxVDBjZmVqSGVyOHdwNlVWMUt6OTRvQ3gwR0NaMENxYjV0bk50ZlhkNVhRRFXSAaQBQVVfeXFMT3dwYUF4MVZtdVBfMkpmVFNrZnpqNEN2N3VZWkVyRjNzMm5FTjRyaVppdW9RbjhvTE5VRlVpMk11b2lqUkt3X01CZTNSckpNWE5mdVZoaVVoWUVzc2ZLSk84X2lDSHY1Uzk3Z241SENyWmE1dzN4UWdTVW8tdXVsdHFVSHdnVlpKc3hBSm1aTDlIN0hBeVVtUWNTMjV2MUo4TGdnX2o?oc=5,https://web.archive.org/web/*/https://news.google.com/rss/articles/CBMinwFBVV95cUxOc2pDdnQwSWNpS3FqMjNXWXpkd2JnRXZZWUpkc1ZKNDd4NHdaZFZYbTRkcklMaWgyNHNlSGluQkZKZEVfNnNTQ3V5OWZaS0plOWJsZVpEcFhnRXI4bElhNnJha0dTZlhYOHdCZS1HMHJ0dXRxVDBjZmVqSGVyOHdwNlVWMUt6OTRvQ3gwR0NaMENxYjV0bk50ZlhkNVhRRFXSAaQBQVVfeXFMT3dwYUF4MVZtdVBfMkpmVFNrZnpqNEN2N3VZWkVyRjNzMm5FTjRyaVppdW9RbjhvTE5VRlVpMk11b2lqUkt3X01CZTNSckpNWE5mdVZoaVVoWUVzc2ZLSk84X2lDSHY1Uzk3Z241SENyWmE1dzN4UWdTVW8tdXVsdHFVSHdnVlpKc3hBSm1aTDlIN0hBeVVtUWNTMjV2MUo4TGdnX2o?oc=5,Metadata and source-provided excerpt retained,Full text is not republished unless reuse permission or an open licence is documented.
f414f6ec2471f9e8,2026-09-02,2026-09-02T14:22:45Z,The Rising Nepal,Rasuwa flood damage unimaginable: CM Thapa - The Rising Nepal,Rasuwa flood damage unimaginable: CM Thapa The Rising Nepal,https://news.google.com/rss/articles/CBMiUEFVX3lxTE1zWFlPcDB2bnNMdUUyWnU1UEVtQW5fZlRXUWJkc2dDc195UnV6U0FmU3J2eDg5QmhENXU2U1dBeXFFenVYYXJLRmtIS0Fkc3lC?oc=5,https://web.archive.org/web/*/https://news.google.com/rss/articles/CBMiUEFVX3lxTE1zWFlPcDB2bnNMdUUyWnU1UEVtQW5fZlRXUWJkc2dDc195UnV6U0FmU3J2eDg5QmhENXU2U1dBeXFFenVYYXJLRmtIS0Fkc3lC?oc=5,Metadata and source-provided excerpt retained,Full text is not republished unless reuse permission or an open licence is documented.
916f0daae258a702,2026-09-01,2026-09-02T14:22:45Z,The Farsight Nepal,Rasuwa flood leaves insurers facing NRs 25.87 billion in claims - The Farsight Nepal,Rasuwa flood leaves insurers facing NRs 25.87 billion in claims The Farsight Nepal,https://news.google.com/rss/articles/CBMimgFBVV95cUxPZ09xa29Bd3NMZWZTcnYwdll5U082cS1ubXotSlNISjdWQzNlU3JoNGs3TlJtZHloMVNpVWpOYWR2Tm0zaFRlMUxiYXVlMW5VZEpMejRRY0FhTVBycnZLcHJTRm1Pb0VGeEV1UFoxMnBTOXRUejhmb0pMQXlqdzdBOTQ2MTdrcVlnWmI3aTNvME8talBJMk5qbE53?oc=5,https://web.archive.org/web/*/https://news.google.com/rss/articles/CBMimgFBVV95cUxPZ09xa29Bd3NMZWZTcnYwdll5U082cS1ubXotSlNISjdWQzNlU3JoNGs3TlJtZHloMVNpVWpOYWR2Tm0zaFRlMUxiYXVlMW5VZEpMejRRY0FhTVBycnZLcHJTRm1Pb0VGeEV1UFoxMnBTOXRUejhmb0pMQXlqdzdBOTQ2MTdrcVlnWmI3aTNvME8talBJMk5qbE53?oc=5,Metadata and source-provided excerpt retained,Full text is not republished unless reuse permission or an open licence is documented.
fa9112966c0f9836,2026-09-01,2026-09-02T14:22:45Z,NepalNews,"Lamichhane, Chinese envoy discuss support for Bhote Koshi flood recovery - NepalNews","Lamichhane, Chinese envoy discuss support for Bhote Koshi flood recovery NepalNews",https://news.google.com/rss/articles/CBMitAFBVV95cUxOYXpnem55Y1hWcXN6RTMtQmEwaEpTVXJBUzBCMFlFbU00WjVtZk9CUlg1MklzeHVtMm1yN1VaSFI2Ym1CWElIWDJ2VjZUTld6dGZpTng0YzBlVF9NNk1ya1hpVnlEYVlWQml5RkZNWjVpR0JYbFZLdk5kUWhrYU9rdmc2OHU3b2ZYMnN5LVdTVG9DLTljTzZ0QnhKTGFnMkFDTnFQd0RpYzJUN041eGg3VC1XTjY?oc=5,https://web.archive.org/web/*/https://news.google.com/rss/articles/CBMitAFBVV95cUxOYXpnem55Y1hWcXN6RTMtQmEwaEpTVXJBUzBCMFlFbU00WjVtZk9CUlg1MklzeHVtMm1yN1VaSFI2Ym1CWElIWDJ2VjZUTld6dGZpTng0YzBlVF9NNk1ya1hpVnlEYVlWQml5RkZNWjVpR0JYbFZLdk5kUWhrYU9rdmc2OHU3b2ZYMnN5LVdTVG9DLTljTzZ0QnhKTGFnMkFDTnFQd0RpYzJUN041eGg3VC1XTjY?oc=5,Metadata and source-provided excerpt retained,Full text is not republished unless reuse permission or an open licence is documented.
caa817548c56a80f,2026-09-01,2026-09-02T14:22:45Z,The Rising Nepal,All-party meeting at 2:00pm to discuss Bhotekoshi flood - The Rising Nepal,All-party meeting at 2:00pm to discuss Bhotekoshi flood The Rising Nepal,https://news.google.com/rss/articles/CBMiUEFVX3lxTFBnY3ZPU0MxTFMxeXlvRDE2NGtpTC15Y2M0anVpVmhiSXJLUTFKbl93aEl6dkNiLVBCS1dUV29GQ21oYkNUMVlxU0NMaEIxWG8t?oc=5,https://web.archive.org/web/*/https://news.google.com/rss/articles/CBMiUEFVX3lxTFBnY3ZPU0MxTFMxeXlvRDE2NGtpTC15Y2M0anVpVmhiSXJLUTFKbl93aEl6dkNiLVBCS1dUV29GQ21oYkNUMVlxU0NMaEIxWG8t?oc=5,Metadata and source-provided excerpt retained,Full text is not republished unless reuse permission or an open licence is documented.
e10ad452958677db,2026-09-01,2026-09-02T14:22:45Z,NepalNews,"315 foreign tourists rescued following Bhote Koshi flood, 583 still missing - NepalNews","315 foreign tourists rescued following Bhote Koshi flood, 583 still missing NepalNews",https://news.google.com/rss/articles/CBMivwFBVV95cUxOamMtcThPOHNyWm9JMlRUY0E5MFNERWFZWXZmVGdPenQyRGJNV2l6eVJ6YVVxQTV6a002Slc4Vm1KclZlNU1oeGtrRUhoMFRTcEJMaklYLVNMc2hmYnU5by1idDNqYWxXQnlCdThDd3FtSVpFbFJpdFRpS0VWb2VWd3pVNzZ3QUsyeW56QkpPSXBsTF81bHcwMk56RkpEdTFWVFRXeHIwOUJIeU5WdzA0NjNIVkJUZUhrekZ5WDIxMA?oc=5,https://web.archive.org/web/*/https://news.google.com/rss/articles/CBMivwFBVV95cUxOamMtcThPOHNyWm9JMlRUY0E5MFNERWFZWXZmVGdPenQyRGJNV2l6eVJ6YVVxQTV6a002Slc4Vm1KclZlNU1oeGtrRUhoMFRTcEJMaklYLVNMc2hmYnU5by1idDNqYWxXQnlCdThDd3FtSVpFbFJpdFRpS0VWb2VWd3pVNzZ3QUsyeW56QkpPSXBsTF81bHcwMk56RkpEdTFWVFRXeHIwOUJIeU5WdzA0NjNIVkJUZUhrekZ5WDIxMA?oc=5,Metadata and source-provided excerpt retained,Full text is not republished unless reuse permission or an open licence is documented.
ccebbac2f03236f1,2026-09-01,2026-09-02T14:22:45Z,NepalNews,Nawalpur recovers 159 bodies swept down by Bhote Koshi flood - NepalNews,Nawalpur recovers 159 bodies swept down by Bhote Koshi flood NepalNews,https://news.google.com/rss/articles/CBMiogFBVV95cUxPTmFIMWs1QkFibnVuQWlFZ1FaU2ZmTHkyaEtyZ1daX0dqaVVwWThYMjNvdWdlTk92ZEZJUUFZbm9NdmhhVlllNTdOWTZhbkswWGVTYWtLbTV4bUFmbzBSXzdyMEh0cVliUUV3MkpjNzZrdW5vUFFpbTFsVTdPUXhqQWg3MlZET2lRUWx4dFNjd01DNmNCdDNRUG5nXzNaSmdYVFE?oc=5,https://web.archive.org/web/*/https://news.google.com/rss/articles/CBMiogFBVV95cUxPTmFIMWs1QkFibnVuQWlFZ1FaU2ZmTHkyaEtyZ1daX0dqaVVwWThYMjNvdWdlTk92ZEZJUUFZbm9NdmhhVlllNTdOWTZhbkswWGVTYWtLbTV4bUFmbzBSXzdyMEh0cVliUUV3MkpjNzZrdW5vUFFpbTFsVTdPUXhqQWg3MlZET2lRUWx4dFNjd01DNmNCdDNRUG5nXzNaSmdYVFE?oc=5,Metadata and source-provided excerpt retained,Full text is not republished unless reuse permission or an open licence is documented.
a97143d1423d72f6,2026-09-01,2026-09-02T14:22:45Z,The Rising Nepal,Dhanauji Rural Municipality pledges Rs 2.2 million aid to Bhotekoshi flood survivors - The Rising Nepal,Dhanauji Rural Municipality pledges Rs 2.2 million aid to Bhotekoshi flood survivors The Rising Nepal,https://news.google.com/rss/articles/CBMiUEFVX3lxTFBmblBmZXNVQjZ0Rl9CYVc1eTNic0REQ2NXM29DR0I0QlUyN3ZHSm0zdXNYaXhKdnRXV1VlaEI0eVVnNnE3SEJZcnJGWFhlSXU1?oc=5,https://web.archive.org/web/*/https://news.google.com/rss/articles/CBMiUEFVX3lxTFBmblBmZXNVQjZ0Rl9CYVc1eTNic0REQ2NXM29DR0I0QlUyN3ZHSm0zdXNYaXhKdnRXV1VlaEI0eVVnNnE3SEJZcnJGWFhlSXU1?oc=5,Metadata and source-provided excerpt retained,Full text is not republished unless reuse permission or an open licence is documented.
7d990e2f9f088b84,2026-09-01,2026-09-02T14:22:45Z,Khabarhub,"Bhotekoshi flood: 939 bodies recovered, 3,925 still missing - Khabarhub","Bhotekoshi flood: 939 bodies recovered, 3,925 still missing Khabarhub",https://news.google.com/rss/articles/CBMiWEFVX3lxTE5TWnllOGxfOXQtNkxpQUpNMGNuTmVMaXVMUERhZFd1SEcxNG1Ed0hqMVVpc2VLbzEzM29jdEZGYVZCbS1BMkl3bTdlMXl3VGxmQU9ZbUx2Y24?oc=5,https://web.archive.org/web/*/https://news.google.com/rss/articles/CBMiWEFVX3lxTE5TWnllOGxfOXQtNkxpQUpNMGNuTmVMaXVMUERhZFd1SEcxNG1Ed0hqMVVpc2VLbzEzM29jdEZGYVZCbS1BMkl3bTdlMXl3VGxmQU9ZbUx2Y24?oc=5,Metadata and source-provided excerpt retained,Full text is not republished unless reuse permission or an open licence is documented.
727e38106df81e1c,2026-09-01,2026-09-02T14:22:45Z,myRepublica,"Rasuwa flood death toll reaches 1,000 - myRepublica","Rasuwa flood death toll reaches 1,000 myRepublica",https://news.google.com/rss/articles/CBMilgFBVV95cUxPQ29ZVWl2X3N6dzdkUzZWallRSzQ2WXdGeDJkMldudExjYVZFNVRPOVQ4MDJCS19BeGo0UXRTNFRrRURsdkJBSnJRNVVieXowLXNNNU5sc1BpZmdpam9odUZaVmlCajlZWWR5cEI0VHBQOHNTWk9lRVlPYWhnZEFkSlpVSkktSGlQVjcxZ3pqVl82anVOc3c?oc=5,https://web.archive.org/web/*/https://news.google.com/rss/articles/CBMilgFBVV95cUxPQ29ZVWl2X3N6dzdkUzZWallRSzQ2WXdGeDJkMldudExjYVZFNVRPOVQ4MDJCS19BeGo0UXRTNFRrRURsdkJBSnJRNVVieXowLXNNNU5sc1BpZmdpam9odUZaVmlCajlZWWR5cEI0VHBQOHNTWk9lRVlPYWhnZEFkSlpVSkktSGlQVjcxZ3pqVl82anVOc3c?oc=5,Metadata and source-provided excerpt retained,Full text is not republished unless reuse permission or an open licence is documented.
13e1352127d9109b,2026-09-01,2026-09-02T14:22:45Z,Ratopati,"280 Bodies Managed After Bhote Koshi Flood, DNA Samples Collected - Ratopati","280 Bodies Managed After Bhote Koshi Flood, DNA Samples Collected Ratopati",https://news.google.com/rss/articles/CBMimAFBVV95cUxQRUZNSkZnM0NXWnY5QlZTem1CMUxmMHpEUE1sYVZ2NnktNXFZaGdqRE1GbTNSbUlPMnJ3YjNxdm5qMDFkZjRiQXZOVExTbmlGVGxIWFJRSHBIQllObUtHZnJOYXRpOVMtN25qeHFmTjBmcXFvS0pSWG82RnpoU2xDYlZhZnRLY0JTNjZOaVN5eEFyV05Sa1pjZg?oc=5,https://web.archive.org/web/*/https://news.google.com/rss/articles/CBMimAFBVV95cUxQRUZNSkZnM0NXWnY5QlZTem1CMUxmMHpEUE1sYVZ2NnktNXFZaGdqRE1GbTNSbUlPMnJ3YjNxdm5qMDFkZjRiQXZOVExTbmlGVGxIWFJRSHBIQllObUtHZnJOYXRpOVMtN25qeHFmTjBmcXFvS0pSWG82RnpoU2xDYlZhZnRLY0JTNjZOaVN5eEFyV05Sa1pjZg?oc=5,Metadata and source-provided excerpt retained,Full text is not republished unless reuse permission or an open licence is documented.
d2eae1237065b09c,2026-09-01,2026-09-02T14:22:45Z,The Rising Nepal,Bhotekoshi flood: 66 bodies recovered in Rasuwa - The Rising Nepal,Bhotekoshi flood: 66 bodies recovered in Rasuwa The Rising Nepal,https://news.google.com/rss/articles/CBMiUEFVX3lxTFB4OEJ5UkNJdlRyUXBDMjNuWV9sVzJfMklQa2ZJV1hCa0xqV1RxVDZVZ2N1clpadEtEQVJnSG5faGFOcm53bEdDZVltWWpfakJJ?oc=5,https://web.archive.org/web/*/https://news.google.com/rss/articles/CBMiUEFVX3lxTFB4OEJ5UkNJdlRyUXBDMjNuWV9sVzJfMklQa2ZJV1hCa0xqV1RxVDZVZ2N1clpadEtEQVJnSG5faGFOcm53bEdDZVltWWpfakJJ?oc=5,Metadata and source-provided excerpt retained,Full text is not republished unless reuse permission or an open licence is documented.
856502028ad6525f,2026-08-31,2026-09-02T14:22:45Z,The Rising Nepal,Bhotekoshi flood: DNA testing process begins to identify bodies - The Rising Nepal,Bhotekoshi flood: DNA testing process begins to identify bodies The Rising Nepal,https://news.google.com/rss/articles/CBMiUEFVX3lxTFBSS0F2WlpfNjZHUUdyRm9iTlM0X1RreTVGLW9PZFYyTEFISl9lcDhxVFVDWkQ0aS1hUW1ENXZSUU1GX2pZZ0V0YXVLVHB2T285?oc=5,https://web.archive.org/web/*/https://news.google.com/rss/articles/CBMiUEFVX3lxTFBSS0F2WlpfNjZHUUdyRm9iTlM0X1RreTVGLW9PZFYyTEFISl9lcDhxVFVDWkQ0aS1hUW1ENXZSUU1GX2pZZ0V0YXVLVHB2T285?oc=5,Metadata and source-provided excerpt retained,Full text is not republished unless reuse permission or an open licence is documented.
d0e4a2c4b18ca70a,2026-08-31,2026-09-02T14:22:45Z,ekantipur.com,"Bhotekoshi Flood: 10,451 Rescued - ekantipur.com","Bhotekoshi Flood: 10,451 Rescued ekantipur.com",https://news.google.com/rss/articles/CBMiigFBVV95cUxOQjJSdWtaU0doTVVjZWYwU3RnMEkxTUZHLWJJWWRzYmlONlI4N0lqV2gwNjdCd3JsUFpsX0F2MXM0T2hTaHVyRFlfTDVoVXFRYmZFdWJuMVZjc0FIZVR1NHlnWE5GMkV5Q001RzV6b1lLVF95OG1tUTVYNnNhNV9JdlZsTVZFSEx2NkE?oc=5,https://web.archive.org/web/*/https://news.google.com/rss/articles/CBMiigFBVV95cUxOQjJSdWtaU0doTVVjZWYwU3RnMEkxTUZHLWJJWWRzYmlONlI4N0lqV2gwNjdCd3JsUFpsX0F2MXM0T2hTaHVyRFlfTDVoVXFRYmZFdWJuMVZjc0FIZVR1NHlnWE5GMkV5Q001RzV6b1lLVF95OG1tUTVYNnNhNV9JdlZsTVZFSEx2NkE?oc=5,Metadata and source-provided excerpt retained,Full text is not republished unless reuse permission or an open licence is documented.
a01e71f927c25bad,2026-08-31,2026-09-02T14:22:45Z,ekantipur.com,Bhotekoshi Flood: 590 Citizens from 39 Countries Still Missing - ekantipur.com,Bhotekoshi Flood: 590 Citizens from 39 Countries Still Missing ekantipur.com,https://news.google.com/rss/articles/CBMivgFBVV95cUxPLUVHdEtYejBiNHpvY0dGQlQ0X2lRSUUzeEJIaEtUVEFXekNhbXJON1NoaUgzTFZEeW5YN19SVDBkUUhRREs4emlqZjRaanJWR21sT0JCOEIwN2Q3djlicjR0VkE5bEtTMVU0UlZKYzc1NkhhV1lFS01qaFZqTmx2RzluZVFGakpZZFVLQmpTMjVsT1BOQWF3Q0JONnVQbUhZLUNId04tazc2Y0duSUJ2Z0hjNExuTDQwUzVqSEp3?oc=5,https://web.archive.org/web/*/https://news.google.com/rss/articles/CBMivgFBVV95cUxPLUVHdEtYejBiNHpvY0dGQlQ0X2lRSUUzeEJIaEtUVEFXekNhbXJON1NoaUgzTFZEeW5YN19SVDBkUUhRREs4emlqZjRaanJWR21sT0JCOEIwN2Q3djlicjR0VkE5bEtTMVU0UlZKYzc1NkhhV1lFS01qaFZqTmx2RzluZVFGakpZZFVLQmpTMjVsT1BOQWF3Q0JONnVQbUhZLUNId04tazc2Y0duSUJ2Z0hjNExuTDQwUzVqSEp3?oc=5,Metadata and source-provided excerpt retained,Full text is not republished unless reuse permission or an open licence is documented.
1361ea145325d8b3,2026-08-31,2026-09-02T14:22:45Z,The Himalayan Times,"More than 10,000 rescued as Rasuwa flood toll reaches 903 - The Himalayan Times","More than 10,000 rescued as Rasuwa flood toll reaches 903 The Himalayan Times",https://news.google.com/rss/articles/CBMilwFBVV95cUxOYlpyb2x4QjFMd1ZVRm5TSHN2REU1LUd3bFBIVjhvaThQaThkekVVdVZNY2lPcWNVejFmMGxQaHBLZlF0dDlBNFVKUDZCRTItNGNfbnAtSVFLUjlGdEZqdXZ3STAydk95clVLaXlFTkRnUWptVFJXdUdDVGlySEZEdFc0QmVsVlh2TEJlT3BTeG96Y3Y2TTFZ?oc=5,https://web.archive.org/web/*/https://news.google.com/rss/articles/CBMilwFBVV95cUxOYlpyb2x4QjFMd1ZVRm5TSHN2REU1LUd3bFBIVjhvaThQaThkekVVdVZNY2lPcWNVejFmMGxQaHBLZlF0dDlBNFVKUDZCRTItNGNfbnAtSVFLUjlGdEZqdXZ3STAydk95clVLaXlFTkRnUWptVFJXdUdDVGlySEZEdFc0QmVsVlh2TEJlT3BTeG96Y3Y2TTFZ?oc=5,Metadata and source-provided excerpt retained,Full text is not republished unless reuse permission or an open licence is documented.
dd25aeea2d5daa63,2026-08-31,2026-09-02T14:22:45Z,Ministry of Foreign Affairs Nepal,Press Briefing by the Spokesperson on Bhote Koshi Flood - Ministry of Foreign Affairs Nepal,Press Briefing by the Spokesperson on Bhote Koshi Flood Ministry of Foreign Affairs Nepal,https://news.google.com/rss/articles/CBMigwFBVV95cUxNVVBrX0pCOFNtekFvbmQ5ZDdqSEdBMTlWb1RLX1cwbmUzVUhSc0R0LWZJTEdRZGZYaTZpY2VtR0tYNFNRWXU0WkVkWFZMc2Ryc1lVelFBYmI5Y0pWZEMtdExSOElDcUtna25VenlzbTItQTBJRUNJRE45Nk9IdXcyYmQ2bw?oc=5,https://web.archive.org/web/*/https://news.google.com/rss/articles/CBMigwFBVV95cUxNVVBrX0pCOFNtekFvbmQ5ZDdqSEdBMTlWb1RLX1cwbmUzVUhSc0R0LWZJTEdRZGZYaTZpY2VtR0tYNFNRWXU0WkVkWFZMc2Ryc1lVelFBYmI5Y0pWZEMtdExSOElDcUtna25VenlzbTItQTBJRUNJRE45Nk9IdXcyYmQ2bw?oc=5,Metadata and source-provided excerpt retained,Full text is not republished unless reuse permission or an open licence is documented.
e3f339dc5e983047,2026-08-31,2026-09-02T14:22:45Z,kathmandupost.com,Death toll from Bhotekoshi flood reaches 903 - kathmandupost.com,Death toll from Bhotekoshi flood reaches 903 kathmandupost.com,https://news.google.com/rss/articles/CBMilAFBVV95cUxOeTJ1OWMzQTJWOXVzN3dER3RGTXFXcnJ0WUtkNGFheTRQV0ZCMHhlcHo3amlYUnhoM3dTRTRhOUNLZUgycTA4blhHNU4tQWlDdmQzX1hkVEdQNkdVSnV4ZkVjcHIxQTFXTXRaNXZnZWdGUEtuZlJESGtqV3NYc0ZVaG9MX1FiVTBhWjlzOUl5S1BNMmFa?oc=5,https://web.archive.org/web/*/https://news.google.com/rss/articles/CBMilAFBVV95cUxOeTJ1OWMzQTJWOXVzN3dER3RGTXFXcnJ0WUtkNGFheTRQV0ZCMHhlcHo3amlYUnhoM3dTRTRhOUNLZUgycTA4blhHNU4tQWlDdmQzX1hkVEdQNkdVSnV4ZkVjcHIxQTFXTXRaNXZnZWdGUEtuZlJESGtqV3NYc0ZVaG9MX1FiVTBhWjlzOUl5S1BNMmFa?oc=5,Metadata and source-provided excerpt retained,Full text is not republished unless reuse permission or an open licence is documented.
8a4c5088fd2d4a7f,2026-08-31,2026-09-02T14:22:45Z,radionepalonline.com,Bhotekoshi flood: 199 unidentified bodies buried in Chitwan after DNA samples preserved - radionepalonline.com,Bhotekoshi flood: 199 unidentified bodies buried in Chitwan after DNA samples preserved radionepalonline.com,https://news.google.com/rss/articles/CBMiZEFVX3lxTE9TYjNKMkMxT2lNTlV5cl84MU1jN3JmN0ZnbDRTTHRpbF9JVmVvMGVPRmNjZk15M0I4OVNONXZlWkg5YkJhQVByQVM5VDlxbXV0Ui1QaXEzdEIxQk15NWp6a2cxZG8?oc=5,https://web.archive.org/web/*/https://news.google.com/rss/articles/CBMiZEFVX3lxTE9TYjNKMkMxT2lNTlV5cl84MU1jN3JmN0ZnbDRTTHRpbF9JVmVvMGVPRmNjZk15M0I4OVNONXZlWkg5YkJhQVByQVM5VDlxbXV0Ui1QaXEzdEIxQk15NWp6a2cxZG8?oc=5,Metadata and source-provided excerpt retained,Full text is not republished unless reuse permission or an open licence is documented.
594ec72afe168251,2026-08-31,2026-09-02T14:22:45Z,NepalNews,"Rasuwa flood death toll reaches 939, nearly 4,000 remain out of contact - NepalNews","Rasuwa flood death toll reaches 939, nearly 4,000 remain out of contact NepalNews",https://news.google.com/rss/articles/CBMirgFBVV95cUxPbVJ5SUlzR0xIamk1dHFzRUthSi1rSDZ1eEVVMmhXNjhfRmRJSjhwWGdWaWJtZzdRVFdoRlFETTRaYnV1WjdwRUZXYW56S3ZzN2hWb0xTelF2bzBOX1FFV29YTWM2Ui1HQVVEZUowTEVoSXdvVlRsbnNtTWNkZGlzcEtPSlBHMFRYbmxZc0JRcXkyVDBrbkZFMmxBTWR6NWR5eEZvZFJaeTJXdVd0YUE?oc=5,https://web.archive.org/web/*/https://news.google.com/rss/articles/CBMirgFBVV95cUxPbVJ5SUlzR0xIamk1dHFzRUthSi1rSDZ1eEVVMmhXNjhfRmRJSjhwWGdWaWJtZzdRVFdoRlFETTRaYnV1WjdwRUZXYW56S3ZzN2hWb0xTelF2bzBOX1FFV29YTWM2Ui1HQVVEZUowTEVoSXdvVlRsbnNtTWNkZGlzcEtPSlBHMFRYbmxZc0JRcXkyVDBrbkZFMmxBTWR6NWR5eEZvZFJaeTJXdVd0YUE?oc=5,Metadata and source-provided excerpt retained,Full text is not republished unless reuse permission or an open licence is documented.
f54049c568ad0538,2026-08-31,2026-09-02T14:22:45Z,Ekantipur,Bhotekoshi Flood: Citizen Investment Trust Provides Rs10 Million in Assistance - Ekantipur,Bhotekoshi Flood: Citizen Investment Trust Provides Rs10 Million in Assistance Ekantipur,https://news.google.com/rss/articles/CBMixgFBVV95cUxPQXVDNFZqemdMSGhvY1B0VmgxVEJxTGVSdlUyU2ZTN3hUeF83anRlWTNiSUJsWGdMY195RE42dnVBZFZLMW1WOFlwT2FjS0xjQkxycUduTmU0UkFGM0pNVGVFNzV3cmVKeUczTTlfNXY2bElvbUhNdFFKQV9TV18zUlRodkhzWjdfZzJ5eXhSaTctZDZSalVaYTMwSFBjd1piemJKU1M3c3U3N3RqZ180X05XWjlOUTNzUHduRUlhY3YyVEZsMnc?oc=5,https://web.archive.org/web/*/https://news.google.com/rss/articles/CBMixgFBVV95cUxPQXVDNFZqemdMSGhvY1B0VmgxVEJxTGVSdlUyU2ZTN3hUeF83anRlWTNiSUJsWGdMY195RE42dnVBZFZLMW1WOFlwT2FjS0xjQkxycUduTmU0UkFGM0pNVGVFNzV3cmVKeUczTTlfNXY2bElvbUhNdFFKQV9TV18zUlRodkhzWjdfZzJ5eXhSaTctZDZSalVaYTMwSFBjd1piemJKU1M3c3U3N3RqZ180X05XWjlOUTNzUHduRUlhY3YyVEZsMnc?oc=5,Metadata and source-provided excerpt retained,Full text is not republished unless reuse permission or an open licence is documented.
f941bdfcd28bed55,2026-08-31,2026-09-02T14:22:45Z,Khabarhub,Rasuwa flood: Death toll reaches 903 - Khabarhub,Rasuwa flood: Death toll reaches 903 Khabarhub,https://news.google.com/rss/articles/CBMiWEFVX3lxTFBiTk9QYlUyc0pVZlRNOVkwRkx6QVFvUkNSLXhINzFSRTVLZzM2eFdfLU9Zc3JGaDNoZlUxR2Myd0ZWVnpTRW5qaERudktOODZlZHNLTWhseXc?oc=5,https://web.archive.org/web/*/https://news.google.com/rss/articles/CBMiWEFVX3lxTFBiTk9QYlUyc0pVZlRNOVkwRkx6QVFvUkNSLXhINzFSRTVLZzM2eFdfLU9Zc3JGaDNoZlUxR2Myd0ZWVnpTRW5qaERudktOODZlZHNLTWhseXc?oc=5,Metadata and source-provided excerpt retained,Full text is not republished unless reuse permission or an open licence is documented.
a9523700e4b56e44,2026-08-31,2026-09-02T14:22:45Z,Ekantipur,I Survived the Bhotekoshi Flood by Chance: Pushkar Dhakal - Ekantipur,I Survived the Bhotekoshi Flood by Chance: Pushkar Dhakal Ekantipur,https://news.google.com/rss/articles/CBMirAFBVV95cUxPZ2kzR08wWWZpbnFWekRKZHl5RXM5MmpkNVI1QTBadDI1RHVEWjZDcV83OUdiVVZEVTRGV2tZS3JqWERiSnpNSmx3Rng3dkZ3a1NEeWFiZmE0S0Y4Q2I1TWZnNHMybzR1RnlRYWF5aTFJY1N3Uk1VdVQxWXRKMzgtWmp6TlJBY0hIOWY1SVRSZGpMelJpdkdqT2Jvak9iOGtCY0FrMkxlWTRYeUYz?oc=5,https://web.archive.org/web/*/https://news.google.com/rss/articles/CBMirAFBVV95cUxPZ2kzR08wWWZpbnFWekRKZHl5RXM5MmpkNVI1QTBadDI1RHVEWjZDcV83OUdiVVZEVTRGV2tZS3JqWERiSnpNSmx3Rng3dkZ3a1NEeWFiZmE0S0Y4Q2I1TWZnNHMybzR1RnlRYWF5aTFJY1N3Uk1VdVQxWXRKMzgtWmp6TlJBY0hIOWY1SVRSZGpMelJpdkdqT2Jvak9iOGtCY0FrMkxlWTRYeUYz?oc=5,Metadata and source-provided excerpt retained,Full text is not republished unless reuse permission or an open licence is documented.
109efafc99664a42,2026-08-31,2026-09-02T14:22:45Z,The Kathmandu Post,Bhotekoshi flood survivors face new battle against illness - The Kathmandu Post,Bhotekoshi flood survivors face new battle against illness The Kathmandu Post,https://news.google.com/rss/articles/CBMipwFBVV95cUxOTUg2NmRHQk1pMnk4OVRSMEhSZ3phRHhkYTBFaEdnZ2d6REZyYm52NFdxTnctVUgzLWVKWmhTdElZd0dZeEc0dVpIaDVTT0N1MUhhR3lDR0JjRlE1Z1hmak1SRnNybjdlVXBBU3F0Q1VfOWJpZE5XNG9VZXVJRW54SVl5b2FONHNqaDlxRXJZSlhGN2tVZl93eHRlRGlaTjdZQ0Nab0hoZw?oc=5,https://web.archive.org/web/*/https://news.google.com/rss/articles/CBMipwFBVV95cUxOTUg2NmRHQk1pMnk4OVRSMEhSZ3phRHhkYTBFaEdnZ2d6REZyYm52NFdxTnctVUgzLWVKWmhTdElZd0dZeEc0dVpIaDVTT0N1MUhhR3lDR0JjRlE1Z1hmak1SRnNybjdlVXBBU3F0Q1VfOWJpZE5XNG9VZXVJRW54SVl5b2FONHNqaDlxRXJZSlhGN2tVZl93eHRlRGlaTjdZQ0Nab0hoZw?oc=5,Metadata and source-provided excerpt retained,Full text is not republished unless reuse permission or an open licence is documented.
b2fc7fd49ebcecba,2026-08-31,2026-09-02T14:22:45Z,radionepalonline.com,"Bhotekoshi flood: DNA testing process begins to identify bodies – Public Service Broadcasting, Radio Nepal - radionepalonline.com","Bhotekoshi flood: DNA testing process begins to identify bodies – Public Service Broadcasting, Radio Nepal radionepalonline.com",https://news.google.com/rss/articles/CBMiZEFVX3lxTE0wVkxZT0tJUG1TU0tvZVdkTWhoamRlQjJKN0pqZENVMk5mT2k1RXcxQ1QxZlNZSXV0WFkxQnZ4bmRLYWZKUUlJcHBKaXRlcmlPbEZoc1RrUlNFLWl5ZzlKSlhZWnk?oc=5,https://web.archive.org/web/*/https://news.google.com/rss/articles/CBMiZEFVX3lxTE0wVkxZT0tJUG1TU0tvZVdkTWhoamRlQjJKN0pqZENVMk5mT2k1RXcxQ1QxZlNZSXV0WFkxQnZ4bmRLYWZKUUlJcHBKaXRlcmlPbEZoc1RrUlNFLWl5ZzlKSlhZWnk?oc=5,Metadata and source-provided excerpt retained,Full text is not republished unless reuse permission or an open licence is documented.
81e2cf87db6ec3f9,2026-08-31,2026-09-02T14:22:45Z,myRepublica,590 foreign nationals from 39 countries still missing after Rasuwa flood - myRepublica,590 foreign nationals from 39 countries still missing after Rasuwa flood myRepublica,https://news.google.com/rss/articles/CBMiywFBVV95cUxPclF2U3ZWdTBMWEYtSy1uWWtpWnR1RzBaV3NNSVFBdGJCZjJwaGNCbmwxWm5CUk90V3BuWkJJYzNRcmhxNFhLS3lMY1pveTdhMVV3UmR6MUJvWC0wQXRMWjJXaWNOSHZCbEo4R1JKMG1yWjhYV0IwUWxrU1Fqek0zSm5Jc09UUDV4d2pkS0hjVTd2S2FMUnFZc0J0eVZMVDN2S2lZekVvMXpCeENTSWtZNGRDSmUwbm5Uc21yVXhndHNoZDdkZkhqN183SQ?oc=5,https://web.archive.org/web/*/https://news.google.com/rss/articles/CBMiywFBVV95cUxPclF2U3ZWdTBMWEYtSy1uWWtpWnR1RzBaV3NNSVFBdGJCZjJwaGNCbmwxWm5CUk90V3BuWkJJYzNRcmhxNFhLS3lMY1pveTdhMVV3UmR6MUJvWC0wQXRMWjJXaWNOSHZCbEo4R1JKMG1yWjhYV0IwUWxrU1Fqek0zSm5Jc09UUDV4d2pkS0hjVTd2S2FMUnFZc0J0eVZMVDN2S2lZekVvMXpCeENTSWtZNGRDSmUwbm5Uc21yVXhndHNoZDdkZkhqN183SQ?oc=5,Metadata and source-provided excerpt retained,Full text is not republished unless reuse permission or an open licence is documented.
e0c6cdb3b22bd39b,2026-08-31,2026-09-02T14:22:45Z,english.khabarhub.com,"PM Balen, Rabi hold meeting on Rasuwa flood response - english.khabarhub.com","PM Balen, Rabi hold meeting on Rasuwa flood response english.khabarhub.com",https://news.google.com/rss/articles/CBMiWEFVX3lxTE91ckJQeEhMbmVfdzNXVFVFQUVpUjhPcVg2NTRmd1pmOHlrOENWU0pkNjdYbEdRYUFCS0tJdUprQ1VHMG9MTzE1RVc5cGFjRlBYUDZrQmxtV0U?oc=5,https://web.archive.org/web/*/https://news.google.com/rss/articles/CBMiWEFVX3lxTE91ckJQeEhMbmVfdzNXVFVFQUVpUjhPcVg2NTRmd1pmOHlrOENWU0pkNjdYbEdRYUFCS0tJdUprQ1VHMG9MTzE1RVc5cGFjRlBYUDZrQmxtV0U?oc=5,Metadata and source-provided excerpt retained,Full text is not republished unless reuse permission or an open licence is documented.
08f3c24593666526,2026-08-31,2026-09-02T14:22:45Z,The Rising Nepal,Rasuwa flood affects East-West Highway upgrading project - The Rising Nepal,Rasuwa flood affects East-West Highway upgrading project The Rising Nepal,https://news.google.com/rss/articles/CBMiUEFVX3lxTFA3Q1ctR2hIeUdVckdfOXplNzJ3Q240LWtsY1lFNW1wZ2ExaU9zR0RRTVVELTJXVU9kNWFKTjlTS0JWTXZUOHhqRTJhUVNyZXQw?oc=5,https://web.archive.org/web/*/https://news.google.com/rss/articles/CBMiUEFVX3lxTFA3Q1ctR2hIeUdVckdfOXplNzJ3Q240LWtsY1lFNW1wZ2ExaU9zR0RRTVVELTJXVU9kNWFKTjlTS0JWTXZUOHhqRTJhUVNyZXQw?oc=5,Metadata and source-provided excerpt retained,Full text is not republished unless reuse permission or an open licence is documented.
bad8a9e1871704b5,2026-08-31,2026-09-02T14:22:45Z,OnlineKhabar English News,Bhotekoshi flood death toll reaches 939 - OnlineKhabar English News,Bhotekoshi flood death toll reaches 939 OnlineKhabar English News,https://news.google.com/rss/articles/CBMidkFVX3lxTE1SMFltVmN6QkF3VFRfZVJZZ3RBVnpYYWdJM2VndndyUTgwYTRKaEpzV25EUDhkd2JxQ1Y3VDl4LUxfbENtbVJZSlNTN2FQdGxNTkNqREhoaldMcVYzdTh1RjFIcm44S25JaWNOTVVKUEtnVVZ5dWc?oc=5,https://web.archive.org/web/*/https://news.google.com/rss/articles/CBMidkFVX3lxTE1SMFltVmN6QkF3VFRfZVJZZ3RBVnpYYWdJM2VndndyUTgwYTRKaEpzV25EUDhkd2JxQ1Y3VDl4LUxfbENtbVJZSlNTN2FQdGxNTkNqREhoaldMcVYzdTh1RjFIcm44S25JaWNOTVVKUEtnVVZ5dWc?oc=5,Metadata and source-provided excerpt retained,Full text is not republished unless reuse permission or an open licence is documented.
4f844ab035416024,2026-08-31,2026-09-02T14:22:45Z,myRepublica,"Rasuwa flood: 10,451 people rescued , 4,247 still missing - myRepublica","Rasuwa flood: 10,451 people rescued , 4,247 still missing myRepublica",https://news.google.com/rss/articles/CBMiqwFBVV95cUxNR2lhWG15aVhrRTBrR054YkxtakpyRlhuZk1PNzRNLWlPWDVjbXVjdGp2M1QyZjU2c1djTHEzNHFMYjl6RVJaNWRNZ1B2OU9ZOXdHTThDWm9GQ1Z0ZHVYWXotQTBQcUZ3d1hKaTBja0NEc3VuTnAwbWE5ejRrVV94Y2J3dVpDN0NFMEhUZkJqbTdyU18tTzlQWEluVG4zTTZWMUZhWU9BMmxDMTg?oc=5,https://web.archive.org/web/*/https://news.google.com/rss/articles/CBMiqwFBVV95cUxNR2lhWG15aVhrRTBrR054YkxtakpyRlhuZk1PNzRNLWlPWDVjbXVjdGp2M1QyZjU2c1djTHEzNHFMYjl6RVJaNWRNZ1B2OU9ZOXdHTThDWm9GQ1Z0ZHVYWXotQTBQcUZ3d1hKaTBja0NEc3VuTnAwbWE5ejRrVV94Y2J3dVpDN0NFMEhUZkJqbTdyU18tTzlQWEluVG4zTTZWMUZhWU9BMmxDMTg?oc=5,Metadata and source-provided excerpt retained,Full text is not republished unless reuse permission or an open licence is documented.
576470be35b9cfb0,2026-08-31,2026-09-02T14:22:45Z,myRepublica,590 foreign nationals from 39 countries still missing after Rasuwa flood - myRepublica,590 foreign nationals from 39 countries still missing after Rasuwa flood myRepublica,https://news.google.com/rss/articles/CBMixgFBVV95cUxPNF9CaVg3R0xVM0M5RkZEMkFWZ0t2MWd3RWhFaGpyQVZmU3haMVQ3cXNXUVBhcVlzaXBnOFgzWlM0em12VWdOek5ybnFYazRQYndFNzYzNUd4OUI2TUJraWV0MFpTUzNSa3kxOXp0ZUROU2hCbUNBc1FQWlJiYi1oRjBQdC1lVHRwTUpMOHNldWl0NVNGWTkzMW9ia2NKd3VjWTlEc09mc1FrYnFURUNGTHFCd1R6dTZieGhPenZ3T0tmOGx3TGc?oc=5,https://web.archive.org/web/*/https://news.google.com/rss/articles/CBMixgFBVV95cUxPNF9CaVg3R0xVM0M5RkZEMkFWZ0t2MWd3RWhFaGpyQVZmU3haMVQ3cXNXUVBhcVlzaXBnOFgzWlM0em12VWdOek5ybnFYazRQYndFNzYzNUd4OUI2TUJraWV0MFpTUzNSa3kxOXp0ZUROU2hCbUNBc1FQWlJiYi1oRjBQdC1lVHRwTUpMOHNldWl0NVNGWTkzMW9ia2NKd3VjWTlEc09mc1FrYnFURUNGTHFCd1R6dTZieGhPenZ3T0tmOGx3TGc?oc=5,Metadata and source-provided excerpt retained,Full text is not republished unless reuse permission or an open licence is documented.
05d1b88b0bb89890,2026-08-31,2026-09-02T14:22:45Z,The Himalayan Times,"More than 10,000 rescued as Rasuwa flood toll reaches 903 - The Himalayan Times","More than 10,000 rescued as Rasuwa flood toll reaches 903 The Himalayan Times",https://news.google.com/rss/articles/CBMilwFBVV95cUxOYlpyb2x4QjFMd1ZVRm5TSHN2REU1LUd3bFBIVjhvaThQaThkekVVdVZNY2lPcWNVejFmMGxQaHBLZlF0dDlBNFVKUDZCRTItNGNfbnAtSVFLUjlGdEZqdXZ3STAydk95clVLaXlFTkRnUWptVFJXdUdDVGlySEZEdFc0QmVsVlh2TEJlT3BTeG96Y3Y2TTFZ0gFcQVVfeXFMTmFSVUZISjlud19QWmhtZF9KeTA4VWJsdW5Na2laZnZ1ZWVUbFZDM0liUTNla3AzVDQzQXllWFNJWkJsQ3NTdHo4emR1UFMxemUzREFJeHY0dzVONF8?oc=5,https://web.archive.org/web/*/https://news.google.com/rss/articles/CBMilwFBVV95cUxOYlpyb2x4QjFMd1ZVRm5TSHN2REU1LUd3bFBIVjhvaThQaThkekVVdVZNY2lPcWNVejFmMGxQaHBLZlF0dDlBNFVKUDZCRTItNGNfbnAtSVFLUjlGdEZqdXZ3STAydk95clVLaXlFTkRnUWptVFJXdUdDVGlySEZEdFc0QmVsVlh2TEJlT3BTeG96Y3Y2TTFZ0gFcQVVfeXFMTmFSVUZISjlud19QWmhtZF9KeTA4VWJsdW5Na2laZnZ1ZWVUbFZDM0liUTNla3AzVDQzQXllWFNJWkJsQ3NTdHo4emR1UFMxemUzREFJeHY0dzVONF8?oc=5,Metadata and source-provided excerpt retained,Full text is not republished unless reuse permission or an open licence is documented.
cac81e554e3ee4c0,2026-08-31,2026-09-02T14:22:45Z,NepalNews,"PM Balen, RSP Chairman Rabi Lamichhane discuss Bhote Koshi flood response - NepalNews","PM Balen, RSP Chairman Rabi Lamichhane discuss Bhote Koshi flood response NepalNews",https://news.google.com/rss/articles/CBMisgFBVV95cUxOald6TUxsTTJyYWFPQ2dLUF9kcGFydHJUaGVNSGJxbnBTWEloUTZxcVotdENfQUJoRGZnSGt5d2JQMVdTYjJyRmk5OEtVRWptYVBuZm1MRnU0VUIwRFhxWjdGRVRDdTdwa1lsaEJiWWFmSzBJSkRXTVRWdWxmb0hvcFMxbFpiMHRuVUpObHQydHNndmxFeXhESTBVbEs3dGNySEFDQWhpTC13Q3YzakFjTHd3?oc=5,https://web.archive.org/web/*/https://news.google.com/rss/articles/CBMisgFBVV95cUxOald6TUxsTTJyYWFPQ2dLUF9kcGFydHJUaGVNSGJxbnBTWEloUTZxcVotdENfQUJoRGZnSGt5d2JQMVdTYjJyRmk5OEtVRWptYVBuZm1MRnU0VUIwRFhxWjdGRVRDdTdwa1lsaEJiWWFmSzBJSkRXTVRWdWxmb0hvcFMxbFpiMHRuVUpObHQydHNndmxFeXhESTBVbEs3dGNySEFDQWhpTC13Q3YzakFjTHd3?oc=5,Metadata and source-provided excerpt retained,Full text is not republished unless reuse permission or an open licence is documented.
6436255fead76bbf,2026-08-31,2026-09-02T14:22:45Z,NepalNews,PADT offers free cremation services for Rasuwa flood victims - NepalNews,PADT offers free cremation services for Rasuwa flood victims NepalNews,https://news.google.com/rss/articles/CBMiogFBVV95cUxOV0NuTjRkUGRvUzBPRXV2MnFncWdkbFMzWlF2dFAyVVppSGdsOVR3anNNTi1UcElsZ2s3WXg4M1I2X3BmNHQ3d01YTWlKQ29YS0g2NmJfRllqNTNQZnpPUXFkd1N6QmxPc1M5bER3WE8xS0hyTXUzSXFaV0x4T0JLdXp3TFNhS1AwLVdYY1V3QTNMLWc3eVRnNW9aMTJiTTJZd0E?oc=5,https://web.archive.org/web/*/https://news.google.com/rss/articles/CBMiogFBVV95cUxOV0NuTjRkUGRvUzBPRXV2MnFncWdkbFMzWlF2dFAyVVppSGdsOVR3anNNTi1UcElsZ2s3WXg4M1I2X3BmNHQ3d01YTWlKQ29YS0g2NmJfRllqNTNQZnpPUXFkd1N6QmxPc1M5bER3WE8xS0hyTXUzSXFaV0x4T0JLdXp3TFNhS1AwLVdYY1V3QTNMLWc3eVRnNW9aMTJiTTJZd0E?oc=5,Metadata and source-provided excerpt retained,Full text is not republished unless reuse permission or an open licence is documented.
6d0fa673218e01d8,2026-08-30,2026-09-02T14:22:45Z,ekantipur.com,Chinese study says Bhotekoshi flood covered a distance of 22 kilometers in just 7 minutes - ekantipur.com,Chinese study says Bhotekoshi flood covered a distance of 22 kilometers in just 7 minutes ekantipur.com,https://news.google.com/rss/articles/CBMiwAFBVV95cUxQVHVQOE4yREp4M3Nvc0RwN3h1OVFqR21zTkFfQUdOVGxLWHZGbjgzT1RCLXBuT21zS0h4NzNIVHBEalZ4RDZrWmhWNEMxaVpPZXg4YWRVTzlWbnF4amlXVEp1dzdSNHlNTUJNMEl2MEtSTnptanM1NV8xUlpZX04tNnZ2WExwLWRNOXMyaEc3Vk92UWlvTVlwRVl4WXBwd3hvTlN4c3psYVlLQ1NSS1I3U1E4QzdJNGlQbG9QZWZfUnA?oc=5,https://web.archive.org/web/*/https://news.google.com/rss/articles/CBMiwAFBVV95cUxQVHVQOE4yREp4M3Nvc0RwN3h1OVFqR21zTkFfQUdOVGxLWHZGbjgzT1RCLXBuT21zS0h4NzNIVHBEalZ4RDZrWmhWNEMxaVpPZXg4YWRVTzlWbnF4amlXVEp1dzdSNHlNTUJNMEl2MEtSTnptanM1NV8xUlpZX04tNnZ2WExwLWRNOXMyaEc3Vk92UWlvTVlwRVl4WXBwd3hvTlN4c3psYVlLQ1NSS1I3U1E4QzdJNGlQbG9QZWZfUnA?oc=5,Metadata and source-provided excerpt retained,Full text is not republished unless reuse permission or an open licence is documented.
a58c8e2afb9e532d,2026-08-30,2026-09-02T14:22:45Z,kathmandupost.com,Death toll from Bhotekoshi flood reaches 734 - kathmandupost.com,Death toll from Bhotekoshi flood reaches 734 kathmandupost.com,https://news.google.com/rss/articles/CBMilAFBVV95cUxPdnVnakg4QVpKWjR4N1paNEp1dXlDZHgxYUFBN2JZZDljUG1EUVdYaGNxb3lpVndyWUtZOVBiakk4Xzd1Ynk5a3l3d2dQei1VX255MWJ0ZjBSbVJYSzN6eUpiNjRRVG4tZFVNa0NyZGJDb2lvVVhwUENwQ18xSUVHVnNCTHByOE56TktxY2VvcDROQ0pt?oc=5,https://web.archive.org/web/*/https://news.google.com/rss/articles/CBMilAFBVV95cUxPdnVnakg4QVpKWjR4N1paNEp1dXlDZHgxYUFBN2JZZDljUG1EUVdYaGNxb3lpVndyWUtZOVBiakk4Xzd1Ynk5a3l3d2dQei1VX255MWJ0ZjBSbVJYSzN6eUpiNjRRVG4tZFVNa0NyZGJDb2lvVVhwUENwQ18xSUVHVnNCTHByOE56TktxY2VvcDROQ0pt?oc=5,Metadata and source-provided excerpt retained,Full text is not republished unless reuse permission or an open licence is documented.
eb479025dbdb45fa,2026-08-30,2026-09-02T14:22:45Z,Ekantipur,Impact of the Bhotekoshi Flood—Alternative Routes for the Supply of Petroleum Products Being Sought - Ekantipur,Impact of the Bhotekoshi Flood—Alternative Routes for the Supply of Petroleum Products Being Sought Ekantipur,https://news.google.com/rss/articles/CBMizgFBVV95cUxQZUMyRk96UmZGTGdqSWVCckhveVV0WDZveWlwLUdONlBPc2NqZnhxNmc0ZDBRODlHNGs4QlJZQzh4VTE5ZkZGWFRhNEd5UnBCbDBoRlFDbmJMbnN3N2doUDdKTVB0OTZSb2xlY0NtRUxrajRnMkFTdlZxVjNrb25NdnlEc2xiQ0NzbXYxakZPN0JMaG5xeWx3TFZQa2dEQmZneFhCOUN4a2hlS0hCVmNjMTZqLV9fbzdvQTZZeGk2ZUM2Y3lTRUtiOFF6TjZndw?oc=5,https://web.archive.org/web/*/https://news.google.com/rss/articles/CBMizgFBVV95cUxQZUMyRk96UmZGTGdqSWVCckhveVV0WDZveWlwLUdONlBPc2NqZnhxNmc0ZDBRODlHNGs4QlJZQzh4VTE5ZkZGWFRhNEd5UnBCbDBoRlFDbmJMbnN3N2doUDdKTVB0OTZSb2xlY0NtRUxrajRnMkFTdlZxVjNrb25NdnlEc2xiQ0NzbXYxakZPN0JMaG5xeWx3TFZQa2dEQmZneFhCOUN4a2hlS0hCVmNjMTZqLV9fbzdvQTZZeGk2ZUM2Y3lTRUtiOFF6TjZndw?oc=5,Metadata and source-provided excerpt retained,Full text is not republished unless reuse permission or an open licence is documented.
45834a233f1807b2,2026-08-30,2026-09-02T14:22:45Z,NepalNews,The Bhote Koshi flood and Nepal’s crisis of empathy - NepalNews,The Bhote Koshi flood and Nepal’s crisis of empathy NepalNews,https://news.google.com/rss/articles/CBMilgFBVV95cUxPWDNPc2sxNWpHTVNHNGdfa0pfT1ZMdnZ5T0hTZmJ5TVlYMTQ0ZFRWZElZSTBxMldmU3FPVTBzeEdraEItVjVwXzgwdGNOUDdpWXVSTzM3Z3BqR2NaZmMxQ1BpU3RfeDROMGlZdGNjYjdqOXRfRllveWc5VFhNbmJXZkg2dXNNUEgwamRKd0NCVnZQdVVJRmc?oc=5,https://web.archive.org/web/*/https://news.google.com/rss/articles/CBMilgFBVV95cUxPWDNPc2sxNWpHTVNHNGdfa0pfT1ZMdnZ5T0hTZmJ5TVlYMTQ0ZFRWZElZSTBxMldmU3FPVTBzeEdraEItVjVwXzgwdGNOUDdpWXVSTzM3Z3BqR2NaZmMxQ1BpU3RfeDROMGlZdGNjYjdqOXRfRllveWc5VFhNbmJXZkg2dXNNUEgwamRKd0NCVnZQdVVJRmc?oc=5,Metadata and source-provided excerpt retained,Full text is not republished unless reuse permission or an open licence is documented.
475b449b1edf0976,2026-08-30,2026-09-02T14:22:45Z,NepalNews,"Bhote Koshi flood death toll reaches 788; 2,502 missing - NepalNews","Bhote Koshi flood death toll reaches 788; 2,502 missing NepalNews",https://news.google.com/rss/articles/CBMimAFBVV95cUxPZGhpVjZ2ME1aVE1zdjF0YS1TcjByUDdqcFFGeTlFTXFPSDFSVERCLW53eHFQRTU2UjJOQlN1VFV4bzYxVzA2eFRpS1JZdXluMDM5d3NFSWFfeXM5MW9RaGl4bVlpaHc3Vm1CN0RwUXVGb2dfUGpvM2dUNnF0eXZCMFJmVHR4ZTR0ZFdtQkRtTERLYUJIbXlDUg?oc=5,https://web.archive.org/web/*/https://news.google.com/rss/articles/CBMimAFBVV95cUxPZGhpVjZ2ME1aVE1zdjF0YS1TcjByUDdqcFFGeTlFTXFPSDFSVERCLW53eHFQRTU2UjJOQlN1VFV4bzYxVzA2eFRpS1JZdXluMDM5d3NFSWFfeXM5MW9RaGl4bVlpaHc3Vm1CN0RwUXVGb2dfUGpvM2dUNnF0eXZCMFJmVHR4ZTR0ZFdtQkRtTERLYUJIbXlDUg?oc=5,Metadata and source-provided excerpt retained,Full text is not republished unless reuse permission or an open licence is documented.
b8c7cb2e754e5306,2026-08-30,2026-09-02T14:22:45Z,risingnepaldaily.com,"Bhotekoshi flood: Death toll climbs to 734; 2,699 rescued so far - risingnepaldaily.com","Bhotekoshi flood: Death toll climbs to 734; 2,699 rescued so far risingnepaldaily.com",https://news.google.com/rss/articles/CBMiUEFVX3lxTFBkUzFRVVZheTFObmF3R09kX21Ob3NlQnp0LVo5ajBXUmNtT0ZIOEQwbzVFUk9GY05ISlQtWlFrbnZmN1N5ZmRCTXAtOFlvcFA5?oc=5,https://web.archive.org/web/*/https://news.google.com/rss/articles/CBMiUEFVX3lxTFBkUzFRVVZheTFObmF3R09kX21Ob3NlQnp0LVo5ajBXUmNtT0ZIOEQwbzVFUk9GY05ISlQtWlFrbnZmN1N5ZmRCTXAtOFlvcFA5?oc=5,Metadata and source-provided excerpt retained,Full text is not republished unless reuse permission or an open licence is documented.
209888217564e9ff,2026-08-30,2026-09-02T14:22:45Z,Ekantipur,Bhotekoshi Flood: Preliminary Estimate Puts Reconstruction Cost at Nearly Rs 800 Billion - Ekantipur,Bhotekoshi Flood: Preliminary Estimate Puts Reconstruction Cost at Nearly Rs 800 Billion Ekantipur,https://news.google.com/rss/articles/CBMixAFBVV95cUxNRlhvbC1RWFpVZTBjc3NJbzYtWlNUQ3dRdVhfYXpBbHllS19tZjlEbE5pQXhER3BYbTVuVHE1bXhLWXd4enNXalJtOGdieUJLaFJvcno3ellPSHdLMVhqRmJSbGxGbFRyTWtmOWhRb3lfNHpTR281WFg0TTZ1NlhFZXpWeTN4MFBFdVJNeDlmVUxyTHZwQTM1TmVYdTFsZHUzYjl5YXJzN2pzN1c5OTBSWkZvRloySVNtanhqYnotd1Y4eE1y?oc=5,https://web.archive.org/web/*/https://news.google.com/rss/articles/CBMixAFBVV95cUxNRlhvbC1RWFpVZTBjc3NJbzYtWlNUQ3dRdVhfYXpBbHllS19tZjlEbE5pQXhER3BYbTVuVHE1bXhLWXd4enNXalJtOGdieUJLaFJvcno3ellPSHdLMVhqRmJSbGxGbFRyTWtmOWhRb3lfNHpTR281WFg0TTZ1NlhFZXpWeTN4MFBFdVJNeDlmVUxyTHZwQTM1TmVYdTFsZHUzYjl5YXJzN2pzN1c5OTBSWkZvRloySVNtanhqYnotd1Y4eE1y?oc=5,Metadata and source-provided excerpt retained,Full text is not republished unless reuse permission or an open licence is documented.
9ebd1a043827983e,2026-08-30,2026-09-02T14:22:45Z,technologykhabar.com,NAIMA to contribute NPR 5 million for Rasuwa flood relief - technologykhabar.com,NAIMA to contribute NPR 5 million for Rasuwa flood relief technologykhabar.com,https://news.google.com/rss/articles/CBMiYEFVX3lxTE8xWjhwRWdyZHpVTjRVUlVqNTlKbDR1alpWazhpandPSDJjYlF2WUFmdjhfWkthNWY0NGhsNlA1c1Y5eTkwYWpKRGlZMGZTY0tYNktkZ2FDYy1TUFhsVWtJYQ?oc=5,https://web.archive.org/web/*/https://news.google.com/rss/articles/CBMiYEFVX3lxTE8xWjhwRWdyZHpVTjRVUlVqNTlKbDR1alpWazhpandPSDJjYlF2WUFmdjhfWkthNWY0NGhsNlA1c1Y5eTkwYWpKRGlZMGZTY0tYNktkZ2FDYy1TUFhsVWtJYQ?oc=5,Metadata and source-provided excerpt retained,Full text is not republished unless reuse permission or an open licence is documented.
0788dadfa94debc1,2026-08-30,2026-09-02T14:22:45Z,The Himalayan Times,"Five Makawanpur residents dead, 61 missing in Rasuwa flood - The Himalayan Times","Five Makawanpur residents dead, 61 missing in Rasuwa flood The Himalayan Times",https://news.google.com/rss/articles/CBMimAFBVV95cUxOaHNHcW1ual9GT2JvUk5MZ0w2OWJ3VUQ5aFFrS2lkbEkyS3F4TExPUE1kb0ZVRmtBd2RXQjZ2SDVsSENYNzJ2WGduMlVlV3RaMUlXaGNnaUF6YjVlN3lKYzAxSW1aU1NQQ0p2NmdLNHhnUk5rYmVkVmEweXJydGVWTl9GcU5GSFVMRERnaWRQWkhyaHphTWpFaw?oc=5,https://web.archive.org/web/*/https://news.google.com/rss/articles/CBMimAFBVV95cUxOaHNHcW1ual9GT2JvUk5MZ0w2OWJ3VUQ5aFFrS2lkbEkyS3F4TExPUE1kb0ZVRmtBd2RXQjZ2SDVsSENYNzJ2WGduMlVlV3RaMUlXaGNnaUF6YjVlN3lKYzAxSW1aU1NQQ0p2NmdLNHhnUk5rYmVkVmEweXJydGVWTl9GcU5GSFVMRERnaWRQWkhyaHphTWpFaw?oc=5,Metadata and source-provided excerpt retained,Full text is not republished unless reuse permission or an open licence is documented.
ba209920a7114c97,2026-08-30,2026-09-02T14:22:45Z,Ratopati,15 Bodies Identified and Handed Over to Relatives After BhoteKoshi Flood - Ratopati,15 Bodies Identified and Handed Over to Relatives After BhoteKoshi Flood Ratopati,https://news.google.com/rss/articles/CBMiqAFBVV95cUxOa3cyTFhjU09xNzNUQVQ2Y3ZSVVRuVlpIQ2lTUVF2M2dfeG40ZDM1d29yam1aM25meXc1cEYteVREdVlIMTB5MW50elBKclJJVWJPTmZ3Ul83VWtoZERSWW1pbkFGUDFhLUlzUGxRdk5uTlRpZkpVdnRxZng5clA4VFdWQm16cFBoTHplT2VKaURyN1g1ak1VZUZvbkUxTThza1BucUhkOXE?oc=5,https://web.archive.org/web/*/https://news.google.com/rss/articles/CBMiqAFBVV95cUxOa3cyTFhjU09xNzNUQVQ2Y3ZSVVRuVlpIQ2lTUVF2M2dfeG40ZDM1d29yam1aM25meXc1cEYteVREdVlIMTB5MW50elBKclJJVWJPTmZ3Ul83VWtoZERSWW1pbkFGUDFhLUlzUGxRdk5uTlRpZkpVdnRxZng5clA4VFdWQm16cFBoTHplT2VKaURyN1g1ak1VZUZvbkUxTThza1BucUhkOXE?oc=5,Metadata and source-provided excerpt retained,Full text is not republished unless reuse permission or an open licence is documented.
d9115f19d28e14da,2026-08-30,2026-09-02T14:22:45Z,radionepalonline.com,"Bhotekoshi flood: 261 tourists rescued, 320 still missing – Public Service Broadcasting, Radio Nepal - radionepalonline.com","Bhotekoshi flood: 261 tourists rescued, 320 still missing – Public Service Broadcasting, Radio Nepal radionepalonline.com",https://news.google.com/rss/articles/CBMiZEFVX3lxTE83dGpxWW05d0R1bkhqQU9MZmx6VHRoRnJ6Sk5OZEhMWGZ5bWhBNmtnUGc1UXpQX3FDYXdnU2RxaE1WaGJGT2hUS204cEt4Nnl4OEQ0REJrS0xQX0VNbUEzVEFkeE0?oc=5,https://web.archive.org/web/*/https://news.google.com/rss/articles/CBMiZEFVX3lxTE83dGpxWW05d0R1bkhqQU9MZmx6VHRoRnJ6Sk5OZEhMWGZ5bWhBNmtnUGc1UXpQX3FDYXdnU2RxaE1WaGJGT2hUS204cEt4Nnl4OEQ0REJrS0xQX0VNbUEzVEFkeE0?oc=5,Metadata and source-provided excerpt retained,Full text is not republished unless reuse permission or an open licence is documented.
8e5b13596159a736,2026-08-30,2026-09-02T14:22:45Z,NepalNews,Bhote Koshi flood death toll climbs to 768 - NepalNews,Bhote Koshi flood death toll climbs to 768 NepalNews,https://news.google.com/rss/articles/CBMiigFBVV95cUxOQnlHMTZBck9mcjZsNkNzTXZoV2JTTmhBVkRoY2gwVlVPSlp2ZkQwVmVTRW9tTUs3SUhPVVRlSGtCTVg2STFYRHVpa3ZmUzRLbUEwbU1GMlhLX0pWamF2ZTZDck90NUtwNTNocWtsQVAzaEhrSkRHOXpXVl9qUDVqSi13YVkxbU5wVGc?oc=5,https://web.archive.org/web/*/https://news.google.com/rss/articles/CBMiigFBVV95cUxOQnlHMTZBck9mcjZsNkNzTXZoV2JTTmhBVkRoY2gwVlVPSlp2ZkQwVmVTRW9tTUs3SUhPVVRlSGtCTVg2STFYRHVpa3ZmUzRLbUEwbU1GMlhLX0pWamF2ZTZDck90NUtwNTNocWtsQVAzaEhrSkRHOXpXVl9qUDVqSi13YVkxbU5wVGc?oc=5,Metadata and source-provided excerpt retained,Full text is not republished unless reuse permission or an open licence is documented.
99fede5e0df7bbdc,2026-08-30,2026-09-02T14:22:45Z,IANS LIVE,Nepal issues fresh flood warning as Bhote Koshi water level rises - IANS LIVE,Nepal issues fresh flood warning as Bhote Koshi water level rises IANS LIVE,https://news.google.com/rss/articles/CBMiowFBVV95cUxOWUVFNkdDUHJsN2tQVUVKTmZaUko5NDc1RXVpaGIzcXZvNTNkV1FRYl93cXFzeFlpQzJ3SERrNTBjTEZnak1Fa2xfbmVVM29fZU5rRzhzUUNLbjVJRGlPaFc0MU1mZGVjcVF5WFFCRG5iWGZBMEV5Zk04YUhSQTZYbU5pdnVDTUJFcnlqTUZtY1I2TGNtQzhWZnp5WWZrM2FtUFU4?oc=5,https://web.archive.org/web/*/https://news.google.com/rss/articles/CBMiowFBVV95cUxOWUVFNkdDUHJsN2tQVUVKTmZaUko5NDc1RXVpaGIzcXZvNTNkV1FRYl93cXFzeFlpQzJ3SERrNTBjTEZnak1Fa2xfbmVVM29fZU5rRzhzUUNLbjVJRGlPaFc0MU1mZGVjcVF5WFFCRG5iWGZBMEV5Zk04YUhSQTZYbU5pdnVDTUJFcnlqTUZtY1I2TGNtQzhWZnp5WWZrM2FtUFU4?oc=5,Metadata and source-provided excerpt retained,Full text is not republished unless reuse permission or an open licence is documented.
19a94ee940668d75,2026-08-29,2026-09-02T14:22:45Z,The Hindu,The Bhotekoshi flood | A Himalayan tragedy - The Hindu,The Bhotekoshi flood | A Himalayan tragedy The Hindu,https://news.google.com/rss/articles/CBMioAFBVV95cUxNNlJSejItQ3FMeVZwNndSYU9ORlA4bVg2b0xKVl9iUmt0RTZqWm94Z1lGakpMc3dSYWhfUGhDdE41aURjUEQ4UDRnU0xFQ2M4VFBMazZGTkxxbnVsc0lVeXBSbUdlSmJ1cVBiUDFkMFZCQU0yRjhKQ2F6bnhfZGk0VVgtd1BTTmw2QjRxRXpMMmlvQTk3OW9fenRMVi11djhF0gGnAUFVX3lxTFA4S0liWXZKSE0tWmZUWDhpSGkxWTAyUzVySmdzTzBkSnp0S2YzNzIzX2l5U204aW12VGVGTmotc2dWaFg5YnVXX0pEck92TlNKOEI1dF9wb1E2OG5KcUFjRkpWMFoyUlFsMUR0TmhNaUZiRktYRE5JWE4tb2x5MF9sYnhDWGljY0JvUTVWeDZJdFJVSjg2WjhhalE5R3JULWtPUmV1LTBB?oc=5,https://web.archive.org/web/*/https://news.google.com/rss/articles/CBMioAFBVV95cUxNNlJSejItQ3FMeVZwNndSYU9ORlA4bVg2b0xKVl9iUmt0RTZqWm94Z1lGakpMc3dSYWhfUGhDdE41aURjUEQ4UDRnU0xFQ2M4VFBMazZGTkxxbnVsc0lVeXBSbUdlSmJ1cVBiUDFkMFZCQU0yRjhKQ2F6bnhfZGk0VVgtd1BTTmw2QjRxRXpMMmlvQTk3OW9fenRMVi11djhF0gGnAUFVX3lxTFA4S0liWXZKSE0tWmZUWDhpSGkxWTAyUzVySmdzTzBkSnp0S2YzNzIzX2l5U204aW12VGVGTmotc2dWaFg5YnVXX0pEck92TlNKOEI1dF9wb1E2OG5KcUFjRkpWMFoyUlFsMUR0TmhNaUZiRktYRE5JWE4tb2x5MF9sYnhDWGljY0JvUTVWeDZJdFJVSjg2WjhhalE5R3JULWtPUmV1LTBB?oc=5,Metadata and source-provided excerpt retained,Full text is not republished unless reuse permission or an open licence is documented.
50cac0db728c5824,2026-08-29,2026-09-02T14:22:45Z,NepalNews,When the mountains let go: Lessons for Nepal from Peru after the Bhote Koshi flood - NepalNews,When the mountains let go: Lessons for Nepal from Peru after the Bhote Koshi flood NepalNews,https://news.google.com/rss/articles/CBMivwFBVV95cUxNeElQcmxHVW83eVdVS3BCMWtDMEdjOU1yWnRqc0JJZXZjU0pjeHdWcTdsUFNzZkh0WWxlQnc2cngzX2RwWjR6YkNnalN6dmJ2SXdQNWlnNlJxSk5YNWxpM20tV2dWN0dYM2J5aExVMW1zbVE1em1JcWVrWmVyUDBWWkF2YjNJWWZYTzhfelRxYXhtSGpDdHFqd205bDFySDdWeEZvOGFnaDB4SW1oUV9lT09mWEgwajNvdm5FSnZVTQ?oc=5,https://web.archive.org/web/*/https://news.google.com/rss/articles/CBMivwFBVV95cUxNeElQcmxHVW83eVdVS3BCMWtDMEdjOU1yWnRqc0JJZXZjU0pjeHdWcTdsUFNzZkh0WWxlQnc2cngzX2RwWjR6YkNnalN6dmJ2SXdQNWlnNlJxSk5YNWxpM20tV2dWN0dYM2J5aExVMW1zbVE1em1JcWVrWmVyUDBWWkF2YjNJWWZYTzhfelRxYXhtSGpDdHFqd205bDFySDdWeEZvOGFnaDB4SW1oUV9lT09mWEgwajNvdm5FSnZVTQ?oc=5,Metadata and source-provided excerpt retained,Full text is not republished unless reuse permission or an open licence is documented.
c40ebcdd7fb17be9,2026-08-29,2026-09-02T14:22:45Z,kathmandupost.com,They escaped the Bhotekoshi flood. They can’t escape what they saw - kathmandupost.com,They escaped the Bhotekoshi flood. They can’t escape what they saw kathmandupost.com,https://news.google.com/rss/articles/CBMisAFBVV95cUxPdEZnNmI4X011dGJMVmpSdUhvU0dTdXZNRzBwMWdwQXEwLWV6TmJZLW83R281VzlNUDVha0xCSVFYVmRmcFRxVGI4TndGRHBhTDhqTHVPQW1US1NoSzNyWmE5TXd0SkRqSXhzLW5pbS1LcGdaaXBWMGVObHIxdDE5NGxWcmtiTW5Ld1ROalByUmhxeGs5TjRQOUtGQmFMZlRZaVJmYUZVeVZjNHY2bmdtRQ?oc=5,https://web.archive.org/web/*/https://news.google.com/rss/articles/CBMisAFBVV95cUxPdEZnNmI4X011dGJMVmpSdUhvU0dTdXZNRzBwMWdwQXEwLWV6TmJZLW83R281VzlNUDVha0xCSVFYVmRmcFRxVGI4TndGRHBhTDhqTHVPQW1US1NoSzNyWmE5TXd0SkRqSXhzLW5pbS1LcGdaaXBWMGVObHIxdDE5NGxWcmtiTW5Ld1ROalByUmhxeGs5TjRQOUtGQmFMZlRZaVJmYUZVeVZjNHY2bmdtRQ?oc=5,Metadata and source-provided excerpt retained,Full text is not republished unless reuse permission or an open licence is documented.
a02b029b5e3cc7ea,2026-08-29,2026-09-02T14:22:45Z,ekantipur.com,ADB approves $5 million grant for rescue and relief of Bhotekoshi flood victims - ekantipur.com,ADB approves $5 million grant for rescue and relief of Bhotekoshi flood victims ekantipur.com,https://news.google.com/rss/articles/CBMiygFBVV95cUxOTEc3RVd1aXJleUxkWm5QUHZTRUpWY0twd01HT1FfU2g0aHQxU05QaFcwMTJENDJ5RU1KRzJLVk00VW1nY1hhSTRwajZMSkppa1lNdFFtM0ctNG5zNmxxcnZKcEpzRWhackpBaEZ3ZUFwQjJraG5YODk1NkhOQTFwME13QVNHVmFPcy0yc2w1NmhhLVpSam1VeGlBenI0LUhFWFI2aDJ6TGNsZTdyMjVmSVZ1eGt0NGd6MHJZVktYUFJadUhsTmxzWUhR?oc=5,https://web.archive.org/web/*/https://news.google.com/rss/articles/CBMiygFBVV95cUxOTEc3RVd1aXJleUxkWm5QUHZTRUpWY0twd01HT1FfU2g0aHQxU05QaFcwMTJENDJ5RU1KRzJLVk00VW1nY1hhSTRwajZMSkppa1lNdFFtM0ctNG5zNmxxcnZKcEpzRWhackpBaEZ3ZUFwQjJraG5YODk1NkhOQTFwME13QVNHVmFPcy0yc2w1NmhhLVpSam1VeGlBenI0LUhFWFI2aDJ6TGNsZTdyMjVmSVZ1eGt0NGd6MHJZVktYUFJadUhsTmxzWUhR?oc=5,Metadata and source-provided excerpt retained,Full text is not republished unless reuse permission or an open licence is documented.
dc56121e9cd66ad2,2026-08-29,2026-09-02T14:22:45Z,vietnamnews.vn,"Bhotekoshi flood death toll reaches 616, hundreds still missing - vietnamnews.vn","Bhotekoshi flood death toll reaches 616, hundreds still missing vietnamnews.vn",https://news.google.com/rss/articles/CBMipwFBVV95cUxOV3d4Q21GQkoxVjgyd3h5QzhOeDdjLUR3VU5LWFNOR0MwajVhSThfeXYyNGZBNWcwakpYWlpVOVhqZEVuTjRLUHF1MDhSekRvNGo5eWtIcVdXWEZPaGtsU3JzRkVObGNSRmh1NVJrUFdaQmF5UnVFZEdXRlMtMTd6ei1NcUhnOXVCbnJvdFNLLWpuaW0tLXFIWnZOVU5sUTlEbldwbDM4NA?oc=5,https://web.archive.org/web/*/https://news.google.com/rss/articles/CBMipwFBVV95cUxOV3d4Q21GQkoxVjgyd3h5QzhOeDdjLUR3VU5LWFNOR0MwajVhSThfeXYyNGZBNWcwakpYWlpVOVhqZEVuTjRLUHF1MDhSekRvNGo5eWtIcVdXWEZPaGtsU3JzRkVObGNSRmh1NVJrUFdaQmF5UnVFZEdXRlMtMTd6ei1NcUhnOXVCbnJvdFNLLWpuaW0tLXFIWnZOVU5sUTlEbldwbDM4NA?oc=5,Metadata and source-provided excerpt retained,Full text is not republished unless reuse permission or an open licence is documented.
36ceb0943dec168f,2026-08-29,2026-09-02T14:22:45Z,Khabarhub,"Rasuwa flood: 553 bodies recovered, 1,473 rescued so far - Khabarhub","Rasuwa flood: 553 bodies recovered, 1,473 rescued so far Khabarhub",https://news.google.com/rss/articles/CBMiWEFVX3lxTFBWbDVTRTc4YWF4RTJhSXBqb0VWME1ndUsyQ1ByNG83aHRvMEFqX0ZMb0xPVlQzVzQzcWRQb3FIemRWLUtaOXh4bnV4blpqMi1mdnhPRE5UWFc?oc=5,https://web.archive.org/web/*/https://news.google.com/rss/articles/CBMiWEFVX3lxTFBWbDVTRTc4YWF4RTJhSXBqb0VWME1ndUsyQ1ByNG83aHRvMEFqX0ZMb0xPVlQzVzQzcWRQb3FIemRWLUtaOXh4bnV4blpqMi1mdnhPRE5UWFc?oc=5,Metadata and source-provided excerpt retained,Full text is not republished unless reuse permission or an open licence is documented.
30674a77c9f2c251,2026-08-29,2026-09-02T14:22:45Z,Khabarhub,Seven-year-old girl rescued alive four days after Bhotekoshi flood in Rasuwa - Khabarhub,Seven-year-old girl rescued alive four days after Bhotekoshi flood in Rasuwa Khabarhub,https://news.google.com/rss/articles/CBMiWEFVX3lxTE1YWHRHbU85a2FKMGUtaWN5VlpMdklHbEVJWTdxR1hSTnZyZGdMM3cwakpqdDhDLWU3MDFIdmh3R3MyVE41bGRRZGU3bV85WE42bzRRcWk0WlM?oc=5,https://web.archive.org/web/*/https://news.google.com/rss/articles/CBMiWEFVX3lxTE1YWHRHbU85a2FKMGUtaWN5VlpMdklHbEVJWTdxR1hSTnZyZGdMM3cwakpqdDhDLWU3MDFIdmh3R3MyVE41bGRRZGU3bV85WE42bzRRcWk0WlM?oc=5,Metadata and source-provided excerpt retained,Full text is not republished unless reuse permission or an open licence is documented.
59f3c5638b2f563b,2026-08-29,2026-09-02T14:22:45Z,phnompenhpost.com,"Updates: Bhotekoshi flood toll reaches 626 as 2,426 remain unaccounted for - phnompenhpost.com","Updates: Bhotekoshi flood toll reaches 626 as 2,426 remain unaccounted for phnompenhpost.com",https://news.google.com/rss/articles/CBMiswFBVV95cUxOX3lRanhVMk56ajA0QlNDMnNnZkJNRHZSTGV5dWRIdVM5ZGx5T3ZDcmxNQVVhWVRXQ0tKX2xFR3A5clhfWDAyenlXR0Z1dUx6NUhOdnV5enBKcGczLWpxTUs0M1RFQWNBSWdEdldnV2lkUUZNYlhBcExMMFRKcWFnb1hqVHJTZm5MTFRQQXdHY2hBRWRSRnU2S2JySmJ3WjFHNm5KUVI3MXVZT1lsR25NejJwbw?oc=5,https://web.archive.org/web/*/https://news.google.com/rss/articles/CBMiswFBVV95cUxOX3lRanhVMk56ajA0QlNDMnNnZkJNRHZSTGV5dWRIdVM5ZGx5T3ZDcmxNQVVhWVRXQ0tKX2xFR3A5clhfWDAyenlXR0Z1dUx6NUhOdnV5enBKcGczLWpxTUs0M1RFQWNBSWdEdldnV2lkUUZNYlhBcExMMFRKcWFnb1hqVHJTZm5MTFRQQXdHY2hBRWRSRnU2S2JySmJ3WjFHNm5KUVI3MXVZT1lsR25NejJwbw?oc=5,Metadata and source-provided excerpt retained,Full text is not republished unless reuse permission or an open licence is documented.
66c31c07b8c12c23,2026-08-29,2026-09-02T14:22:45Z,"Ministry of Foreign Affairs, Nepal","Press Briefing Note by Hon. Minister for Foreign Affairs on Bhote Koshi Flood - Ministry of Foreign Affairs, Nepal","Press Briefing Note by Hon. Minister for Foreign Affairs on Bhote Koshi Flood Ministry of Foreign Affairs, Nepal",https://news.google.com/rss/articles/CBMif0FVX3lxTE5icmE4NGs1cTU1S1cxekhPb19ISmpHOGRPV0lIMHRaWmd1OVFtcVVTQ1c1VFBaa1BmN0NGekdZZS1sckl1Q3JIcHdlVGVCNzRaaUtYVzN4eHlRNkpQeFdwWExnSHBuQ2Z0NjRYeWo1SGlLSUhNZ3RqcFZxV205Z2s?oc=5,https://web.archive.org/web/*/https://news.google.com/rss/articles/CBMif0FVX3lxTE5icmE4NGs1cTU1S1cxekhPb19ISmpHOGRPV0lIMHRaWmd1OVFtcVVTQ1c1VFBaa1BmN0NGekdZZS1sckl1Q3JIcHdlVGVCNzRaaUtYVzN4eHlRNkpQeFdwWExnSHBuQ2Z0NjRYeWo1SGlLSUhNZ3RqcFZxV205Z2s?oc=5,Metadata and source-provided excerpt retained,Full text is not republished unless reuse permission or an open licence is documented.
fe1e60152f3859e8,2026-08-29,2026-09-02T14:22:45Z,Khabarhub,"Rasuwa flood: 184 tourists rescued, 420 still out of contact - Khabarhub","Rasuwa flood: 184 tourists rescued, 420 still out of contact Khabarhub",https://news.google.com/rss/articles/CBMiWEFVX3lxTE5iaFBLbjFEVnFNb2l5WDUySEdYTDc1a1lWUU56d1FLR3JrZm1qRzREUk1YQ0xXVlFaeVdrMXgzLUNvTFBPUFZ2WVJJN1E0RDZaeDBXT18yMk8?oc=5,https://web.archive.org/web/*/https://news.google.com/rss/articles/CBMiWEFVX3lxTE5iaFBLbjFEVnFNb2l5WDUySEdYTDc1a1lWUU56d1FLR3JrZm1qRzREUk1YQ0xXVlFaeVdrMXgzLUNvTFBPUFZ2WVJJN1E0RDZaeDBXT18yMk8?oc=5,Metadata and source-provided excerpt retained,Full text is not republished unless reuse permission or an open licence is documented.
735c4dfdcb6ea595,2026-08-29,2026-09-02T14:22:45Z,Khabarhub,Rasuwa flood: NC draws govt’s attention to nine-point demands - Khabarhub,Rasuwa flood: NC draws govt’s attention to nine-point demands Khabarhub,https://news.google.com/rss/articles/CBMiWEFVX3lxTE5Qejd0ekVBazNqcWJqWTdJMjR5V2FYNExaNE5MRUFBRHd4eloyQmhFSkFpc3NiUDFDSU9PeTNDeU9Tb3NfNG9VUFdPUTlibmtRejRQSlBvczE?oc=5,https://web.archive.org/web/*/https://news.google.com/rss/articles/CBMiWEFVX3lxTE5Qejd0ekVBazNqcWJqWTdJMjR5V2FYNExaNE5MRUFBRHd4eloyQmhFSkFpc3NiUDFDSU9PeTNDeU9Tb3NfNG9VUFdPUTlibmtRejRQSlBvczE?oc=5,Metadata and source-provided excerpt retained,Full text is not republished unless reuse permission or an open licence is documented.
269ee599530d0505,2026-08-29,2026-09-02T14:22:45Z,Khabarhub,Bhotekoshi flood: 82 security personnel mobilized to rescue those trapped inside tunnel - Khabarhub,Bhotekoshi flood: 82 security personnel mobilized to rescue those trapped inside tunnel Khabarhub,https://news.google.com/rss/articles/CBMiWEFVX3lxTE15WTJCbXhiYlRScXR0MU9FdGI5YlFlOXU3ZEppazRJU0hfLUlyN01UcHdDeS1hU0JFZ25FMXA1YzFwTlFwRVlqaFZfZFVLNkN3aERNbTkybnI?oc=5,https://web.archive.org/web/*/https://news.google.com/rss/articles/CBMiWEFVX3lxTE15WTJCbXhiYlRScXR0MU9FdGI5YlFlOXU3ZEppazRJU0hfLUlyN01UcHdDeS1hU0JFZ25FMXA1YzFwTlFwRVlqaFZfZFVLNkN3aERNbTkybnI?oc=5,Metadata and source-provided excerpt retained,Full text is not republished unless reuse permission or an open licence is documented.
314a5e055f0569a2,2026-08-29,2026-09-02T14:22:45Z,Khabarhub,"Rasuwa flood: 626 bodies recovered, 2,426 still missing so far - Khabarhub","Rasuwa flood: 626 bodies recovered, 2,426 still missing so far Khabarhub",https://news.google.com/rss/articles/CBMiWEFVX3lxTFBSUXRTT1Z2TktaRHEzb0xid1hidWJnSjd3OUp2QmVrcEM5MkZaTFNMRUNEWUEzamV1UWJlcUN0ODBuX2pQUldoVEdsdGM3OWUxR1dnX01zNlY?oc=5,https://web.archive.org/web/*/https://news.google.com/rss/articles/CBMiWEFVX3lxTFBSUXRTT1Z2TktaRHEzb0xid1hidWJnSjd3OUp2QmVrcEM5MkZaTFNMRUNEWUEzamV1UWJlcUN0ODBuX2pQUldoVEdsdGM3OWUxR1dnX01zNlY?oc=5,Metadata and source-provided excerpt retained,Full text is not republished unless reuse permission or an open licence is documented.
8b7847c343cc60ca,2026-08-29,2026-09-02T14:22:45Z,NepalNews,Health experts warn of infection risks in Bhote Koshi flood zones as bodies decay - NepalNews,Health experts warn of infection risks in Bhote Koshi flood zones as bodies decay NepalNews,https://news.google.com/rss/articles/CBMivgFBVV95cUxOOGVEOVJCTWdTLXVRdGU0MGZYU3o5S3RVX0xCa090WmlxT3hqQUVpSkpFVEl6cElJWjVvbVNMd2dXZFBFWk0wLVVmZWViLUh4ZW4wUWstN25SeUs3azc0S25MUnlXYUJtNGFnVGJ6MzVLNF9NRXlCRWZtWk5ZbThDdXFZOExyQm56YW0zOE1RNFAwTTlsYllLY1RoVnk0bWpUOUdnblY0VFd5SC1XakRkc2xNWXptQ05CdDd4TGdn?oc=5,https://web.archive.org/web/*/https://news.google.com/rss/articles/CBMivgFBVV95cUxOOGVEOVJCTWdTLXVRdGU0MGZYU3o5S3RVX0xCa090WmlxT3hqQUVpSkpFVEl6cElJWjVvbVNMd2dXZFBFWk0wLVVmZWViLUh4ZW4wUWstN25SeUs3azc0S25MUnlXYUJtNGFnVGJ6MzVLNF9NRXlCRWZtWk5ZbThDdXFZOExyQm56YW0zOE1RNFAwTTlsYllLY1RoVnk0bWpUOUdnblY0VFd5SC1XakRkc2xNWXptQ05CdDd4TGdn?oc=5,Metadata and source-provided excerpt retained,Full text is not republished unless reuse permission or an open licence is documented.
391cb063cc000d5a,2026-08-29,2026-09-02T14:22:45Z,myRepublica,Death toll from Bhotekoshi flood climbs to 584; at least 2400 still missing - myRepublica,Death toll from Bhotekoshi flood climbs to 584; at least 2400 still missing myRepublica,https://news.google.com/rss/articles/CBMizgFBVV95cUxORElkSU1WZlJGY3VQa0RqYmdKdThPZVZlcXlWcm9wS1BCN2xzcGxQWHMxR3VGU1lpQW0xbFhLMVFRVXJiTTExaGRWSkY3OW5HbDlaS2t2VjZwLW9iZFpSQXEtdzN0SW02YnBKa1Q2dENmNXBMZ0VtS0NCeXVxbkdDQjJucFFQZUlpdUFwSFNzRGFtXzB0MWxiVkplY0hFOUlXbmJ6T3l6dFJadE0wNkpNdUpBaVdfb3dGZjBEd2hlN0FVTFVhMGJmX25iZW5Pdw?oc=5,https://web.archive.org/web/*/https://news.google.com/rss/articles/CBMizgFBVV95cUxORElkSU1WZlJGY3VQa0RqYmdKdThPZVZlcXlWcm9wS1BCN2xzcGxQWHMxR3VGU1lpQW0xbFhLMVFRVXJiTTExaGRWSkY3OW5HbDlaS2t2VjZwLW9iZFpSQXEtdzN0SW02YnBKa1Q2dENmNXBMZ0VtS0NCeXVxbkdDQjJucFFQZUlpdUFwSFNzRGFtXzB0MWxiVkplY0hFOUlXbmJ6T3l6dFJadE0wNkpNdUpBaVdfb3dGZjBEd2hlN0FVTFVhMGJmX25iZW5Pdw?oc=5,Metadata and source-provided excerpt retained,Full text is not republished unless reuse permission or an open licence is documented.
a60cee6daa75f4c3,2026-08-29,2026-09-02T14:22:45Z,radionepalonline.com,"Bhotekoshi flood: 191 rescued from hydropower tunnels – Public Service Broadcasting, Radio Nepal - radionepalonline.com","Bhotekoshi flood: 191 rescued from hydropower tunnels – Public Service Broadcasting, Radio Nepal radionepalonline.com",https://news.google.com/rss/articles/CBMiZEFVX3lxTE5yYlFwM3Q4NGp3eTdabHU1N1VHWFFic0steS0tUmtIZ2t4a056X3lqWHlYTGJnWkJBRWtDN1lWaUlsN2hiNXZIRGFNLWZObHZ1eTdZeE1rRTJLdElRd1hTbEJyLWI?oc=5,https://web.archive.org/web/*/https://news.google.com/rss/articles/CBMiZEFVX3lxTE5yYlFwM3Q4NGp3eTdabHU1N1VHWFFic0steS0tUmtIZ2t4a056X3lqWHlYTGJnWkJBRWtDN1lWaUlsN2hiNXZIRGFNLWZObHZ1eTdZeE1rRTJLdElRd1hTbEJyLWI?oc=5,Metadata and source-provided excerpt retained,Full text is not republished unless reuse permission or an open licence is documented.
865e899865485250,2026-08-29,2026-09-02T14:22:45Z,The Rising Nepal,Glacier collapse blamed for Bhotekoshi flood - The Rising Nepal,Glacier collapse blamed for Bhotekoshi flood The Rising Nepal,https://news.google.com/rss/articles/CBMiUEFVX3lxTFBTc1F5eUI1VWstTlp3S0ttb29zczhjbGpjekFIRENkVUtJbkF2d183VU1lOGc3dTBJaWJRblBVU3R4dzBNcUkybXpGZVhsS0o0?oc=5,https://web.archive.org/web/*/https://news.google.com/rss/articles/CBMiUEFVX3lxTFBTc1F5eUI1VWstTlp3S0ttb29zczhjbGpjekFIRENkVUtJbkF2d183VU1lOGc3dTBJaWJRblBVU3R4dzBNcUkybXpGZVhsS0o0?oc=5,Metadata and source-provided excerpt retained,Full text is not republished unless reuse permission or an open licence is documented.
749873f0bd539f29,2026-08-29,2026-09-02T14:22:45Z,myRepublica,Death toll from Bhotekoshi flood climbs to 584; at least 2400 still missing - myRepublica,Death toll from Bhotekoshi flood climbs to 584; at least 2400 still missing myRepublica,https://news.google.com/rss/articles/CBMiyAFBVV95cUxPa1hWSGJrVVl3dGZFTWhXRFYzdnZwblhuZldMR3ozek1RYnNyVEMzSkd5OUk3NmFNTm11RHFxMTJVR0VfS2RjNFdqV1lqZXdIS2I5aHlzeVhzMUNYT1R1NDZlMEhXOVBoeEJHYkhhRklMU3hOLUoxZ0hDV2RHS0RrNUFKOEk0RTFpTnpnVlJkRkl2Ty11U0MtX3VzU3FNUkxPc29qVk9TSEpqNWhnNFlqT3VNZWpVeFNiNVhKWHc4LUlQMHFuUi10Qg?oc=5,https://web.archive.org/web/*/https://news.google.com/rss/articles/CBMiyAFBVV95cUxPa1hWSGJrVVl3dGZFTWhXRFYzdnZwblhuZldMR3ozek1RYnNyVEMzSkd5OUk3NmFNTm11RHFxMTJVR0VfS2RjNFdqV1lqZXdIS2I5aHlzeVhzMUNYT1R1NDZlMEhXOVBoeEJHYkhhRklMU3hOLUoxZ0hDV2RHS0RrNUFKOEk0RTFpTnpnVlJkRkl2Ty11U0MtX3VzU3FNUkxPc29qVk9TSEpqNWhnNFlqT3VNZWpVeFNiNVhKWHc4LUlQMHFuUi10Qg?oc=5,Metadata and source-provided excerpt retained,Full text is not republished unless reuse permission or an open licence is documented.
8cb03f45d4352ce2,2026-08-29,2026-09-02T14:22:45Z,radionepalonline.com,"675 People Confirmed Dead So Far in Bhotekoshi Flood, 2426 People Remain Unknown - radionepalonline.com","675 People Confirmed Dead So Far in Bhotekoshi Flood, 2426 People Remain Unknown radionepalonline.com",https://news.google.com/rss/articles/CBMiZEFVX3lxTE9iY1pQZXhQM3RqTFZLdTVObGRyQ2RVdDZqTWN4TDljVTRLNDRKSDN0cWNhenAzeGkzX1FiOU5QM0Vad1JrT3ZqTTZvcjVxY1FQZHpUMXVEZzNBTjhsV2lPSkhYaTc?oc=5,https://web.archive.org/web/*/https://news.google.com/rss/articles/CBMiZEFVX3lxTE9iY1pQZXhQM3RqTFZLdTVObGRyQ2RVdDZqTWN4TDljVTRLNDRKSDN0cWNhenAzeGkzX1FiOU5QM0Vad1JrT3ZqTTZvcjVxY1FQZHpUMXVEZzNBTjhsV2lPSkhYaTc?oc=5,Metadata and source-provided excerpt retained,Full text is not republished unless reuse permission or an open licence is documented.
c3c5543333ec6bd9,2026-08-29,2026-09-02T14:22:45Z,NepalNews,Army air-lifts 829 survivors in Bhote Koshi flood operations - NepalNews,Army air-lifts 829 survivors in Bhote Koshi flood operations NepalNews,https://news.google.com/rss/articles/CBMiogFBVV95cUxPenV5NE1BUmlQSm1HenpIWnNhSTZvSUcxS21vWnk3WHA1YzNlNTloTnlGamV3NmxHWW9YS3ZCM2VSU19xbnZrX3E5NmJYLWNlQVhmdVdIakFQRko0SWpqRXNKVWtWX2xKTTlUSDJtT3FBRFJocDVVUHlINERnTTVocGg5ZkR2RURTZFV6TVFmWFFSY0tvTDN2d1hqSndWSzlDT2c?oc=5,https://web.archive.org/web/*/https://news.google.com/rss/articles/CBMiogFBVV95cUxPenV5NE1BUmlQSm1HenpIWnNhSTZvSUcxS21vWnk3WHA1YzNlNTloTnlGamV3NmxHWW9YS3ZCM2VSU19xbnZrX3E5NmJYLWNlQVhmdVdIakFQRko0SWpqRXNKVWtWX2xKTTlUSDJtT3FBRFJocDVVUHlINERnTTVocGg5ZkR2RURTZFV6TVFmWFFSY0tvTDN2d1hqSndWSzlDT2c?oc=5,Metadata and source-provided excerpt retained,Full text is not republished unless reuse permission or an open licence is documented.
0f67e223195ca27b,2026-08-29,2026-09-02T14:22:45Z,The Kathmandu Post,Authorities begin burying 229 unidentified Bhotekoshi flood victims - The Kathmandu Post,Authorities begin burying 229 unidentified Bhotekoshi flood victims The Kathmandu Post,https://news.google.com/rss/articles/CBMiswFBVV95cUxNb3IzdjBYY3RkcW1Ka0lGczdMZGZSZ0dJRU1LMUVubTRnWGNuWXpiX0pWZE5CeGZsem5tbFZsX2xEcHJ2REJOZ3pMaWdkYTM1QXNaM3NjLV9YcFMyRW1lX1gyR29kc3gxdC1Bb0Z1T01kWTcwd3YwRkp0T0lSSFFsSXEzcXBMMG1ma1ROTFpxNkxPNHlSSDdZNUFQQU54ZHFTTnpTYVd2MzNhUEc1TDZQQVBNVQ?oc=5,https://web.archive.org/web/*/https://news.google.com/rss/articles/CBMiswFBVV95cUxNb3IzdjBYY3RkcW1Ka0lGczdMZGZSZ0dJRU1LMUVubTRnWGNuWXpiX0pWZE5CeGZsem5tbFZsX2xEcHJ2REJOZ3pMaWdkYTM1QXNaM3NjLV9YcFMyRW1lX1gyR29kc3gxdC1Bb0Z1T01kWTcwd3YwRkp0T0lSSFFsSXEzcXBMMG1ma1ROTFpxNkxPNHlSSDdZNUFQQU54ZHFTTnpTYVd2MzNhUEc1TDZQQVBNVQ?oc=5,Metadata and source-provided excerpt retained,Full text is not republished unless reuse permission or an open licence is documented.
73ec554a15938a55,2026-08-29,2026-09-02T14:22:45Z,Sandesh,"Nepal Bhotekoshi Flood: 626 Dead, 3 Bodies Found in UP's Gandak River - Sandesh","Nepal Bhotekoshi Flood: 626 Dead, 3 Bodies Found in UP's Gandak River Sandesh",https://news.google.com/rss/articles/CBMioAFBVV95cUxPM29mZjBleTdVOXBUNmVCUDZxaUlELThxeFRPNFVvSURVaUNVLVUxQTUxT2cxdktfZnBhRzdyWkw3OW9Cc1RQXzFSSFlJS2NPYUs2Q1hJY2k3OU5LbEd1dTdvX3BPUWFaRm5FU1ZTUjZ1OFZvUnhsb2JWNHd4dlJoWGxNQmN4eDY3YU5GcFRvM0lqUUdzSGRuWkZPMFRCdWk1?oc=5,https://web.archive.org/web/*/https://news.google.com/rss/articles/CBMioAFBVV95cUxPM29mZjBleTdVOXBUNmVCUDZxaUlELThxeFRPNFVvSURVaUNVLVUxQTUxT2cxdktfZnBhRzdyWkw3OW9Cc1RQXzFSSFlJS2NPYUs2Q1hJY2k3OU5LbEd1dTdvX3BPUWFaRm5FU1ZTUjZ1OFZvUnhsb2JWNHd4dlJoWGxNQmN4eDY3YU5GcFRvM0lqUUdzSGRuWkZPMFRCdWk1?oc=5,Metadata and source-provided excerpt retained,Full text is not republished unless reuse permission or an open licence is documented.
4c3a38ee934f1999,2026-08-29,2026-09-02T14:22:45Z,radionepalonline.com,"700 including 40 foreigners rescued after Bhotekoshi flood – Public Service Broadcasting, Radio Nepal - radionepalonline.com","700 including 40 foreigners rescued after Bhotekoshi flood – Public Service Broadcasting, Radio Nepal radionepalonline.com",https://news.google.com/rss/articles/CBMiZEFVX3lxTFBRTkpSNTI0WnlMTFFiLTVwTUxEWHBfeVNTR1Y2YlowVkRCYjhVd3d5VHNiX0J1UUNDRTA2dmN3eE92dWFUcmx0LWs1UzZieTNrT0dUUFMwYk5LalJkNzEyeVFMd2Y?oc=5,https://web.archive.org/web/*/https://news.google.com/rss/articles/CBMiZEFVX3lxTFBRTkpSNTI0WnlMTFFiLTVwTUxEWHBfeVNTR1Y2YlowVkRCYjhVd3d5VHNiX0J1UUNDRTA2dmN3eE92dWFUcmx0LWs1UzZieTNrT0dUUFMwYk5LalJkNzEyeVFMd2Y?oc=5,Metadata and source-provided excerpt retained,Full text is not republished unless reuse permission or an open licence is documented.
5c7deb8a11483ad8,2026-08-28,2026-09-02T14:22:45Z,kathmandupost.com,What triggered the Rasuwa flood? Scientists piece together a complex chain of events - kathmandupost.com,What triggered the Rasuwa flood? Scientists piece together a complex chain of events kathmandupost.com,https://news.google.com/rss/articles/CBMiyAFBVV95cUxNanBjaGZzOFJjZmdCSnZQRHhpczEyOG9CWXltSnFyNE1qTDk1cE0wZUlrR2lhNGRmWHJvRkFHTVVjcjhDVVRWaDFISVR2ZTVibGFEb05yUUJ6UkFpcnJZRU9KLTdqQVRYd29vRzdmcE85OW41dUo5RkNIMEJ0S2hyeWFwSmhlSHFrQlpoVDdFZm00V3VPRzhuVFpFUUg4cjN5bXh2LVZudnpWOG1aa3JlMUNDX1hmWE1SRWcyX3dTZGVEWDFfYjNZYw?oc=5,https://web.archive.org/web/*/https://news.google.com/rss/articles/CBMiyAFBVV95cUxNanBjaGZzOFJjZmdCSnZQRHhpczEyOG9CWXltSnFyNE1qTDk1cE0wZUlrR2lhNGRmWHJvRkFHTVVjcjhDVVRWaDFISVR2ZTVibGFEb05yUUJ6UkFpcnJZRU9KLTdqQVRYd29vRzdmcE85OW41dUo5RkNIMEJ0S2hyeWFwSmhlSHFrQlpoVDdFZm00V3VPRzhuVFpFUUg4cjN5bXh2LVZudnpWOG1aa3JlMUNDX1hmWE1SRWcyX3dTZGVEWDFfYjNZYw?oc=5,Metadata and source-provided excerpt retained,Full text is not republished unless reuse permission or an open licence is documented.
f5bd8b46c8b6c3d7,2026-08-28,2026-09-02T14:22:45Z,The Statesman,"Not the first warning, won’t be the last: How Bhotekoshi’s flood revives an old fear in Nepal - The Statesman","Not the first warning, won’t be the last: How Bhotekoshi’s flood revives an old fear in Nepal The Statesman",https://news.google.com/rss/articles/CBMi1gFBVV95cUxOcnlQR1FtYWhxSHRaVkFQMW12M1IxM2RkRElkUzQxWUxoekpuQ1hnRmFJSHo5cWxOV1RRekJyeE9QbE1yS19XTUpYN2ZlOUZuZ3dtckpqbFFpUm1kWUpzUFRfbVpjS3VqMmg4dU5TUy1vQmNkZjUyTEItOWJUOWFhZFIzX3k5UldmdjdNVE9JY2ZlOU5xMFljY0hRU05vWnlJUkljcFhkWWhveVNSMGVpN1JxNEhmMExROEdzek1PYm91Q3BQd2VWNTNPSkp3aGxwaVkzd09R0gHbAUFVX3lxTE1xLWZocWtka2tMR3VMczQ0d0RNNTFIYkx0dUU0T0V0cDlBWVZza09wQ1lVbXhCN0dIR3RlbUh2Q0dQMmVONlJELUhRUVJySU9wZzkwLTB4RXlleVFBdmEtS21XaU1Da3FhbXhyRjBKdDYxY1ZtalhWLXk0d01PeG5jN3ZYdURaSXdLZFRoQTVIY0NEb0daNVEtZ2V0eHotV01BMnhKc0YxdERoV1g3blUyOVF2cmxQblo5QVpPVGlJd2hoSWY1aE1yQW0yMW5adDJ1a0NQMWJoZDdGbw?oc=5,https://web.archive.org/web/*/https://news.google.com/rss/articles/CBMi1gFBVV95cUxOcnlQR1FtYWhxSHRaVkFQMW12M1IxM2RkRElkUzQxWUxoekpuQ1hnRmFJSHo5cWxOV1RRekJyeE9QbE1yS19XTUpYN2ZlOUZuZ3dtckpqbFFpUm1kWUpzUFRfbVpjS3VqMmg4dU5TUy1vQmNkZjUyTEItOWJUOWFhZFIzX3k5UldmdjdNVE9JY2ZlOU5xMFljY0hRU05vWnlJUkljcFhkWWhveVNSMGVpN1JxNEhmMExROEdzek1PYm91Q3BQd2VWNTNPSkp3aGxwaVkzd09R0gHbAUFVX3lxTE1xLWZocWtka2tMR3VMczQ0d0RNNTFIYkx0dUU0T0V0cDlBWVZza09wQ1lVbXhCN0dIR3RlbUh2Q0dQMmVONlJELUhRUVJySU9wZzkwLTB4RXlleVFBdmEtS21XaU1Da3FhbXhyRjBKdDYxY1ZtalhWLXk0d01PeG5jN3ZYdURaSXdLZFRoQTVIY0NEb0daNVEtZ2V0eHotV01BMnhKc0YxdERoV1g3blUyOVF2cmxQblo5QVpPVGlJd2hoSWY1aE1yQW0yMW5adDJ1a0NQMWJoZDdGbw?oc=5,Metadata and source-provided excerpt retained,Full text is not republished unless reuse permission or an open licence is documented.
ffaa3715b19caef6,2026-08-28,2026-09-02T14:22:45Z,ANI News,"Nepal: 475 bodies recovered as Bhotekoshi flood death toll rises, rescue ops underway - ANI News","Nepal: 475 bodies recovered as Bhotekoshi flood death toll rises, rescue ops underway ANI News",https://news.google.com/rss/articles/CBMi0gFBVV95cUxOelpzNmVWQlkzbFd4ZlFEZE1DXzlUX0xmcG13a3JFT3BDRzFobDN4bXctQUhyYkc0QnR6VGJuZUlaeGRhc2w0U2tLREk0WHRnWjJCTnk4QmoxNWwyLUFPTDRuMG15ZGw5V0pnY0hneHAtWktoWFpaWFJUcXZZaXRDVGhJMHBENlh2S1JiYUVwdjc4MkZVUnN5LVZIeGJFSGhMekNWWTVxSnRpRjNqWlRfN0RLN3p6N1o3SF80cW85ZUpDbi1VWXFPdkJwQUt3R0IyZ2c?oc=5,https://web.archive.org/web/*/https://news.google.com/rss/articles/CBMi0gFBVV95cUxOelpzNmVWQlkzbFd4ZlFEZE1DXzlUX0xmcG13a3JFT3BDRzFobDN4bXctQUhyYkc0QnR6VGJuZUlaeGRhc2w0U2tLREk0WHRnWjJCTnk4QmoxNWwyLUFPTDRuMG15ZGw5V0pnY0hneHAtWktoWFpaWFJUcXZZaXRDVGhJMHBENlh2S1JiYUVwdjc4MkZVUnN5LVZIeGJFSGhMekNWWTVxSnRpRjNqWlRfN0RLN3p6N1o3SF80cW85ZUpDbi1VWXFPdkJwQUt3R0IyZ2c?oc=5,Metadata and source-provided excerpt retained,Full text is not republished unless reuse permission or an open licence is documented.
ae89500f49c1d81d,2026-08-28,2026-09-02T14:22:45Z,The Straits Times,Nepal-Tibet floods: Nepal tourism faces another setback as Rasuwa disaster exposes mountain risks - The Straits Times,Nepal-Tibet floods: Nepal tourism faces another setback as Rasuwa disaster exposes mountain risks The Straits Times,https://news.google.com/rss/articles/CBMiygFBVV95cUxNajI0QXFiNHdiRl9iYkdmdGtCSllHeGdfYk9KZ3B2VmhoVFRZa3JVOExob0RSWHNUY0VqMUtrbHdRWkRqX1BxM1l2SVdlUnhhdUxwaXNjZ1gyRk80alhvQUYtY0czaTZUVjhQLU1CbHpBNUVBNVZmWE1vMUZTLVhBcmctT2tSWURIYjVOcVBlUEVYMXZQNXd6bElUX0xlbFB3cU5jNjhDb2VneXNXU0dTMXdETmFvM2x0SWxmeE1oQmxIQjZBdnZfZHJR?oc=5,https://web.archive.org/web/*/https://news.google.com/rss/articles/CBMiygFBVV95cUxNajI0QXFiNHdiRl9iYkdmdGtCSllHeGdfYk9KZ3B2VmhoVFRZa3JVOExob0RSWHNUY0VqMUtrbHdRWkRqX1BxM1l2SVdlUnhhdUxwaXNjZ1gyRk80alhvQUYtY0czaTZUVjhQLU1CbHpBNUVBNVZmWE1vMUZTLVhBcmctT2tSWURIYjVOcVBlUEVYMXZQNXd6bElUX0xlbFB3cU5jNjhDb2VneXNXU0dTMXdETmFvM2x0SWxmeE1oQmxIQjZBdnZfZHJR?oc=5,Metadata and source-provided excerpt retained,Full text is not republished unless reuse permission or an open licence is documented.
b09f2347b43b0131,2026-08-28,2026-09-02T14:22:45Z,Deccan Chronicle,"Death Toll Reaches 389 in Nepal's Bhote Koshi Flood, 977 People Missing - Deccan Chronicle","Death Toll Reaches 389 in Nepal's Bhote Koshi Flood, 977 People Missing Deccan Chronicle",https://news.google.com/rss/articles/CBMitgFBVV95cUxPTkpuTWZyOXlNb1RYbW5GUjBmWVlvTnRDY2I2TVVST3VUejZsZkNRdldsVWtNa2R3Q3AwcjBfdDF1QkpiT3A2VWFBRlUxTkktc1RDV2R1LTNfcVQ5NnNBUllpdnJCVzF6Rl90TUlmU1VHZVI5NFlEQmhQNl9EUERCNnFHUjUtZjZuUkZ0T2ptOEhqSVhEOXQzWmRKVVVBMnBYUGJuYkliRkFza1lDV2lLcnZZQzk2QdIBuwFBVV95cUxPWV9UUWtqVVdndzNNaldkS29VYmdnamhNendqcEt5RUQ2aGVlTkdQRzQxTnNlU1FUUjJON0NFNnFibUw5R0h0WjFyUHc3elNEQjUxWWVUYXlmQUhncWFPZ3oyclV5bVdzcElUQTRiYjZoa1hEMzNNb2tfY1haRjdyZ1dGdmw0Uy1fZl94T3JiaTFFajUwenE3N0xsSWlaalNqMThJWEQ1VnJCT0xNU2p0cnU1UUZhc013MFEw?oc=5,https://web.archive.org/web/*/https://news.google.com/rss/articles/CBMitgFBVV95cUxPTkpuTWZyOXlNb1RYbW5GUjBmWVlvTnRDY2I2TVVST3VUejZsZkNRdldsVWtNa2R3Q3AwcjBfdDF1QkpiT3A2VWFBRlUxTkktc1RDV2R1LTNfcVQ5NnNBUllpdnJCVzF6Rl90TUlmU1VHZVI5NFlEQmhQNl9EUERCNnFHUjUtZjZuUkZ0T2ptOEhqSVhEOXQzWmRKVVVBMnBYUGJuYkliRkFza1lDV2lLcnZZQzk2QdIBuwFBVV95cUxPWV9UUWtqVVdndzNNaldkS29VYmdnamhNendqcEt5RUQ2aGVlTkdQRzQxTnNlU1FUUjJON0NFNnFibUw5R0h0WjFyUHc3elNEQjUxWWVUYXlmQUhncWFPZ3oyclV5bVdzcElUQTRiYjZoa1hEMzNNb2tfY1haRjdyZ1dGdmw0Uy1fZl94T3JiaTFFajUwenE3N0xsSWlaalNqMThJWEQ1VnJCT0xNU2p0cnU1UUZhc013MFEw?oc=5,Metadata and source-provided excerpt retained,Full text is not republished unless reuse permission or an open licence is documented.
3fb010e543d421ab,2026-08-28,2026-09-02T14:22:45Z,The Himalayan Times,"Bhotekoshi flood toll rises to 469; 2,381 still as authorities warn of another major flood - The Himalayan Times","Bhotekoshi flood toll rises to 469; 2,381 still as authorities warn of another major flood The Himalayan Times",https://news.google.com/rss/articles/CBMiwgFBVV95cUxOU0JkNVphcmtmRld5MlQ5VHp0RWYyRzBVRDhORTNUYjNzN2NYdktGQ253aGVGOFpkT0ppc3AxTXdRNVdNSGM3bl9qcjRRdF9ZV3RFNnFweG5nYndPdU1FTmFDVldDN3FIdmExQkFsZnlZekxvWks0Z0dSb2M4bzEyZHJjM3V2X2hwV2VUdlFtUDNRdF8tYnVGT2xwWVlTZWFnRlV2RnZFOVRTZmd6R0FmVkxoUk1CbFcyZjZYbjVmb0cwQQ?oc=5,https://web.archive.org/web/*/https://news.google.com/rss/articles/CBMiwgFBVV95cUxOU0JkNVphcmtmRld5MlQ5VHp0RWYyRzBVRDhORTNUYjNzN2NYdktGQ253aGVGOFpkT0ppc3AxTXdRNVdNSGM3bl9qcjRRdF9ZV3RFNnFweG5nYndPdU1FTmFDVldDN3FIdmExQkFsZnlZekxvWks0Z0dSb2M4bzEyZHJjM3V2X2hwV2VUdlFtUDNRdF8tYnVGT2xwWVlTZWFnRlV2RnZFOVRTZmd6R0FmVkxoUk1CbFcyZjZYbjVmb0cwQQ?oc=5,Metadata and source-provided excerpt retained,Full text is not republished unless reuse permission or an open licence is documented.
e287ff0ca31956e7,2026-08-28,2026-09-02T14:22:45Z,Babushahi.com,"Death toll reaches 389 in Nepal's Bhote Koshi flood, 977 people missing - Babushahi.com","Death toll reaches 389 in Nepal's Bhote Koshi flood, 977 people missing Babushahi.com",https://news.google.com/rss/articles/CBMiywFBVV95cUxOb0V5eHpWUzVJdUJ0T0x1eTJVNUVXeHpHUGtkSWdZRDVDR19LNEg4V3Z4dFcwd2dKR3dhM2FfUWFUUVpTODEyQkt6RVh0Q0twWWZFWGs2VWFUSW9TVDlnWGl0WG5VelRrbXhtOEVXbl94NWExczVVZEVHRUNuTGpNMkVrY2Z4a3E1MXpoYjB3Zm1PeDIxQUIxamlfT0ZmcUl1TWRLSFdRSjgwakpoQmQ4Ym5TR3JUemJYV2U4LW44LU1VSnZwcy0xR2xoVQ?oc=5,https://web.archive.org/web/*/https://news.google.com/rss/articles/CBMiywFBVV95cUxOb0V5eHpWUzVJdUJ0T0x1eTJVNUVXeHpHUGtkSWdZRDVDR19LNEg4V3Z4dFcwd2dKR3dhM2FfUWFUUVpTODEyQkt6RVh0Q0twWWZFWGs2VWFUSW9TVDlnWGl0WG5VelRrbXhtOEVXbl94NWExczVVZEVHRUNuTGpNMkVrY2Z4a3E1MXpoYjB3Zm1PeDIxQUIxamlfT0ZmcUl1TWRLSFdRSjgwakpoQmQ4Ym5TR3JUemJYV2U4LW44LU1VSnZwcy0xR2xoVQ?oc=5,Metadata and source-provided excerpt retained,Full text is not republished unless reuse permission or an open licence is documented.
d3a958fa0fa25f38,2026-08-28,2026-09-02T14:22:45Z,ReliefWeb,Nepal: Rasuwa Flood Flash Update #3 - ReliefWeb,Nepal: Rasuwa Flood Flash Update #3 ReliefWeb,https://news.google.com/rss/articles/CBMid0FVX3lxTFBVU1ZBdlJoRnl2a1VZUFJYUjJqanpIbEgwc2ZfbFpmTzV1WnFCM3hsRTg0Nnp6ZkJ5WUM3T3JyaG9jNEF0NTAyMWE1RUlnZmcyWWpHeHhxMXRYTmtwdk14a3hRN3RKRFpSclRvWHZ6Vjc0SzRpS0tZ?oc=5,https://web.archive.org/web/*/https://news.google.com/rss/articles/CBMid0FVX3lxTFBVU1ZBdlJoRnl2a1VZUFJYUjJqanpIbEgwc2ZfbFpmTzV1WnFCM3hsRTg0Nnp6ZkJ5WUM3T3JyaG9jNEF0NTAyMWE1RUlnZmcyWWpHeHhxMXRYTmtwdk14a3hRN3RKRFpSclRvWHZ6Vjc0SzRpS0tZ?oc=5,Metadata and source-provided excerpt retained,Full text is not republished unless reuse permission or an open licence is documented.
8997ac370616c618,2026-08-28,2026-09-02T14:22:45Z,NepalNews,117 foreign tourists rescued following Bhote Koshi flood - NepalNews,117 foreign tourists rescued following Bhote Koshi flood NepalNews,https://news.google.com/rss/articles/CBMipwFBVV95cUxPSjhoc3lvZUYybGl6VHB1bW1iR3hUcGdLSVA1eExiN2hhZkwwU0VEQ2tiWGcxUWNMTU9FV0FJSVFrQkVvUi1Veks1SU9Hci1VcUhVY1ZNbUlvc2Z2UVZaUkdJN24za3dDUjJyS0FLNEhCLWpBU0xzT3o1ejlGU0M1WUt1MkN0alh5d1psYTBndjlKalZjbHZqZW5TSjZiUDFlV1REbl9aZw?oc=5,https://web.archive.org/web/*/https://news.google.com/rss/articles/CBMipwFBVV95cUxPSjhoc3lvZUYybGl6VHB1bW1iR3hUcGdLSVA1eExiN2hhZkwwU0VEQ2tiWGcxUWNMTU9FV0FJSVFrQkVvUi1Veks1SU9Hci1VcUhVY1ZNbUlvc2Z2UVZaUkdJN24za3dDUjJyS0FLNEhCLWpBU0xzT3o1ejlGU0M1WUt1MkN0alh5d1psYTBndjlKalZjbHZqZW5TSjZiUDFlV1REbl9aZw?oc=5,Metadata and source-provided excerpt retained,Full text is not republished unless reuse permission or an open licence is documented.
4259e80389f38286,2026-08-28,2026-09-02T14:22:45Z,The Annapurna Express,"644 foreign nationals among 2,381 missing in Rasuwa flood - The Annapurna Express","644 foreign nationals among 2,381 missing in Rasuwa flood The Annapurna Express",https://news.google.com/rss/articles/CBMiV0FVX3lxTE5qM0R4Wl9ldU8zd1JZc2YwSjIwUUVSMEpnQzdfZmNpV0RudEpvb1dzUXZTd3JlNGs3TXNRRlZseHk1dzczZl9WZDJoa3Y0WllWUXhCMVZudw?oc=5,https://web.archive.org/web/*/https://news.google.com/rss/articles/CBMiV0FVX3lxTE5qM0R4Wl9ldU8zd1JZc2YwSjIwUUVSMEpnQzdfZmNpV0RudEpvb1dzUXZTd3JlNGs3TXNRRlZseHk1dzczZl9WZDJoa3Y0WllWUXhCMVZudw?oc=5,Metadata and source-provided excerpt retained,Full text is not republished unless reuse permission or an open licence is documented.
b1f43070088b3b9e,2026-08-28,2026-09-02T14:22:45Z,The Climate Watch,Bhote Koshi flood exposes growing risks from rapidly changing glaciers - The Climate Watch,Bhote Koshi flood exposes growing risks from rapidly changing glaciers The Climate Watch,https://news.google.com/rss/articles/CBMioAFBVV95cUxQZHcwRmFDRmhfdXFmVUY1eUVCLVhER3piM2pHU3VtdmJHOHNQUTR4ek0wSS1IWE9IT3NDbzFJNTU4dldOd3lWWTZxMjB1WnBNUVBSdnVOc0Q3M1dmd29fdXBTZU9tRzF2LVpMajl6WDRXdVNTcWoxUzktdWYxWDduWDNNU3NmY2NpX3BOX201YUdOSEJOZU1FdFJpM3BQZ0pD?oc=5,https://web.archive.org/web/*/https://news.google.com/rss/articles/CBMioAFBVV95cUxQZHcwRmFDRmhfdXFmVUY1eUVCLVhER3piM2pHU3VtdmJHOHNQUTR4ek0wSS1IWE9IT3NDbzFJNTU4dldOd3lWWTZxMjB1WnBNUVBSdnVOc0Q3M1dmd29fdXBTZU9tRzF2LVpMajl6WDRXdVNTcWoxUzktdWYxWDduWDNNU3NmY2NpX3BOX201YUdOSEJOZU1FdFJpM3BQZ0pD?oc=5,Metadata and source-provided excerpt retained,Full text is not republished unless reuse permission or an open licence is documented.
8f3b92a1c79d7dc8,2026-08-28,2026-09-02T14:22:45Z,ReliefWeb,Nepal: Rasuwa Flood Flash Update #3 (As of 28 August 2026) - ReliefWeb,Nepal: Rasuwa Flood Flash Update #3 (As of 28 August 2026) ReliefWeb,https://news.google.com/rss/articles/CBMiiwFBVV95cUxPSXB6WUVNdlU0aXpSTXpQU29nM3ZSU2c3SzhPMjgxOEl0QlFLU1R4V1hJbU0xVS1pZFZuWjg4dUVubExyMnp4dWFWRkpxZklSVzBnVG1uY3JzQTBVRURGekNMcW50aWRYRjUtbHhUUVVwRmhVWldTM1c4ajhWTThKTmtxU3dpQUxza2Nv?oc=5,https://web.archive.org/web/*/https://news.google.com/rss/articles/CBMiiwFBVV95cUxPSXB6WUVNdlU0aXpSTXpQU29nM3ZSU2c3SzhPMjgxOEl0QlFLU1R4V1hJbU0xVS1pZFZuWjg4dUVubExyMnp4dWFWRkpxZklSVzBnVG1uY3JzQTBVRURGekNMcW50aWRYRjUtbHhUUVVwRmhVWldTM1c4ajhWTThKTmtxU3dpQUxza2Nv?oc=5,Metadata and source-provided excerpt retained,Full text is not republished unless reuse permission or an open licence is documented.
23703183d8881c9a,2026-08-28,2026-09-02T14:22:45Z,The Himalayan Times,"Bhotekoshi flood toll rises to 469; 2,381 still as authorities warn of another major flood - The Himalayan Times","Bhotekoshi flood toll rises to 469; 2,381 still as authorities warn of another major flood The Himalayan Times",https://news.google.com/rss/articles/CBMiwgFBVV95cUxOU0JkNVphcmtmRld5MlQ5VHp0RWYyRzBVRDhORTNUYjNzN2NYdktGQ253aGVGOFpkT0ppc3AxTXdRNVdNSGM3bl9qcjRRdF9ZV3RFNnFweG5nYndPdU1FTmFDVldDN3FIdmExQkFsZnlZekxvWks0Z0dSb2M4bzEyZHJjM3V2X2hwV2VUdlFtUDNRdF8tYnVGT2xwWVlTZWFnRlV2RnZFOVRTZmd6R0FmVkxoUk1CbFcyZjZYbjVmb0cwQdIBXEFVX3lxTE51SXBiSUtwQmJkcnlJZ2VPRG4xZkw2RTlzTmJpdnlObVNHSVJkZGZGN1FXbEI3NTIxZ2NEWmwtbkFuZ0dmS1lVWVlRaVExX3BNOG9lZ1ZmamFYclFp?oc=5,https://web.archive.org/web/*/https://news.google.com/rss/articles/CBMiwgFBVV95cUxOU0JkNVphcmtmRld5MlQ5VHp0RWYyRzBVRDhORTNUYjNzN2NYdktGQ253aGVGOFpkT0ppc3AxTXdRNVdNSGM3bl9qcjRRdF9ZV3RFNnFweG5nYndPdU1FTmFDVldDN3FIdmExQkFsZnlZekxvWks0Z0dSb2M4bzEyZHJjM3V2X2hwV2VUdlFtUDNRdF8tYnVGT2xwWVlTZWFnRlV2RnZFOVRTZmd6R0FmVkxoUk1CbFcyZjZYbjVmb0cwQdIBXEFVX3lxTE51SXBiSUtwQmJkcnlJZ2VPRG4xZkw2RTlzTmJpdnlObVNHSVJkZGZGN1FXbEI3NTIxZ2NEWmwtbkFuZ0dmS1lVWVlRaVExX3BNOG9lZ1ZmamFYclFp?oc=5,Metadata and source-provided excerpt retained,Full text is not republished unless reuse permission or an open licence is documented.
ee0f5f39d1b9202f,2026-08-28,2026-09-02T14:22:45Z,Khabarhub,Rasuwa flood: Death toll reaches 547 - Khabarhub,Rasuwa flood: Death toll reaches 547 Khabarhub,https://news.google.com/rss/articles/CBMiWEFVX3lxTE8yRVFXeklXa0diU1ZkQlZqeWFBVXdZblh0X0c5UWJYRXNXb09MMjBwWjVrVVphZl9vS1o5c0RfQ19WTnE5eXlGMVhGZ21LNUhMZmdicXRCbTQ?oc=5,https://web.archive.org/web/*/https://news.google.com/rss/articles/CBMiWEFVX3lxTE8yRVFXeklXa0diU1ZkQlZqeWFBVXdZblh0X0c5UWJYRXNXb09MMjBwWjVrVVphZl9vS1o5c0RfQ19WTnE5eXlGMVhGZ21LNUhMZmdicXRCbTQ?oc=5,Metadata and source-provided excerpt retained,Full text is not republished unless reuse permission or an open licence is documented.
ba6f3f825e66fe6f,2026-08-28,2026-09-02T14:22:45Z,myRepublica,Bhotekoshi Flood: 538 bodies recovered so far - myRepublica,Bhotekoshi Flood: 538 bodies recovered so far myRepublica,https://news.google.com/rss/articles/CBMioAFBVV95cUxPSzg4STBWN1ZHdDhJQlRENmFoU0E5cjdjTE9XXzVaQV9CX09Jc29Cd1RBRFMyN3ZoSENMUHJOaG9GNDdYMWRnVnMwLUo3RDdzZW9QREVqNVEzQlRuUUdlc29CUmZLZl9Hai1QRHRfWnZNcGJtTUZVbTJkV2U4VW53M2E3cFBndjRfZjhwZkpvVVU1MHJYYWNmaV9mazIwR0JW?oc=5,https://web.archive.org/web/*/https://news.google.com/rss/articles/CBMioAFBVV95cUxPSzg4STBWN1ZHdDhJQlRENmFoU0E5cjdjTE9XXzVaQV9CX09Jc29Cd1RBRFMyN3ZoSENMUHJOaG9GNDdYMWRnVnMwLUo3RDdzZW9QREVqNVEzQlRuUUdlc29CUmZLZl9Hai1QRHRfWnZNcGJtTUZVbTJkV2U4VW53M2E3cFBndjRfZjhwZkpvVVU1MHJYYWNmaV9mazIwR0JW?oc=5,Metadata and source-provided excerpt retained,Full text is not republished unless reuse permission or an open licence is documented.
c518869646ce52f8,2026-08-28,2026-09-02T14:22:45Z,myRepublica,More than 700 foreign tourists remain out of contact after Bhotekoshi flood; 121 rescued - myRepublica,More than 700 foreign tourists remain out of contact after Bhotekoshi flood; 121 rescued myRepublica,https://news.google.com/rss/articles/CBMiygFBVV95cUxQX244WlpiRC1IQy10bnZLNVpiaHRZQUdjVTBzRDMyVFdOc1NpVzJ4MUcxUVhWd0JMMWtoMDRkbzJZU0ZUZ2pyUjJyOUFHZHM3N1BfZGplLU1walZTVlhJbWZXbHFPRGczeV9lZ2l1WHJUSUlIQ28wZWZGblFabkM3QUhnazFBNzBEemQ0eUlIQmJETk9paFYtVnhqMEZKbG02QXhNZ3lHNVQtTFZpTDJ5X1NnYTJUeWhQR0hlQWFta2UzYzRYcnNybnBn?oc=5,https://web.archive.org/web/*/https://news.google.com/rss/articles/CBMiygFBVV95cUxQX244WlpiRC1IQy10bnZLNVpiaHRZQUdjVTBzRDMyVFdOc1NpVzJ4MUcxUVhWd0JMMWtoMDRkbzJZU0ZUZ2pyUjJyOUFHZHM3N1BfZGplLU1walZTVlhJbWZXbHFPRGczeV9lZ2l1WHJUSUlIQ28wZWZGblFabkM3QUhnazFBNzBEemQ0eUlIQmJETk9paFYtVnhqMEZKbG02QXhNZ3lHNVQtTFZpTDJ5X1NnYTJUeWhQR0hlQWFta2UzYzRYcnNybnBn?oc=5,Metadata and source-provided excerpt retained,Full text is not republished unless reuse permission or an open licence is documented.
43217781ec2e659c,2026-08-28,2026-09-02T14:22:45Z,The Rising Nepal,137 people from Gandaki missing since Bhotekoshi flood - The Rising Nepal,137 people from Gandaki missing since Bhotekoshi flood The Rising Nepal,https://news.google.com/rss/articles/CBMiUEFVX3lxTE1GZzBlVWM3ZjRYREQ2TlZiOUxVNmtRMW03RGl4b012WkZzNkU3ZHU2MXhIYy1OY2UwZzVNN3Z5Szg3LXAxSGp2d3BkVG41dEl1?oc=5,https://web.archive.org/web/*/https://news.google.com/rss/articles/CBMiUEFVX3lxTE1GZzBlVWM3ZjRYREQ2TlZiOUxVNmtRMW03RGl4b012WkZzNkU3ZHU2MXhIYy1OY2UwZzVNN3Z5Szg3LXAxSGp2d3BkVG41dEl1?oc=5,Metadata and source-provided excerpt retained,Full text is not republished unless reuse permission or an open licence is documented.
7bb110df23fa3c4c,2026-08-28,2026-09-02T14:22:45Z,Caliber.Az,Nepal rejects foreign rescue teams after deadly Bhotekoshi flood - Caliber.Az,Nepal rejects foreign rescue teams after deadly Bhotekoshi flood Caliber.Az,https://news.google.com/rss/articles/CBMilgFBVV95cUxNdHhid0Z1aExSQVE0bGtOMjAxYjZLRm41dWVOekc0UWx1YUc4TUlBdWdnSXFxS0U4Vjh0djhDM0ZSVkM1VzBSTjlMVXo0UU1EQlFfRjFKZ1BGdzVkMnJlMTRtQlgxaXEyLVR1MWtOTllIdUJ4V25fTzdxUURpa0swRGJZMkNMLXYxSm5CRkFiWUoxRklvaHc?oc=5,https://web.archive.org/web/*/https://news.google.com/rss/articles/CBMilgFBVV95cUxNdHhid0Z1aExSQVE0bGtOMjAxYjZLRm41dWVOekc0UWx1YUc4TUlBdWdnSXFxS0U4Vjh0djhDM0ZSVkM1VzBSTjlMVXo0UU1EQlFfRjFKZ1BGdzVkMnJlMTRtQlgxaXEyLVR1MWtOTllIdUJ4V25fTzdxUURpa0swRGJZMkNMLXYxSm5CRkFiWUoxRklvaHc?oc=5,Metadata and source-provided excerpt retained,Full text is not republished unless reuse permission or an open licence is documented.
d4ca786e1d8633cf,2026-08-28,2026-09-02T14:22:45Z,The Tribune,"Nepal: 475 bodies recovered as Bhotekoshi flood death toll rises, rescue ops underway - The Tribune","Nepal: 475 bodies recovered as Bhotekoshi flood death toll rises, rescue ops underway The Tribune",https://news.google.com/rss/articles/CBMi4gFBVV95cUxNdVRPN3RvOHpIYVNRNVV4ckVSQk84MUpxVjkwcU1SanZOVTFXLXpDREtKdkhINk9Fa25WWTR0OXdpcC1kTDUwNE5UMVliYkNFOGFZejhGU0x1eU9fcFp0NklkR2c2UlE4dHF0S2xHbGtNRHdSM294R0dFdElUZ0FlOFNwSmpWT2ZwaldRQ2s3d18yVnJ5a0ZER3AxZ1h1WEpvZEVwV1ctVnNMaDd3OWJIUm1IVEcwYklVd180THVZZ183YjU2MzVaZWVqY3NPTVQ1Njl3UjJlZ0VwdHo4OXg1dUVn0gHiAUFVX3lxTE11VE83dG84ekhhU1E1VXhyRVJCTzgxSnFWOTBxTVJqdk5VMVctekNES0p2SEg2T0VrblZZNHQ5d2lwLWRMNTA0TlQxWWJiQ0U4YVl6OEZTTHV5T19wWnQ2SWRHZzZSUTh0cXRLbEdsa01Ed1Izb3hHR0V0SVRnQWU4U3BKalZPZnBqV1FDazd3XzJWcnlrRkRHcDFnWHVYSm9kRXBXVy1Wc0xoN3c5YkhSbUhURzBiSVV3XzRMdVlnXzdiNTYzNVplZWpjc09NVDU2OXdSMmVnRXB0ejg5eDV1RWc?oc=5,https://web.archive.org/web/*/https://news.google.com/rss/articles/CBMi4gFBVV95cUxNdVRPN3RvOHpIYVNRNVV4ckVSQk84MUpxVjkwcU1SanZOVTFXLXpDREtKdkhINk9Fa25WWTR0OXdpcC1kTDUwNE5UMVliYkNFOGFZejhGU0x1eU9fcFp0NklkR2c2UlE4dHF0S2xHbGtNRHdSM294R0dFdElUZ0FlOFNwSmpWT2ZwaldRQ2s3d18yVnJ5a0ZER3AxZ1h1WEpvZEVwV1ctVnNMaDd3OWJIUm1IVEcwYklVd180THVZZ183YjU2MzVaZWVqY3NPTVQ1Njl3UjJlZ0VwdHo4OXg1dUVn0gHiAUFVX3lxTE11VE83dG84ekhhU1E1VXhyRVJCTzgxSnFWOTBxTVJqdk5VMVctekNES0p2SEg2T0VrblZZNHQ5d2lwLWRMNTA0TlQxWWJiQ0U4YVl6OEZTTHV5T19wWnQ2SWRHZzZSUTh0cXRLbEdsa01Ed1Izb3hHR0V0SVRnQWU4U3BKalZPZnBqV1FDazd3XzJWcnlrRkRHcDFnWHVYSm9kRXBXVy1Wc0xoN3c5YkhSbUhURzBiSVV3XzRMdVlnXzdiNTYzNVplZWpjc09NVDU2OXdSMmVnRXB0ejg5eDV1RWc?oc=5,Metadata and source-provided excerpt retained,Full text is not republished unless reuse permission or an open licence is documented.
0646503e08cff3f6,2026-08-28,2026-09-02T14:22:45Z,myRepublica,"Bhotekoshi flood reaches Syabrubesi, high alert advised up to Muglin - myRepublica","Bhotekoshi flood reaches Syabrubesi, high alert advised up to Muglin myRepublica",https://news.google.com/rss/articles/CBMivwFBVV95cUxQRHFxQ0NpY3RvbnpDd0tHQnBxbjRCWUxZMWZEUzZ4bC1Idmw5S2RPVGN3cU04MXQ2cWZLaDB0QjRnZ2hfVXY3TDJlQ1p0NTVTN2JwenN3cmVwbHV2VlJjQ0gzZXZNZ18zU2ZBOGJxdFhKT2F4ZGhQLTVPSTVXVFZDUERObmxxanNuMkpadDJSeUFOaTdUU281ZDYxdERSWVdUaklwTUdESmpSdFR2OUJVcHR1dTJRbmw4N2gxajJoYw?oc=5,https://web.archive.org/web/*/https://news.google.com/rss/articles/CBMivwFBVV95cUxQRHFxQ0NpY3RvbnpDd0tHQnBxbjRCWUxZMWZEUzZ4bC1Idmw5S2RPVGN3cU04MXQ2cWZLaDB0QjRnZ2hfVXY3TDJlQ1p0NTVTN2JwenN3cmVwbHV2VlJjQ0gzZXZNZ18zU2ZBOGJxdFhKT2F4ZGhQLTVPSTVXVFZDUERObmxxanNuMkpadDJSeUFOaTdUU281ZDYxdERSWVdUaklwTUdESmpSdFR2OUJVcHR1dTJRbmw4N2gxajJoYw?oc=5,Metadata and source-provided excerpt retained,Full text is not republished unless reuse permission or an open licence is documented.
99dd8107e1f3bd49,2026-08-28,2026-09-02T14:22:45Z,myRepublica,"Bhotekoshi flood: 13,295 security personnel deployed for search and rescue, 3,253 rescued - myRepublica","Bhotekoshi flood: 13,295 security personnel deployed for search and rescue, 3,253 rescued myRepublica",https://news.google.com/rss/articles/CBMiygFBVV95cUxQbzhjQ0NXR0xxaDlWOW1fcmR4ZzliWjBWSHRSWklsNGh3QXg4c3F4S2d4NlN0U2hZQzczdThTQWxaX1dhekxFQXdnbGVEeXdjRWZwWFg1ZGpOaWFNeFp2cGxlNVJ1amxYRXJqRHlvUVl2c1F6Zzhfck8wMnNwTEVmeUlzSGpvQWRRMldCNkJObXdrQm04dXBqQTAxUWFabFNaVjRqU0hvNnhxZ09EOHB6Mkt6bXhMM1oxWjMwUmRNOWowa0czc3JVdnpn?oc=5,https://web.archive.org/web/*/https://news.google.com/rss/articles/CBMiygFBVV95cUxQbzhjQ0NXR0xxaDlWOW1fcmR4ZzliWjBWSHRSWklsNGh3QXg4c3F4S2d4NlN0U2hZQzczdThTQWxaX1dhekxFQXdnbGVEeXdjRWZwWFg1ZGpOaWFNeFp2cGxlNVJ1amxYRXJqRHlvUVl2c1F6Zzhfck8wMnNwTEVmeUlzSGpvQWRRMldCNkJObXdrQm04dXBqQTAxUWFabFNaVjRqU0hvNnhxZ09EOHB6Mkt6bXhMM1oxWjMwUmRNOWowa0czc3JVdnpn?oc=5,Metadata and source-provided excerpt retained,Full text is not republished unless reuse permission or an open licence is documented.
49f3e0f4a48cfee8,2026-08-28,2026-09-02T14:22:45Z,myRepublica,Bhotekoshi Flood: Disaster deals a major blow to Nepal’s economy - myRepublica,Bhotekoshi Flood: Disaster deals a major blow to Nepal’s economy myRepublica,https://news.google.com/rss/articles/CBMiuAFBVV95cUxQMVV4bVd6bDFocWViM2dEU0NqU2JiS3VWcWNMaWc4RGtUTHc5OGo5ZzQycFAtQnk3Q1V6WTBwb3hqLW1aUDZDcHA4YnlfV0VFaUowWG5yU0NOaXlOYnJpLUhweXk0d2h0Tzlzdm9OVVVzVzg2X3BqWWQ2RDlwdU5TMjl1RjNpMW03WkVGRGxCM2J1WTVSVDdweG5uRTBPV3NHTmJBX1JZV3NYOEU5WUJpSGJzcEZMTlpj?oc=5,https://web.archive.org/web/*/https://news.google.com/rss/articles/CBMiuAFBVV95cUxQMVV4bVd6bDFocWViM2dEU0NqU2JiS3VWcWNMaWc4RGtUTHc5OGo5ZzQycFAtQnk3Q1V6WTBwb3hqLW1aUDZDcHA4YnlfV0VFaUowWG5yU0NOaXlOYnJpLUhweXk0d2h0Tzlzdm9OVVVzVzg2X3BqWWQ2RDlwdU5TMjl1RjNpMW03WkVGRGxCM2J1WTVSVDdweG5uRTBPV3NHTmJBX1JZV3NYOEU5WUJpSGJzcEZMTlpj?oc=5,Metadata and source-provided excerpt retained,Full text is not republished unless reuse permission or an open licence is documented.
2aec44987320b0f5,2026-08-28,2026-09-02T14:22:45Z,Khabarhub,KMC to provide assistance to Bhotekoshi flood victims - Khabarhub,KMC to provide assistance to Bhotekoshi flood victims Khabarhub,https://news.google.com/rss/articles/CBMiWEFVX3lxTE16MEVtUW5iOFdsdlpvc3V2OG1Wd3ZnQ3NncnQxY3F1SDE0T1gyT3pPS29NNW82c2RiV0FyQlFRRFlDTjJNeTBfZkJxbWNaUHl2MmtPZjRYeGU?oc=5,https://web.archive.org/web/*/https://news.google.com/rss/articles/CBMiWEFVX3lxTE16MEVtUW5iOFdsdlpvc3V2OG1Wd3ZnQ3NncnQxY3F1SDE0T1gyT3pPS29NNW82c2RiV0FyQlFRRFlDTjJNeTBfZkJxbWNaUHl2MmtPZjRYeGU?oc=5,Metadata and source-provided excerpt retained,Full text is not republished unless reuse permission or an open licence is documented.
e7cfb68497040e4c,2026-08-28,2026-09-02T14:22:45Z,myRepublica,Rasuwa flood: Why did early warning fail despite systems in place? - myRepublica,Rasuwa flood: Why did early warning fail despite systems in place? myRepublica,https://news.google.com/rss/articles/CBMiwAFBVV95cUxNbnNncmd4QTFTR0lpSVh3YzdobTI4MTdHbmpRcjV0a205eHVEdS1pQU9HYmJubzAwVWpVWjlKOWdOVGNid3IweG1ELVFXY2gyaEZuczlWYmo5NEdLTTVyWXpTRHhibDViVHNISkg0RkM3TlFNMkFwNzFwN1dpYmRpSmJFSFVNRlVseWlPZUoydXhuWG0yNm56Wm1pYTVqLTNNampkWG9xakR0NlhXcUF6UnJmWTZ1UWFhX3Z6S0h0RGc?oc=5,https://web.archive.org/web/*/https://news.google.com/rss/articles/CBMiwAFBVV95cUxNbnNncmd4QTFTR0lpSVh3YzdobTI4MTdHbmpRcjV0a205eHVEdS1pQU9HYmJubzAwVWpVWjlKOWdOVGNid3IweG1ELVFXY2gyaEZuczlWYmo5NEdLTTVyWXpTRHhibDViVHNISkg0RkM3TlFNMkFwNzFwN1dpYmRpSmJFSFVNRlVseWlPZUoydXhuWG0yNm56Wm1pYTVqLTNNampkWG9xakR0NlhXcUF6UnJmWTZ1UWFhX3Z6S0h0RGc?oc=5,Metadata and source-provided excerpt retained,Full text is not republished unless reuse permission or an open licence is documented.
3723bce4150c7041,2026-08-28,2026-09-02T14:22:45Z,The Tribune,Nepal PM convenes Cabinet meeting to discuss Rasuwa flood damage; Army rescues 2 from hydropower tunnel - The Tribune,Nepal PM convenes Cabinet meeting to discuss Rasuwa flood damage; Army rescues 2 from hydropower tunnel The Tribune,https://news.google.com/rss/articles/CBMi3wFBVV95cUxQakl3TmN6Z3VzcnlaSVhZRV9LSUJCLXZwNEVfRnpjcnlNX0stLWxvSUF5RU5taUtkMnQxS0lmdTVTMGRaY0ZGZUxYdjk1UXdDMUk1VGdmcU5FZFBmcWNqbzRaMjV4RnVPUGs3VDdOX1UzZ3ZiQzZyaVhDWi12R0N3T0NoVzR1NlNmU3FYa3ROWjVZbHNTOGF1cU5GRmtaTkJ0OTF2eTlHb1pJbzNEYjFEbGgtcE4yS0VGVUJfcU4yaVNKUnY1cjJPRTcwRW50a012YjhVcjg1ZUJkeWtlTEc40gHfAUFVX3lxTFBqSXdOY3pndXNyeVpJWFlFX0tJQkItdnA0RV9GemNyeU1fSy0tbG9JQXlFTm1pS2QydDFLSWZ1NVMwZFpjRkZlTFh2OTVRd0MxSTVUZ2ZxTkVkUGZxY2pvNFoyNXhGdU9QazdUN05fVTNndmJDNnJpWENaLXZHQ3dPQ2hXNHU2U2ZTcVhrdE5aNVlsc1M4YXVxTkZGa1pOQnQ5MXZ5OUdvWklvM0RiMURsaC1wTjJLRUZVQl9xTjJpU0pSdjVyMk9FNzBFbnRrTXZiOFVyODVlQmR5a2VMRzg?oc=5,https://web.archive.org/web/*/https://news.google.com/rss/articles/CBMi3wFBVV95cUxQakl3TmN6Z3VzcnlaSVhZRV9LSUJCLXZwNEVfRnpjcnlNX0stLWxvSUF5RU5taUtkMnQxS0lmdTVTMGRaY0ZGZUxYdjk1UXdDMUk1VGdmcU5FZFBmcWNqbzRaMjV4RnVPUGs3VDdOX1UzZ3ZiQzZyaVhDWi12R0N3T0NoVzR1NlNmU3FYa3ROWjVZbHNTOGF1cU5GRmtaTkJ0OTF2eTlHb1pJbzNEYjFEbGgtcE4yS0VGVUJfcU4yaVNKUnY1cjJPRTcwRW50a012YjhVcjg1ZUJkeWtlTEc40gHfAUFVX3lxTFBqSXdOY3pndXNyeVpJWFlFX0tJQkItdnA0RV9GemNyeU1fSy0tbG9JQXlFTm1pS2QydDFLSWZ1NVMwZFpjRkZlTFh2OTVRd0MxSTVUZ2ZxTkVkUGZxY2pvNFoyNXhGdU9QazdUN05fVTNndmJDNnJpWENaLXZHQ3dPQ2hXNHU2U2ZTcVhrdE5aNVlsc1M4YXVxTkZGa1pOQnQ5MXZ5OUdvWklvM0RiMURsaC1wTjJLRUZVQl9xTjJpU0pSdjVyMk9FNzBFbnRrTXZiOFVyODVlQmR5a2VMRzg?oc=5,Metadata and source-provided excerpt retained,Full text is not republished unless reuse permission or an open licence is documented.
c36f85f42baf4699,2026-08-28,2026-09-02T14:22:45Z,myRepublica,Rasuwa flood: Why did early warning fail despite systems in place? - myRepublica,Rasuwa flood: Why did early warning fail despite systems in place? myRepublica,https://news.google.com/rss/articles/CBMiuwFBVV95cUxPT0JSQmNKVkt2Zk8wc09ISUtsQzN3a0p3NEwwcms1TkR1aWk0TGxDZklJbE9rZjhHUDkxNlFjaF9IVVdXSHdtU3h0N2pSZnI1UDhRWmtSaFdoZDVFdGRFZDdvV2Q3bVF1RlhjbnQxMVhmREhxNTlBSm5JeTFGWVFaNjlYZS1xQkpqUWxFY0pKMWdBZUlienFJTUxZeUpfSXJUOHVqR2hKV1c5NDlGQ3AwVFI0dXpOaTk1TVlr?oc=5,https://web.archive.org/web/*/https://news.google.com/rss/articles/CBMiuwFBVV95cUxPT0JSQmNKVkt2Zk8wc09ISUtsQzN3a0p3NEwwcms1TkR1aWk0TGxDZklJbE9rZjhHUDkxNlFjaF9IVVdXSHdtU3h0N2pSZnI1UDhRWmtSaFdoZDVFdGRFZDdvV2Q3bVF1RlhjbnQxMVhmREhxNTlBSm5JeTFGWVFaNjlYZS1xQkpqUWxFY0pKMWdBZUlienFJTUxZeUpfSXJUOHVqR2hKV1c5NDlGQ3AwVFI0dXpOaTk1TVlr?oc=5,Metadata and source-provided excerpt retained,Full text is not republished unless reuse permission or an open licence is documented.
c2b15c16a166a51a,2026-08-28,2026-09-02T14:22:45Z,The Himalayan Times,Ncell Foundation pledges Rs 10 million for Bhotekoshi flood victims - The Himalayan Times,Ncell Foundation pledges Rs 10 million for Bhotekoshi flood victims The Himalayan Times,https://news.google.com/rss/articles/CBMipgFBVV95cUxOMVZJX0YxUTNnX0pzSmtuUDVORGM4T2RIaWMtOVFZZldxODdNWDkxRC1obGR1OHpCSEp4SGR5M1dQbEZVUjhjQXp4OEdETkU3dXBlYkh1WHZmb2p3TzhOZmo2OTFjUVlyUEpEWTYzcU5PV0ZwY0ozcEV6MEhUMm9hN0tuVWFxWnBVWV8xMW8yTkR0LTl5NHdtV1BkdU0xU2ZyOHlqZXZ3?oc=5,https://web.archive.org/web/*/https://news.google.com/rss/articles/CBMipgFBVV95cUxOMVZJX0YxUTNnX0pzSmtuUDVORGM4T2RIaWMtOVFZZldxODdNWDkxRC1obGR1OHpCSEp4SGR5M1dQbEZVUjhjQXp4OEdETkU3dXBlYkh1WHZmb2p3TzhOZmo2OTFjUVlyUEpEWTYzcU5PV0ZwY0ozcEV6MEhUMm9hN0tuVWFxWnBVWV8xMW8yTkR0LTl5NHdtV1BkdU0xU2ZyOHlqZXZ3?oc=5,Metadata and source-provided excerpt retained,Full text is not republished unless reuse permission or an open licence is documented.
32faaefa09816230,2026-08-28,2026-09-02T14:22:45Z,Deshsanchar,"13,295 personnel and 15 helicopters deployed for Rasuwa flood relief efforts - Deshsanchar","13,295 personnel and 15 helicopters deployed for Rasuwa flood relief efforts Deshsanchar",https://news.google.com/rss/articles/CBMirAFBVV95cUxOaU9UUmpwTnFVZnNHUHVwa2xrN1NoRVpCOU9HVFlXNTBRSmVSd1dSOUZfYm9rWVZjRmowSVJlNGNDVlBLbDFDWDRQaGJzcW9HVWZ1R05aMWFZSnJuYndpdG4zekdYNEJIV0pOV05EaktVc1VyMGxMSE9aN2pWMHItZlo0RE5FVnFmVmhNdWFPRmxIZjNDVDJMVkV5dXNmWWhDZy1JUU95dkk3UlhM?oc=5,https://web.archive.org/web/*/https://news.google.com/rss/articles/CBMirAFBVV95cUxOaU9UUmpwTnFVZnNHUHVwa2xrN1NoRVpCOU9HVFlXNTBRSmVSd1dSOUZfYm9rWVZjRmowSVJlNGNDVlBLbDFDWDRQaGJzcW9HVWZ1R05aMWFZSnJuYndpdG4zekdYNEJIV0pOV05EaktVc1VyMGxMSE9aN2pWMHItZlo0RE5FVnFmVmhNdWFPRmxIZjNDVDJMVkV5dXNmWWhDZy1JUU95dkk3UlhM?oc=5,Metadata and source-provided excerpt retained,Full text is not republished unless reuse permission or an open licence is documented.
c8d66a2e6a567523,2026-08-28,2026-09-02T14:22:45Z,Ekantipur,The number of tourists and trekkers missing after the Bhotekoshi flood has reached 667. - Ekantipur,The number of tourists and trekkers missing after the Bhotekoshi flood has reached 667. Ekantipur,https://news.google.com/rss/articles/CBMiwwFBVV95cUxOZTFBVklOalBoNlVGQXN3cHJVaHozeVhGSmZCSEZfWExkX1dkTXQ2Y1JuUnMyZGNlU0ZNajROZU0yelFFQTdIUWdlb3o0THh4ZHVqQzBuUXUzOHVZcnpVSkFsX09wNTFGWGJqZDZIbWJmdHZEZmFST3pQSEJQamlvZHJ5TDhIRTNjUWk4YTJzZ3F0a2NvaTgwckNEWVItRHMtcGlTY18yM3MtSTA4d040OWV1a0xsbHRkbmw0WXRrN0RHLU0?oc=5,https://web.archive.org/web/*/https://news.google.com/rss/articles/CBMiwwFBVV95cUxOZTFBVklOalBoNlVGQXN3cHJVaHozeVhGSmZCSEZfWExkX1dkTXQ2Y1JuUnMyZGNlU0ZNajROZU0yelFFQTdIUWdlb3o0THh4ZHVqQzBuUXUzOHVZcnpVSkFsX09wNTFGWGJqZDZIbWJmdHZEZmFST3pQSEJQamlvZHJ5TDhIRTNjUWk4YTJzZ3F0a2NvaTgwckNEWVItRHMtcGlTY18yM3MtSTA4d040OWV1a0xsbHRkbmw0WXRrN0RHLU0?oc=5,Metadata and source-provided excerpt retained,Full text is not republished unless reuse permission or an open licence is documented.
6f2d5eb4ee8443ef,2026-08-28,2026-09-02T14:22:45Z,Ratopati,475 Dead in Bhote Koshi Flood - Ratopati,475 Dead in Bhote Koshi Flood Ratopati,https://news.google.com/rss/articles/CBMiigFBVV95cUxQYjAzOElOejJxRlhCbmVDb21iQmRNaWVBOEZfN0xLREh1WGlWQ0pHSTBuV1JYdWZET0lKZ2pEcWRWQV9lYlNsbjJ5ZzNYbUVXMU00ZFF2ZW1vYndHWnN5ZE1nVHBMTXdzZkNwX3VBQ1FCcm5xMzlpT1JCNnp0R3FhajNKSEllM0ZhWnc?oc=5,https://web.archive.org/web/*/https://news.google.com/rss/articles/CBMiigFBVV95cUxQYjAzOElOejJxRlhCbmVDb21iQmRNaWVBOEZfN0xLREh1WGlWQ0pHSTBuV1JYdWZET0lKZ2pEcWRWQV9lYlNsbjJ5ZzNYbUVXMU00ZFF2ZW1vYndHWnN5ZE1nVHBMTXdzZkNwX3VBQ1FCcm5xMzlpT1JCNnp0R3FhajNKSEllM0ZhWnc?oc=5,Metadata and source-provided excerpt retained,Full text is not republished unless reuse permission or an open licence is documented.
6e322140c0e644f5,2026-08-28,2026-09-02T14:22:45Z,Ratopati,"469 Dead, 977 Missing in Rasuwa Flood Disaster - Ratopati","469 Dead, 977 Missing in Rasuwa Flood Disaster Ratopati",https://news.google.com/rss/articles/CBMikgFBVV95cUxNRWhQU3BabjFUWWZYV2p4ZWx0M0xqcGp6dm1yZEpZVkR2cUlPZlBaUFNiZ25RUUx4ejRmQmJCZVdqMjZKbUFjTGtuOHBVeHY2X2Z6cmh1bWZfYnFBMzN3STN0YzVEQ1h2eWZCNnUxM0lFNDhMbk5kNFkyTHBGZ18xNmlCNlZGUGwySWo0eGt1bm1fdw?oc=5,https://web.archive.org/web/*/https://news.google.com/rss/articles/CBMikgFBVV95cUxNRWhQU3BabjFUWWZYV2p4ZWx0M0xqcGp6dm1yZEpZVkR2cUlPZlBaUFNiZ25RUUx4ejRmQmJCZVdqMjZKbUFjTGtuOHBVeHY2X2Z6cmh1bWZfYnFBMzN3STN0YzVEQ1h2eWZCNnUxM0lFNDhMbk5kNFkyTHBGZ18xNmlCNlZGUGwySWo0eGt1bm1fdw?oc=5,Metadata and source-provided excerpt retained,Full text is not republished unless reuse permission or an open licence is documented.
13616fd468985982,2026-08-28,2026-09-02T14:22:45Z,myRepublica,"Bhotekoshi Flood: 392 dead, hundreds missing; Trump pledges assistance - myRepublica","Bhotekoshi Flood: 392 dead, hundreds missing; Trump pledges assistance myRepublica",https://news.google.com/rss/articles/CBMixAFBVV95cUxNaWdObXllVWItMVMzXzBJakhlRElmMUlqVkYyU2ltSnpCaEdlYlR4d21zMmh6am16SFp6OEUwUURmRGVqZm45aFhWUng1SExOcllOdWpfdlc1UG5JRXJzVDZjZUg3UWtHTWQ1bUlhMS1QZzlFdnVfYnRwX2hfTWc4LWVLME5ucXR5N0pzVHA4OUxSZTJOT19YMG1FQ2JXRmtPTkdWNWtJQndrRVB3WGtsLUI2cXRrLVV2bldLX1d6QW5mdDFi?oc=5,https://web.archive.org/web/*/https://news.google.com/rss/articles/CBMixAFBVV95cUxNaWdObXllVWItMVMzXzBJakhlRElmMUlqVkYyU2ltSnpCaEdlYlR4d21zMmh6am16SFp6OEUwUURmRGVqZm45aFhWUng1SExOcllOdWpfdlc1UG5JRXJzVDZjZUg3UWtHTWQ1bUlhMS1QZzlFdnVfYnRwX2hfTWc4LWVLME5ucXR5N0pzVHA4OUxSZTJOT19YMG1FQ2JXRmtPTkdWNWtJQndrRVB3WGtsLUI2cXRrLVV2bldLX1d6QW5mdDFi?oc=5,Metadata and source-provided excerpt retained,Full text is not republished unless reuse permission or an open licence is documented.
6a781dc6c6147cf9,2026-08-28,2026-09-02T14:22:45Z,myRepublica,"Bhotekoshi Flood: 392 dead, hundreds missing; Trump pledges assistance - myRepublica","Bhotekoshi Flood: 392 dead, hundreds missing; Trump pledges assistance myRepublica",https://news.google.com/rss/articles/CBMivwFBVV95cUxNcUd3V1NjdFdFeTI4MUl1WVlmNU5mVnMtZEZFQmpRUFJmTGY1RDg0eWVnVEgyUUdoQmJxREFSRzFGRDVrU3FxVHNQaEx4eDVncHZ2dXZTWGVGOVlsT1JQSmJZd3NkeUhlWlY5dHQ1MHliaUUxcG1wY2dsTml4SzhPOU1yZ2g2aGR6Y2JDakVlOGF5R0dTVjFFa0o4TzFBWk54VUJkV3c0UFlWejF4S1JTWUVJQldIZzFxb0ZKS1NHVQ?oc=5,https://web.archive.org/web/*/https://news.google.com/rss/articles/CBMivwFBVV95cUxNcUd3V1NjdFdFeTI4MUl1WVlmNU5mVnMtZEZFQmpRUFJmTGY1RDg0eWVnVEgyUUdoQmJxREFSRzFGRDVrU3FxVHNQaEx4eDVncHZ2dXZTWGVGOVlsT1JQSmJZd3NkeUhlWlY5dHQ1MHliaUUxcG1wY2dsTml4SzhPOU1yZ2g2aGR6Y2JDakVlOGF5R0dTVjFFa0o4TzFBWk54VUJkV3c0UFlWejF4S1JTWUVJQldIZzFxb0ZKS1NHVQ?oc=5,Metadata and source-provided excerpt retained,Full text is not republished unless reuse permission or an open licence is documented.
3e7e3e2fd0deee39,2026-08-28,2026-09-02T14:22:45Z,NepalNews,"Bhote Koshi flood: Army intensifies search operations, forces deployed reaches 2,800 - NepalNews","Bhote Koshi flood: Army intensifies search operations, forces deployed reaches 2,800 NepalNews",https://news.google.com/rss/articles/CBMivgFBVV95cUxNR01NZjlfbEZsVUh2Qk10MHpldFdUN283TFFiVVVRMDdrb1R4dzYzVzRVUFIwalVtUlhoem5PcnRZY25fc01IQl90RnBnSzI1T2hWQnJfcDdfQ0VaRXRTMW1fNEpzaE1FYVFDckp1VzJtTWNOZTFwTTEtMGpfT2IxdTg5U3dnaGw5QzRnWVVVeFphc0swMGlnUjBiMjNhY2VpdG16MXNBQTltb0R2MmxiM2NlcWJjSXhfN1dEN1VR?oc=5,https://web.archive.org/web/*/https://news.google.com/rss/articles/CBMivgFBVV95cUxNR01NZjlfbEZsVUh2Qk10MHpldFdUN283TFFiVVVRMDdrb1R4dzYzVzRVUFIwalVtUlhoem5PcnRZY25fc01IQl90RnBnSzI1T2hWQnJfcDdfQ0VaRXRTMW1fNEpzaE1FYVFDckp1VzJtTWNOZTFwTTEtMGpfT2IxdTg5U3dnaGw5QzRnWVVVeFphc0swMGlnUjBiMjNhY2VpdG16MXNBQTltb0R2MmxiM2NlcWJjSXhfN1dEN1VR?oc=5,Metadata and source-provided excerpt retained,Full text is not republished unless reuse permission or an open licence is documented.
cdc58d4e00999f5c,2026-08-27,2026-09-02T14:22:45Z,kathmandupost.com,Bhotekoshi flood: What happened in Himalayas and what comes next? - kathmandupost.com,Bhotekoshi flood: What happened in Himalayas and what comes next? kathmandupost.com,https://news.google.com/rss/articles/CBMiuAFBVV95cUxNR2hvZlB2RGV1b09EcUdkQUdmNU1oanV5ZDZGOWZZNl8wSXVhVlVQNmJGeENoSk93OUZvZFpEbWpwQTBWZ2UyaUFucTRlcnBEN29Faml4bGRXYzF4SmViWWdjM1dEbTM4al9xUWZOTFlWNlM4Qk10MUI5X2JjUmNmRElyWmVjNWF4MEdfWUhQcl9GTnV3dW1FUlNzdlkxdzJNLVRRaU9hb2xaSlZfY1RrbThaUDJoZWFC?oc=5,https://web.archive.org/web/*/https://news.google.com/rss/articles/CBMiuAFBVV95cUxNR2hvZlB2RGV1b09EcUdkQUdmNU1oanV5ZDZGOWZZNl8wSXVhVlVQNmJGeENoSk93OUZvZFpEbWpwQTBWZ2UyaUFucTRlcnBEN29Faml4bGRXYzF4SmViWWdjM1dEbTM4al9xUWZOTFlWNlM4Qk10MUI5X2JjUmNmRElyWmVjNWF4MEdfWUhQcl9GTnV3dW1FUlNzdlkxdzJNLVRRaU9hb2xaSlZfY1RrbThaUDJoZWFC?oc=5,Metadata and source-provided excerpt retained,Full text is not republished unless reuse permission or an open licence is documented.
a5bce12e457a5d23,2026-08-27,2026-09-02T14:22:45Z,kathmandupost.com,How the Bhotekoshi flood unfolded over 10 hours - kathmandupost.com,How the Bhotekoshi flood unfolded over 10 hours kathmandupost.com,https://news.google.com/rss/articles/CBMimAFBVV95cUxOQ29aRHQxeDJnNTYzQ1VBYnkwTHYzZnhYXzYySzZtblFZSEpVb0dhcXp1WmRnd0wtbUV0MF8zWUw1aXp5TnY2a0JoSzZmZmdVd1d6S0QxeDRFZHFobGRNTFJtdnFpNE4xaW56X2w5a0pORVlQcEVUY2Q0UmxnV1dZbUhaWjQtMEd3czN4SFhmUTRCZ2xCOFRNTg?oc=5,https://web.archive.org/web/*/https://news.google.com/rss/articles/CBMimAFBVV95cUxOQ29aRHQxeDJnNTYzQ1VBYnkwTHYzZnhYXzYySzZtblFZSEpVb0dhcXp1WmRnd0wtbUV0MF8zWUw1aXp5TnY2a0JoSzZmZmdVd1d6S0QxeDRFZHFobGRNTFJtdnFpNE4xaW56X2w5a0pORVlQcEVUY2Q0UmxnV1dZbUhaWjQtMEd3czN4SFhmUTRCZ2xCOFRNTg?oc=5,Metadata and source-provided excerpt retained,Full text is not republished unless reuse permission or an open licence is documented.
f3236072a91f1281,2026-08-27,2026-09-02T14:22:45Z,Ekantipur,Rescue of 241 People Stranded in the Bhotekoshi Flood [With Names] - Ekantipur,Rescue of 241 People Stranded in the Bhotekoshi Flood [With Names] Ekantipur,https://news.google.com/rss/articles/CBMisgFBVV95cUxPTXE2bEp6MmNzd2t4T0RCLS0wMFljWm9DWmsyUmZ3MEcxR2txam5rS1Q5X0dCVmZRbmVBRVlEbkZlY3J6RnFaZU9BSTNQYXJiZkgyNGRkTVNfemdPRHdKV3VuaDJVVmtEQXlTSHVnNXZNeTFXNjJNdXNTSWlnR1hCWDVhM05CaVhPM3A4X2ItbEM5MHdoTkRMb2Y2OWVSbmdQYTNJQ00wUk9wN0FtblcxUnR3?oc=5,https://web.archive.org/web/*/https://news.google.com/rss/articles/CBMisgFBVV95cUxPTXE2bEp6MmNzd2t4T0RCLS0wMFljWm9DWmsyUmZ3MEcxR2txam5rS1Q5X0dCVmZRbmVBRVlEbkZlY3J6RnFaZU9BSTNQYXJiZkgyNGRkTVNfemdPRHdKV3VuaDJVVmtEQXlTSHVnNXZNeTFXNjJNdXNTSWlnR1hCWDVhM05CaVhPM3A4X2ItbEM5MHdoTkRMb2Y2OWVSbmdQYTNJQ00wUk9wN0FtblcxUnR3?oc=5,Metadata and source-provided excerpt retained,Full text is not republished unless reuse permission or an open licence is documented.
af18dd5735a152e6,2026-08-27,2026-09-02T14:22:45Z,The Statesman,How Nepal’s Bhotekoshi Flood Unfolded: A 10-Hour Timeline - The Statesman,How Nepal’s Bhotekoshi Flood Unfolded: A 10-Hour Timeline The Statesman,https://news.google.com/rss/articles/CBMiqAFBVV95cUxQeGw3RHRNbHNmWlZUTUhIR2VkV2wyZGtySU5qUG1ZSUhlYjhDSUd0SmxESFh1d0JZMzZGbGlhM1kyVThKelhrZ1FtbmxjWlJBQVI3YkJGeFZSb1JtUGx1bjc0MHBBeFpFYklUZE5UOVRJUGZ0UUlCN3JtZmY5LWdfelVNQmZEOUZ3cFBpQ3RiOGJaZjVsQ1hYMEt5Vzd3bExjZVNoQ2VpV2LSAa4BQVVfeXFMUC1MTjhVT3AyNU4zWFpJUmx1Y3oydFFlMUFTblhJSENNR1dONXVHMmlYUWpfdWNEUXVyLUpkdHhkRXZaY09fZVVaa0RXX3pyMnF0RGJ3dmN6djMtNDFoRnVkNkN1SHFnRFFMcnNpSTZZRU1RQmtISVNDcEJhRm4zdzB3UkhMN2U3SkRiQkVGSDByb25SOHdnbHZOMFpjVzNlb2ItWW9yRm01SzcxdFBB?oc=5,https://web.archive.org/web/*/https://news.google.com/rss/articles/CBMiqAFBVV95cUxQeGw3RHRNbHNmWlZUTUhIR2VkV2wyZGtySU5qUG1ZSUhlYjhDSUd0SmxESFh1d0JZMzZGbGlhM1kyVThKelhrZ1FtbmxjWlJBQVI3YkJGeFZSb1JtUGx1bjc0MHBBeFpFYklUZE5UOVRJUGZ0UUlCN3JtZmY5LWdfelVNQmZEOUZ3cFBpQ3RiOGJaZjVsQ1hYMEt5Vzd3bExjZVNoQ2VpV2LSAa4BQVVfeXFMUC1MTjhVT3AyNU4zWFpJUmx1Y3oydFFlMUFTblhJSENNR1dONXVHMmlYUWpfdWNEUXVyLUpkdHhkRXZaY09fZVVaa0RXX3pyMnF0RGJ3dmN6djMtNDFoRnVkNkN1SHFnRFFMcnNpSTZZRU1RQmtISVNDcEJhRm4zdzB3UkhMN2U3SkRiQkVGSDByb25SOHdnbHZOMFpjVzNlb2ItWW9yRm01SzcxdFBB?oc=5,Metadata and source-provided excerpt retained,Full text is not republished unless reuse permission or an open licence is documented.
4e366e1647f029e8,2026-08-27,2026-09-02T14:22:45Z,myRepublica,Rasuwa flood death toll reaches 177 as search operation continues - myRepublica,Rasuwa flood death toll reaches 177 as search operation continues myRepublica,https://news.google.com/rss/articles/CBMivAFBVV95cUxQR05zTmhjQXFLVjNDNmY5MXZqUTRWMHVqSGVORzFPZ1ZhZDFXcGlqaVR4X0tXaTRfYW9YbVdZMVVsM3gybjR3ZTdTdTNzekRtU1F5cHhyU3k1REtRY25mRjdHcGZZRjRaZGNDR2VQRkd0Q19kdXBabjE2ZDdUTGQydEdSdmtWVVlNUHkyUFpXdmhZYUU0eW9FcS1JT081RElrSFVBNVJ0YUwyTXNwSmUxQ0lMRXBzWFVhMlZLOQ?oc=5,https://web.archive.org/web/*/https://news.google.com/rss/articles/CBMivAFBVV95cUxQR05zTmhjQXFLVjNDNmY5MXZqUTRWMHVqSGVORzFPZ1ZhZDFXcGlqaVR4X0tXaTRfYW9YbVdZMVVsM3gybjR3ZTdTdTNzekRtU1F5cHhyU3k1REtRY25mRjdHcGZZRjRaZGNDR2VQRkd0Q19kdXBabjE2ZDdUTGQydEdSdmtWVVlNUHkyUFpXdmhZYUU0eW9FcS1JT081RElrSFVBNVJ0YUwyTXNwSmUxQ0lMRXBzWFVhMlZLOQ?oc=5,Metadata and source-provided excerpt retained,Full text is not republished unless reuse permission or an open licence is documented.
e5ce1f7f3f73ea7d,2026-08-27,2026-09-02T14:22:45Z,Ekantipur,Bhotekoshi Flood: An Earthquake at 8:37 a.m.—What Happened in the Following 10 Hours? - Ekantipur,Bhotekoshi Flood: An Earthquake at 8:37 a.m.—What Happened in the Following 10 Hours? Ekantipur,https://news.google.com/rss/articles/CBMiwgFBVV95cUxPZFJZWlVublgxd1ZNbmIybHFZTzNad2lWYnh5U3JzRkZLU2I5LW1ubzJDRGNHZFU5RjVNZnh3MzNFZkJ5LUNZd2VzM1NxOHlIbl9BZkJpdzZWbGt1Z1Jra0RBeVdOaThCeWMyR0h2TjRoUEE2OWw1VTZpRk1LbUNOUnFZX2ZEN1k1N1IwM0lkUnZueG55bUNlbXd5WmVTam5idW9xa3RvamlfbFBfMnYweFotUDlIcldBV01SODNzSjZxdw?oc=5,https://web.archive.org/web/*/https://news.google.com/rss/articles/CBMiwgFBVV95cUxPZFJZWlVublgxd1ZNbmIybHFZTzNad2lWYnh5U3JzRkZLU2I5LW1ubzJDRGNHZFU5RjVNZnh3MzNFZkJ5LUNZd2VzM1NxOHlIbl9BZkJpdzZWbGt1Z1Jra0RBeVdOaThCeWMyR0h2TjRoUEE2OWw1VTZpRk1LbUNOUnFZX2ZEN1k1N1IwM0lkUnZueG55bUNlbXd5WmVTam5idW9xa3RvamlfbFBfMnYweFotUDlIcldBV01SODNzSjZxdw?oc=5,Metadata and source-provided excerpt retained,Full text is not republished unless reuse permission or an open licence is documented.
e22e2f8759974acc,2026-08-27,2026-09-02T14:22:45Z,Ekantipur,Bhotekoshi Flood: Support Pours in for Rescue and Relief Efforts - Ekantipur,Bhotekoshi Flood: Support Pours in for Rescue and Relief Efforts Ekantipur,https://news.google.com/rss/articles/CBMiqgFBVV95cUxONV9LQnBxYVI4eXpoTVNSY1FTVnpQWmhtQXpVS2IxbEJwZWhRYTljN3lsWDNsbmFIU0h1N2Z4a0VocDJQNjV5ZGlOWEZhbGRIZE5tdE5XY013LWNyaUYxQUM3TVQxTXoyb2Q1QzBXemszUnRJMndiZkVRTXI2dDBwWWxISFViWUdGbm5yb1cxYmxVRUZpYUFyY2dLalpvbXpjNHhQT2VHMVY0QQ?oc=5,https://web.archive.org/web/*/https://news.google.com/rss/articles/CBMiqgFBVV95cUxONV9LQnBxYVI4eXpoTVNSY1FTVnpQWmhtQXpVS2IxbEJwZWhRYTljN3lsWDNsbmFIU0h1N2Z4a0VocDJQNjV5ZGlOWEZhbGRIZE5tdE5XY013LWNyaUYxQUM3TVQxTXoyb2Q1QzBXemszUnRJMndiZkVRTXI2dDBwWWxISFViWUdGbm5yb1cxYmxVRUZpYUFyY2dLalpvbXpjNHhQT2VHMVY0QQ?oc=5,Metadata and source-provided excerpt retained,Full text is not republished unless reuse permission or an open licence is documented.
f14580e33f67d133,2026-08-27,2026-09-02T14:22:45Z,The Rising Nepal,"Catastrophic Bhotekoshi flood claims 157 lives, several hundred missing - The Rising Nepal","Catastrophic Bhotekoshi flood claims 157 lives, several hundred missing The Rising Nepal",https://news.google.com/rss/articles/CBMiUEFVX3lxTFBiaDJ3VmpEc3FsVlFpMHNfLVh1NFVaYVNsVUZ0b0Q4Q0Jkek1wYTQ5MXhyelQzcmNaQlpXR2FuNTJvVmtZQWRGRWwtSmJUSFJU?oc=5,https://web.archive.org/web/*/https://news.google.com/rss/articles/CBMiUEFVX3lxTFBiaDJ3VmpEc3FsVlFpMHNfLVh1NFVaYVNsVUZ0b0Q4Q0Jkek1wYTQ5MXhyelQzcmNaQlpXR2FuNTJvVmtZQWRGRWwtSmJUSFJU?oc=5,Metadata and source-provided excerpt retained,Full text is not republished unless reuse permission or an open licence is documented.
ea55bcbaef24ee75,2026-08-27,2026-09-02T14:22:45Z,Ekantipur,"Bhote Koshi Flood: Relief and Rescue Efforts Intensified, 13,295 Security Personnel Mobilized - Ekantipur","Bhote Koshi Flood: Relief and Rescue Efforts Intensified, 13,295 Security Personnel Mobilized Ekantipur",https://news.google.com/rss/articles/CBMi1AFBVV95cUxOVnVjRTNjUU1KRDlPbzhfUXBDbjltbDB1dFVDY1AzbmUyTWYteDFBaGszQ0ozbzc5MlNyc1FhY2N1eHhxRml4c1B3LW9hU2M3ckU3VlhMcTVvVjhtRjFZUm5veVNvT0JGTW8zZjNYMG5JTUEwLUItM01iU09FRmcyUGJUbzRIUDRjWEtPX2VVektNSGNvX2g3dzlhM2RMMHdqbmxtQ2ZaLS03Q25SbDhLczBFVU80ODRDVnRRUUJ0N2VXTnFBMXF6YVVfMHJ1T24tZEk0Tg?oc=5,https://web.archive.org/web/*/https://news.google.com/rss/articles/CBMi1AFBVV95cUxOVnVjRTNjUU1KRDlPbzhfUXBDbjltbDB1dFVDY1AzbmUyTWYteDFBaGszQ0ozbzc5MlNyc1FhY2N1eHhxRml4c1B3LW9hU2M3ckU3VlhMcTVvVjhtRjFZUm5veVNvT0JGTW8zZjNYMG5JTUEwLUItM01iU09FRmcyUGJUbzRIUDRjWEtPX2VVektNSGNvX2g3dzlhM2RMMHdqbmxtQ2ZaLS03Q25SbDhLczBFVU80ODRDVnRRUUJ0N2VXTnFBMXF6YVVfMHJ1T24tZEk0Tg?oc=5,Metadata and source-provided excerpt retained,Full text is not republished unless reuse permission or an open licence is documented.
39c2f31fa17ad0ea,2026-08-27,2026-09-02T14:22:45Z,Ekantipur,Former MP Rajbhandari Donates Rs 1.1 Million to Government Fund for Bhotekoshi Flood Victims - Ekantipur,Former MP Rajbhandari Donates Rs 1.1 Million to Government Fund for Bhotekoshi Flood Victims Ekantipur,https://news.google.com/rss/articles/CBMi5wFBVV95cUxQcTlMUG5WOHFZekMwWkg2S1o5ajdOc1lHUUdybUpTMmZ6ZXhHa2Fad0hfRFN3RDJZODVBZDgxeUNocWFPRWdXdklzcGFHYUYtaE51UXBCQlRTVEpPRGp6Mk53blNvUlBZYmF3dHF5c3lDUk5ES2p0bHZjLWVSQ2wzY0RmdEtlN1ZUbzM0WHlhZGRjVlZqb0psZWgwZExuMG5ROUlTSk5QNUpFRTk5SFhWQkhRdnA1TGh1ZGZ2VElGczJDd0d5ZDkySE8xNDFONDdhZTZyZjJJeTI2aUlsTUZrXzlHRjJFeFE?oc=5,https://web.archive.org/web/*/https://news.google.com/rss/articles/CBMi5wFBVV95cUxQcTlMUG5WOHFZekMwWkg2S1o5ajdOc1lHUUdybUpTMmZ6ZXhHa2Fad0hfRFN3RDJZODVBZDgxeUNocWFPRWdXdklzcGFHYUYtaE51UXBCQlRTVEpPRGp6Mk53blNvUlBZYmF3dHF5c3lDUk5ES2p0bHZjLWVSQ2wzY0RmdEtlN1ZUbzM0WHlhZGRjVlZqb0psZWgwZExuMG5ROUlTSk5QNUpFRTk5SFhWQkhRdnA1TGh1ZGZ2VElGczJDd0d5ZDkySE8xNDFONDdhZTZyZjJJeTI2aUlsTUZrXzlHRjJFeFE?oc=5,Metadata and source-provided excerpt retained,Full text is not republished unless reuse permission or an open licence is documented.
c41477f54f05a0d2,2026-08-27,2026-09-02T14:22:45Z,Ekantipur,Bhotekoshi Flood: Congress Urges Mobilization of All State Mechanisms in Affected Areas - Ekantipur,Bhotekoshi Flood: Congress Urges Mobilization of All State Mechanisms in Affected Areas Ekantipur,https://news.google.com/rss/articles/CBMid0FVX3lxTFBCbVRfTVlWQnVXOHU3ZVdZSV9hZHUwUExaRC1UUXpQdVlKeXI2V0ZZbXRwbUw1UVlpeW84UGVHWG40aDJHSE5sZzNXY0lqOVJLY2tHQXg0aUxjZHB1NkRkc2w0ZHdPWVM2cTNTM0RrdEN1N0tQLXNB?oc=5,https://web.archive.org/web/*/https://news.google.com/rss/articles/CBMid0FVX3lxTFBCbVRfTVlWQnVXOHU3ZVdZSV9hZHUwUExaRC1UUXpQdVlKeXI2V0ZZbXRwbUw1UVlpeW84UGVHWG40aDJHSE5sZzNXY0lqOVJLY2tHQXg0aUxjZHB1NkRkc2w0ZHdPWVM2cTNTM0RrdEN1N0tQLXNB?oc=5,Metadata and source-provided excerpt retained,Full text is not republished unless reuse permission or an open licence is documented.
e295c6c06ebf6c19,2026-08-27,2026-09-02T14:22:45Z,The Annapurna Express,"Bhotekoshi flood: Air rescue of 336 people, including 45 foreigners from six countries - The Annapurna Express","Bhotekoshi flood: Air rescue of 336 people, including 45 foreigners from six countries The Annapurna Express",https://news.google.com/rss/articles/CBMiV0FVX3lxTE1kRHFIQUlCejUwOUh6QkFUWTMxMXUtQ2JZdWZPWFBNbnhVOEtSWTRQQ1VXU1JvLURzUzNQNDJSa3lxMEYtZ2g1NEg3V185TjFmTUxXTHMyNA?oc=5,https://web.archive.org/web/*/https://news.google.com/rss/articles/CBMiV0FVX3lxTE1kRHFIQUlCejUwOUh6QkFUWTMxMXUtQ2JZdWZPWFBNbnhVOEtSWTRQQ1VXU1JvLURzUzNQNDJSa3lxMEYtZ2g1NEg3V185TjFmTUxXTHMyNA?oc=5,Metadata and source-provided excerpt retained,Full text is not republished unless reuse permission or an open licence is documented.
49f07b9072874372,2026-08-27,2026-09-02T14:22:45Z,The Tourism Times,"Over 1,500 Mansarovar pilgrims stranded in Tibet after Bhote Koshi flood - The Tourism Times","Over 1,500 Mansarovar pilgrims stranded in Tibet after Bhote Koshi flood The Tourism Times",https://news.google.com/rss/articles/CBMiuwFBVV95cUxPY0xVS1paYkUwbjYyck1xVndEWU8wV0VsRVVVcDlzWGt3RVh6WkZBdEVOT1RNQ3FqeEdXZTA1V1NoMDc1bWkxb1RNRk5tV2FKcGV4VGxBSklxZUJIbjYxQ1B6YXpkbWg0dldxMHNsZGdjeHJaWFg0WDZneFVmWWNIczNlbzZYVGJsc0ppajRmcGI5eWtwWXRPV2VpTnNFbml1bHQxLXFOYnotLWd0dlhER1lwNWhDVjc2RVVN?oc=5,https://web.archive.org/web/*/https://news.google.com/rss/articles/CBMiuwFBVV95cUxPY0xVS1paYkUwbjYyck1xVndEWU8wV0VsRVVVcDlzWGt3RVh6WkZBdEVOT1RNQ3FqeEdXZTA1V1NoMDc1bWkxb1RNRk5tV2FKcGV4VGxBSklxZUJIbjYxQ1B6YXpkbWg0dldxMHNsZGdjeHJaWFg0WDZneFVmWWNIczNlbzZYVGJsc0ppajRmcGI5eWtwWXRPV2VpTnNFbml1bHQxLXFOYnotLWd0dlhER1lwNWhDVjc2RVVN?oc=5,Metadata and source-provided excerpt retained,Full text is not republished unless reuse permission or an open licence is documented.
ad9553b46ad739a0,2026-08-27,2026-09-02T14:22:45Z,The Climate Watch,"Avalanche in Langtang Himal caused massive Bhotekoshi flood, officials say - The Climate Watch","Avalanche in Langtang Himal caused massive Bhotekoshi flood, officials say The Climate Watch",https://news.google.com/rss/articles/CBMipAFBVV95cUxNcjZsa1lWdDNSaUhEb2IwM2JxZkxQWnJ2aTdEZ3F2eE9IY0pNVmlMTTY4ZXVzYWgxdnROOGt4V1h4STJtZUk1b0J4a3dndjlsR1BqTXRFR20wTjlKclhURXZZLS1OYU45TVpxRXZZOHQ5UF9MUVdJVW5VZGJfQzR3VGZCLTh4SHlDRFNFM1BWRlVpdVA1TFlHU01uTEttb1JoWGlYMw?oc=5,https://web.archive.org/web/*/https://news.google.com/rss/articles/CBMipAFBVV95cUxNcjZsa1lWdDNSaUhEb2IwM2JxZkxQWnJ2aTdEZ3F2eE9IY0pNVmlMTTY4ZXVzYWgxdnROOGt4V1h4STJtZUk1b0J4a3dndjlsR1BqTXRFR20wTjlKclhURXZZLS1OYU45TVpxRXZZOHQ5UF9MUVdJVW5VZGJfQzR3VGZCLTh4SHlDRFNFM1BWRlVpdVA1TFlHU01uTEttb1JoWGlYMw?oc=5,Metadata and source-provided excerpt retained,Full text is not republished unless reuse permission or an open licence is documented.
4f3e4792ababfb65,2026-08-27,2026-09-02T14:22:45Z,Public TV English,"Ice avalanche, debris lake may have triggered Bhote Koshi flood in Nepal: Report - Public TV English","Ice avalanche, debris lake may have triggered Bhote Koshi flood in Nepal: Report Public TV English",https://news.google.com/rss/articles/CBMiqwFBVV95cUxNbWtKamZESkVkVjNWdENFNWZNbjJETFhUVWo1VVNTYUpGVmdrUkZRdzZSaWV4SXlHelRuYzhiQVhVTFBCbEQ1N1U3NGdTbVFMVWRnMlgxcDgwQXZVdzF2Z1JDdEhFUnE3dEZUc01mZHMtNy1GNURjR01BWmFGVmZZOUpTWDhrSVJ0dXFVOEFfaWh5d1I1NXdLdlh5MXlrOWozWkdScnlxNDlNQ0k?oc=5,https://web.archive.org/web/*/https://news.google.com/rss/articles/CBMiqwFBVV95cUxNbWtKamZESkVkVjNWdENFNWZNbjJETFhUVWo1VVNTYUpGVmdrUkZRdzZSaWV4SXlHelRuYzhiQVhVTFBCbEQ1N1U3NGdTbVFMVWRnMlgxcDgwQXZVdzF2Z1JDdEhFUnE3dEZUc01mZHMtNy1GNURjR01BWmFGVmZZOUpTWDhrSVJ0dXFVOEFfaWh5d1I1NXdLdlh5MXlrOWozWkdScnlxNDlNQ0k?oc=5,Metadata and source-provided excerpt retained,Full text is not republished unless reuse permission or an open licence is documented.
f43af442ad425289,2026-08-27,2026-09-02T14:22:45Z,NepalNews,Bhote Koshi flood: Death toll reaches 389 - NepalNews,Bhote Koshi flood: Death toll reaches 389 NepalNews,https://news.google.com/rss/articles/CBMihwFBVV95cUxQbjJVRm1wejMwRUh1UGJGZXFtSHowRjhuWmc2UXlRRjhmSjhTVXdrcmJuVWptQTkxenF1M0trWERlVXpLZnhMdFBsR3V2eFlLZ2lIalJ0RmMxdUo5bU90THNBS3dpT1JnUGRBR3RienNORks0MXR4OGMxYmo2TGFSNXpObGVRcnM?oc=5,https://web.archive.org/web/*/https://news.google.com/rss/articles/CBMihwFBVV95cUxQbjJVRm1wejMwRUh1UGJGZXFtSHowRjhuWmc2UXlRRjhmSjhTVXdrcmJuVWptQTkxenF1M0trWERlVXpLZnhMdFBsR3V2eFlLZ2lIalJ0RmMxdUo5bU90THNBS3dpT1JnUGRBR3RienNORks0MXR4OGMxYmo2TGFSNXpObGVRcnM?oc=5,Metadata and source-provided excerpt retained,Full text is not republished unless reuse permission or an open licence is documented.
9b671db461851bc3,2026-08-27,2026-09-02T14:22:45Z,The Kathmandu Post,Government deploys 12 teams to coordinate Bhotekoshi flood response - The Kathmandu Post,Government deploys 12 teams to coordinate Bhotekoshi flood response The Kathmandu Post,https://news.google.com/rss/articles/CBMiswFBVV95cUxPdHZoeE1pWXdoa29JZTQyRnJJRlZsZHF6SUE0QXMyQ3k2bmp6WVFYQmdIQ2hwYkNVTGEzeFhhMlJleWhfb016MGllb0p1VEpDZXFNb1FPS05DOUVVX3RBZzRFZ3kzTzEwcWtadmlzOEpQN1BMYzkxaG5LNnVqa1RNT1RNNmtOb1dSOU5rSzFjZFJZemNIZ253eEhKb2ZHMHJaNjF2aThWVEF6V2k4R1BKcl9WSQ?oc=5,https://web.archive.org/web/*/https://news.google.com/rss/articles/CBMiswFBVV95cUxPdHZoeE1pWXdoa29JZTQyRnJJRlZsZHF6SUE0QXMyQ3k2bmp6WVFYQmdIQ2hwYkNVTGEzeFhhMlJleWhfb016MGllb0p1VEpDZXFNb1FPS05DOUVVX3RBZzRFZ3kzTzEwcWtadmlzOEpQN1BMYzkxaG5LNnVqa1RNT1RNNmtOb1dSOU5rSzFjZFJZemNIZ253eEhKb2ZHMHJaNjF2aThWVEF6V2k4R1BKcl9WSQ?oc=5,Metadata and source-provided excerpt retained,Full text is not republished unless reuse permission or an open licence is documented.
4dc9cb2d49c7c4ae,2026-08-27,2026-09-02T14:22:45Z,NepalNews,Bhote Koshi catastrophe exposes limits of Nepal’s flood warning system - NepalNews,Bhote Koshi catastrophe exposes limits of Nepal’s flood warning system NepalNews,https://news.google.com/rss/articles/CBMiswFBVV95cUxOZ2xMa2Y4ZC1RcG5QRmE1Z0Nya21KQ0FMcGplbjRNbFFOLW16bjFrS2hINXNTOGZJUjEwU2pxVDV5bmZzRV90QUxrQ3RJYnk1aEcyZF80MDR0TVJqN2NzVW44T1gxUEdURDg2WjZCZUk1NTl0dVVvYTVsX3JRVGlCOVZuNlNQS1AwRkxHeDNnNnlZUEx2UU5yS1YyTk1VVUJnSmhCMHdKSWJLcW5GNkJEODNtNA?oc=5,https://web.archive.org/web/*/https://news.google.com/rss/articles/CBMiswFBVV95cUxOZ2xMa2Y4ZC1RcG5QRmE1Z0Nya21KQ0FMcGplbjRNbFFOLW16bjFrS2hINXNTOGZJUjEwU2pxVDV5bmZzRV90QUxrQ3RJYnk1aEcyZF80MDR0TVJqN2NzVW44T1gxUEdURDg2WjZCZUk1NTl0dVVvYTVsX3JRVGlCOVZuNlNQS1AwRkxHeDNnNnlZUEx2UU5yS1YyTk1VVUJnSmhCMHdKSWJLcW5GNkJEODNtNA?oc=5,Metadata and source-provided excerpt retained,Full text is not republished unless reuse permission or an open licence is documented.
e9102d79b303de0f,2026-08-27,2026-09-02T14:22:45Z,The Kathmandu Post,"826 out of contact after Bhotekoshi flood, including 590 tourists - The Kathmandu Post","826 out of contact after Bhotekoshi flood, including 590 tourists The Kathmandu Post",https://news.google.com/rss/articles/CBMivwFBVV95cUxQd2RGejZuNXc2Nk9lN2FPNERGUGw3all5RzRfcVF1S0xWY3RUcERXWUIxTFR0TlBLYmo2Y09fdEl2MzBQTms2b1BCVzhBS0JaSHJ3MVZLN1gxNHJCakxMSHk2NmVBSV9UajRGLTBUWnVjLVRUQVE1eDFwZmpUZXU0SmUxYlNuc1M5NTF5YnhmZl9EY0F0SzVzcEpGejk5bnFjTHZGRC1xT2ZESjBrdWtGMUhkSDM4Q2FEUzFMQkl4Yw?oc=5,https://web.archive.org/web/*/https://news.google.com/rss/articles/CBMivwFBVV95cUxQd2RGejZuNXc2Nk9lN2FPNERGUGw3all5RzRfcVF1S0xWY3RUcERXWUIxTFR0TlBLYmo2Y09fdEl2MzBQTms2b1BCVzhBS0JaSHJ3MVZLN1gxNHJCakxMSHk2NmVBSV9UajRGLTBUWnVjLVRUQVE1eDFwZmpUZXU0SmUxYlNuc1M5NTF5YnhmZl9EY0F0SzVzcEpGejk5bnFjTHZGRC1xT2ZESjBrdWtGMUhkSDM4Q2FEUzFMQkl4Yw?oc=5,Metadata and source-provided excerpt retained,Full text is not republished unless reuse permission or an open licence is documented.
9f705d5bf4138353,2026-08-27,2026-09-02T14:22:45Z,NepalNews,Rasuwa flood raises a troubling question: Is this the new normal? - NepalNews,Rasuwa flood raises a troubling question: Is this the new normal? NepalNews,https://news.google.com/rss/articles/CBMipwFBVV95cUxPSjVGV194VHpYNTkwdUJEWkRmYm13SE1ac1VNazlSQnBfa2k0blRHeWw2cDdNY2lIaWI5bkNxM20zWDJiaXBBMUNLcUU1YWJsZ0RVNVNEeFN4YUc4aFNWeENhXzdHLUMxWk80MWZ5SVJSQm9iTEc5OGlpazVKejkyaWx0MkVUNUlERGZndllha3NsSGhuc3V5NEx4R2twMGtoSmJWUjhaOA?oc=5,https://web.archive.org/web/*/https://news.google.com/rss/articles/CBMipwFBVV95cUxPSjVGV194VHpYNTkwdUJEWkRmYm13SE1ac1VNazlSQnBfa2k0blRHeWw2cDdNY2lIaWI5bkNxM20zWDJiaXBBMUNLcUU1YWJsZ0RVNVNEeFN4YUc4aFNWeENhXzdHLUMxWk80MWZ5SVJSQm9iTEc5OGlpazVKejkyaWx0MkVUNUlERGZndllha3NsSGhuc3V5NEx4R2twMGtoSmJWUjhaOA?oc=5,Metadata and source-provided excerpt retained,Full text is not republished unless reuse permission or an open licence is documented.
6cff34ef85643ec7,2026-08-27,2026-09-02T14:22:45Z,The Annapurna Express,What caused the Bhotekoshi flood? - The Annapurna Express,What caused the Bhotekoshi flood? The Annapurna Express,https://news.google.com/rss/articles/CBMiV0FVX3lxTE1nakpKSW5LTTdJbDB5VVIwWEhEOVVPMTJLMWZ3bEtrRXFtUjhrVm5QSnBVQ2VsZ1pDRnl2blVmRGp0cUVhb2plaG9MazJuazRXSjBBbUYtSQ?oc=5,https://web.archive.org/web/*/https://news.google.com/rss/articles/CBMiV0FVX3lxTE1nakpKSW5LTTdJbDB5VVIwWEhEOVVPMTJLMWZ3bEtrRXFtUjhrVm5QSnBVQ2VsZ1pDRnl2blVmRGp0cUVhb2plaG9MazJuazRXSjBBbUYtSQ?oc=5,Metadata and source-provided excerpt retained,Full text is not republished unless reuse permission or an open licence is documented.
042894491a3b202d,2026-08-27,2026-09-02T14:22:45Z,Ekantipur,"Bhotekoshi Flood: 12 Teams Deployed for Rescue, Relief and Rehabilitation - Ekantipur","Bhotekoshi Flood: 12 Teams Deployed for Rescue, Relief and Rehabilitation Ekantipur",https://news.google.com/rss/articles/CBMivgFBVV95cUxQQ1hQdVhQbHdPbXdLNWpNUmxnSXAtaDFtam95M2J3QTBiTWNYT2d5anNRUkZ5bEtCdnF6TlZTUG94dnl3bno4UG5udERyQlEtRXg5VGw1ZGZweUJCT2VlRm1VNjRid1FHbFlmcHlWVmViSjlST1N2SU1lMkZVdUd2THZhLXJ4Z0kwTFNiX2VIMk12djFZMFdwazM5UEljYXNhMjNsdGlJSW1kQmw0Y191N2QzdTEzdWVwM1VSUE53?oc=5,https://web.archive.org/web/*/https://news.google.com/rss/articles/CBMivgFBVV95cUxQQ1hQdVhQbHdPbXdLNWpNUmxnSXAtaDFtam95M2J3QTBiTWNYT2d5anNRUkZ5bEtCdnF6TlZTUG94dnl3bno4UG5udERyQlEtRXg5VGw1ZGZweUJCT2VlRm1VNjRid1FHbFlmcHlWVmViSjlST1N2SU1lMkZVdUd2THZhLXJ4Z0kwTFNiX2VIMk12djFZMFdwazM5UEljYXNhMjNsdGlJSW1kQmw0Y191N2QzdTEzdWVwM1VSUE53?oc=5,Metadata and source-provided excerpt retained,Full text is not republished unless reuse permission or an open licence is documented.
ed1b681e632ed030,2026-08-27,2026-09-02T14:22:45Z,NepalNews,Vice President Yadav donates one month’s salary to Bhote Koshi flood relief - NepalNews,Vice President Yadav donates one month’s salary to Bhote Koshi flood relief NepalNews,https://news.google.com/rss/articles/CBMitwFBVV95cUxOam5IeUVueHdDdURpb0E5Uy1yZkdNbVQwLVZ4ZnYwcXNNc0hiYm9KaDZ1MTBkdGhaYTF4RXphUl94TU5TaS1BbC1BN05zNmg2bllPa0N5Z0NOWDZoWTJWaG45enRTd3E0ZVhJSkxhbTNqRGQ3MnhISUlXQlplZzU4SlU1VnJEV0FtdVRYSENnNUxJXzlBWkh2T2pVdTFyeWJ3X09FTnlncUl2REdXenVwRkpNd01mQUk?oc=5,https://web.archive.org/web/*/https://news.google.com/rss/articles/CBMitwFBVV95cUxOam5IeUVueHdDdURpb0E5Uy1yZkdNbVQwLVZ4ZnYwcXNNc0hiYm9KaDZ1MTBkdGhaYTF4RXphUl94TU5TaS1BbC1BN05zNmg2bllPa0N5Z0NOWDZoWTJWaG45enRTd3E0ZVhJSkxhbTNqRGQ3MnhISUlXQlplZzU4SlU1VnJEV0FtdVRYSENnNUxJXzlBWkh2T2pVdTFyeWJ3X09FTnlncUl2REdXenVwRkpNd01mQUk?oc=5,Metadata and source-provided excerpt retained,Full text is not republished unless reuse permission or an open licence is documented.
ad1c1c93d6cae013,2026-08-27,2026-09-02T14:22:45Z,India Today,"Bhote Koshi flood may have been triggered by ice-rock avalanche, say scientists - India Today","Bhote Koshi flood may have been triggered by ice-rock avalanche, say scientists India Today",https://news.google.com/rss/articles/CBMiwgFBVV95cUxONHdSQU1nNEl6MEVZcTVNRUh4cWVLeDdhUTItOVhNNEV6MDBXdVktNUJGZGZFbC1LcVdXQWU5TlhiSXlIX3pwbUw2WW5BYkZRZHVBSVhiNDJfcFhqR25rQjlnd09pVGN4M2NpVHE1YzU1R2kxamJkX0cyZjZJemtVeEoweTNyZUJIOHBHLWVZbkdseFdaWl92RExXVVdidnBfYTVzZUstVnIzZGZQSmhPamZIRnBweGZwZ2RkMFBnaWtOQQ?oc=5,https://web.archive.org/web/*/https://news.google.com/rss/articles/CBMiwgFBVV95cUxONHdSQU1nNEl6MEVZcTVNRUh4cWVLeDdhUTItOVhNNEV6MDBXdVktNUJGZGZFbC1LcVdXQWU5TlhiSXlIX3pwbUw2WW5BYkZRZHVBSVhiNDJfcFhqR25rQjlnd09pVGN4M2NpVHE1YzU1R2kxamJkX0cyZjZJemtVeEoweTNyZUJIOHBHLWVZbkdseFdaWl92RExXVVdidnBfYTVzZUstVnIzZGZQSmhPamZIRnBweGZwZ2RkMFBnaWtOQQ?oc=5,Metadata and source-provided excerpt retained,Full text is not republished unless reuse permission or an open licence is documented.
318cb67e6f36e488,2026-08-27,2026-09-02T14:22:45Z,myRepublica,Death toll in Rasuwa flood climbs to 359 as rescue efforts continue - myRepublica,Death toll in Rasuwa flood climbs to 359 as rescue efforts continue myRepublica,https://news.google.com/rss/articles/CBMivwFBVV95cUxOWXI0M2pBczZBZlNMWm5fWWhJaThFYXJIOEJYVE52bm83YzZtbmhfNmlsdko4dVFuZVZWRk13cnRVMTk2R2FuX1FMQk5VRjJYOFBMLWdhLXFlbFRCM2dJM2I3NGdfQXVBaTB5MXJYRWszZ2FQY2dtVDZNTTBMQkZ3ejU2b0hwVGNXU3VqWmpqSXBxbWoxR05ueVMyaV9XTGROMlVsc21uWmZOaGZDbmQtelg1YTMyTnVmV04zUmdCOA?oc=5,https://web.archive.org/web/*/https://news.google.com/rss/articles/CBMivwFBVV95cUxOWXI0M2pBczZBZlNMWm5fWWhJaThFYXJIOEJYVE52bm83YzZtbmhfNmlsdko4dVFuZVZWRk13cnRVMTk2R2FuX1FMQk5VRjJYOFBMLWdhLXFlbFRCM2dJM2I3NGdfQXVBaTB5MXJYRWszZ2FQY2dtVDZNTTBMQkZ3ejU2b0hwVGNXU3VqWmpqSXBxbWoxR05ueVMyaV9XTGROMlVsc21uWmZOaGZDbmQtelg1YTMyTnVmV04zUmdCOA?oc=5,Metadata and source-provided excerpt retained,Full text is not republished unless reuse permission or an open licence is documented.
ea35f51b9bac8e77,2026-08-27,2026-09-02T14:22:45Z,Ratopati,Postmortem Conducted on Vivek Shrestha Found Dead in Bhote Koshi Flood - Ratopati,Postmortem Conducted on Vivek Shrestha Found Dead in Bhote Koshi Flood Ratopati,https://news.google.com/rss/articles/CBMinwFBVV95cUxPWkRJNGZOelUyb2kyZTQ0VmpZM3RtSzhSWi0yMVhid1JrbzBMMU0ybHdHbU9KS2dyQUZhQnptdlBGTEZDM2RRNTY0LW1wY0ZQWVBaYmhIaFlSZkFmMXN0eldvVFpjMk0xa0dIVXNoeTBMbWZVZjRCY2kxQW9fZnRoMW1PSVRIQ21ub3hNQkdQN0d2RFN3SDVxYVdhVWFzak0?oc=5,https://web.archive.org/web/*/https://news.google.com/rss/articles/CBMinwFBVV95cUxPWkRJNGZOelUyb2kyZTQ0VmpZM3RtSzhSWi0yMVhid1JrbzBMMU0ybHdHbU9KS2dyQUZhQnptdlBGTEZDM2RRNTY0LW1wY0ZQWVBaYmhIaFlSZkFmMXN0eldvVFpjMk0xa0dIVXNoeTBMbWZVZjRCY2kxQW9fZnRoMW1PSVRIQ21ub3hNQkdQN0d2RFN3SDVxYVdhVWFzak0?oc=5,Metadata and source-provided excerpt retained,Full text is not republished unless reuse permission or an open licence is documented.
a622e59cf64332ba,2026-08-27,2026-09-02T14:22:45Z,Ekantipur,Bhotekoshi Flood: More Than 40 Chartered Flights by Private Helicopters from Kathmandu for Relief and Rescue Operations - Ekantipur,Bhotekoshi Flood: More Than 40 Chartered Flights by Private Helicopters from Kathmandu for Relief and Rescue Operations Ekantipur,https://news.google.com/rss/articles/CBMi6AFBVV95cUxQcGp3LXpnZmVfc1FndkpZWnRZXzdiZExyajczamEyTVBLRmtTVEQ4d2kyMmVJeTNwSjRHdm5hSXlzVzMwTkdaYV95eTRvNk4tWmEtOWpqNmN4cURxRm5vdDlnbE00N2dqZTY1djdTZjZPeEpkV1pvZ2RLNXZPaWE1WHZ3OVBCajZCR1dhMmJUdVZhNjJJRVpmSjIzdDNMM3FNSXgzRU9zVWh1cWRmSnNwX3ZZUnU3TXdJZHN6VGhzUGVqWXB3dHJLbDNIcWJMYlNLdkJpeTRRNl94U2dEeWhfRWxkNGhZNko5?oc=5,https://web.archive.org/web/*/https://news.google.com/rss/articles/CBMi6AFBVV95cUxQcGp3LXpnZmVfc1FndkpZWnRZXzdiZExyajczamEyTVBLRmtTVEQ4d2kyMmVJeTNwSjRHdm5hSXlzVzMwTkdaYV95eTRvNk4tWmEtOWpqNmN4cURxRm5vdDlnbE00N2dqZTY1djdTZjZPeEpkV1pvZ2RLNXZPaWE1WHZ3OVBCajZCR1dhMmJUdVZhNjJJRVpmSjIzdDNMM3FNSXgzRU9zVWh1cWRmSnNwX3ZZUnU3TXdJZHN6VGhzUGVqWXB3dHJLbDNIcWJMYlNLdkJpeTRRNl94U2dEeWhfRWxkNGhZNko5?oc=5,Metadata and source-provided excerpt retained,Full text is not republished unless reuse permission or an open licence is documented.
553f3c54e3bf7e37,2026-08-27,2026-09-02T14:22:45Z,Ratopati,359 Dead in Bhote Koshi Flood - Ratopati,359 Dead in Bhote Koshi Flood Ratopati,https://news.google.com/rss/articles/CBMiggFBVV95cUxQVFdKYUh0eG1EMFcydV83WXV3SF81bkVTMU5yUXE5elhvR1hfT0psSlR1eTltLWlZMWY2TEp3NWQyOWJNM1cwUmNhYWVpUURPb001YklVaEZBMHhJRUs0UG9sc3ZXTG5XbXFIc0RMektOUXFPQklHMTZpRUNJOWRjR3Z3?oc=5,https://web.archive.org/web/*/https://news.google.com/rss/articles/CBMiggFBVV95cUxQVFdKYUh0eG1EMFcydV83WXV3SF81bkVTMU5yUXE5elhvR1hfT0psSlR1eTltLWlZMWY2TEp3NWQyOWJNM1cwUmNhYWVpUURPb001YklVaEZBMHhJRUs0UG9sc3ZXTG5XbXFIc0RMektOUXFPQklHMTZpRUNJOWRjR3Z3?oc=5,Metadata and source-provided excerpt retained,Full text is not republished unless reuse permission or an open licence is documented.
bffb3a79fd6944a2,2026-08-27,2026-09-02T14:22:45Z,Khabarhub,Bhotekoshi flood: Death toll reaches 289 as search for missing continues - Khabarhub,Bhotekoshi flood: Death toll reaches 289 as search for missing continues Khabarhub,https://news.google.com/rss/articles/CBMiWEFVX3lxTE92M2ZtYkpEU0FuLTdFT2JWcVUxVkM0SHdXZzlfVm93cU5tdHR6RElSakQ2MklGS2lMNmZIZVJpSllMTnN2d1pwNnVuMzhuR0RZaXVZQllJTlk?oc=5,https://web.archive.org/web/*/https://news.google.com/rss/articles/CBMiWEFVX3lxTE92M2ZtYkpEU0FuLTdFT2JWcVUxVkM0SHdXZzlfVm93cU5tdHR6RElSakQ2MklGS2lMNmZIZVJpSllMTnN2d1pwNnVuMzhuR0RZaXVZQllJTlk?oc=5,Metadata and source-provided excerpt retained,Full text is not republished unless reuse permission or an open licence is documented.
17c38350a36e8d32,2026-08-27,2026-09-02T14:22:45Z,myRepublica,Bhotekoshi flood: 558 missing on Chinese side as rain and difficult terrain hamper rescue efforts - myRepublica,Bhotekoshi flood: 558 missing on Chinese side as rain and difficult terrain hamper rescue efforts myRepublica,https://news.google.com/rss/articles/CBMiygFBVV95cUxNWUJRdWJRaUczZjN4MDkyTW11cUlKV3RSMWRjNFg3QlVyUmNIX0pOXzROM3owZURCbm5XS2hMdDlJU3c4U2E5ZzhZUVVGdWpVWm1EaGV3dlliREFxTEdpNXN5YzlQejU5cEdLSkw1bDE3STB6bm9YTG51ek8zZ1RELU5ybnBkWmMtS0lqZHd0TlBUUnM1eDJqSXFCS2w0VWU4S1h2eEpHZXJpd2stX0NBT3BoSVE0LTMxZkNFM0ZqNmxiVHYwQkhETFRB?oc=5,https://web.archive.org/web/*/https://news.google.com/rss/articles/CBMiygFBVV95cUxNWUJRdWJRaUczZjN4MDkyTW11cUlKV3RSMWRjNFg3QlVyUmNIX0pOXzROM3owZURCbm5XS2hMdDlJU3c4U2E5ZzhZUVVGdWpVWm1EaGV3dlliREFxTEdpNXN5YzlQejU5cEdLSkw1bDE3STB6bm9YTG51ek8zZ1RELU5ybnBkWmMtS0lqZHd0TlBUUnM1eDJqSXFCS2w0VWU4S1h2eEpHZXJpd2stX0NBT3BoSVE0LTMxZkNFM0ZqNmxiVHYwQkhETFRB?oc=5,Metadata and source-provided excerpt retained,Full text is not republished unless reuse permission or an open licence is documented.
5487ef6bd08d4331,2026-08-27,2026-09-02T14:22:45Z,Setopati,Foreign Ministry decides against direct foreign assistance in Rasuwa flood search and rescue operations - Setopati,Foreign Ministry decides against direct foreign assistance in Rasuwa flood search and rescue operations Setopati,https://news.google.com/rss/articles/CBMiUkFVX3lxTE55NjQzbmpVODU1NzlYQmhKYlhkZ1hnN1dRdXhpWGpiV2dWWjBjcG5Gc05fTFQ2NE1SbGZDRV8zMlVFM3hoV0NaNF9lQXluRlNrakE?oc=5,https://web.archive.org/web/*/https://news.google.com/rss/articles/CBMiUkFVX3lxTE55NjQzbmpVODU1NzlYQmhKYlhkZ1hnN1dRdXhpWGpiV2dWWjBjcG5Gc05fTFQ2NE1SbGZDRV8zMlVFM3hoV0NaNF9lQXluRlNrakE?oc=5,Metadata and source-provided excerpt retained,Full text is not republished unless reuse permission or an open licence is documented.
d5b6c72205a9bc46,2026-08-27,2026-09-02T14:22:45Z,Ekantipur,The Second Day of the Bhotekoshi Flood: The Disaster in 10 Photos - Ekantipur,The Second Day of the Bhotekoshi Flood: The Disaster in 10 Photos Ekantipur,https://news.google.com/rss/articles/CBMitAFBVV95cUxOd1AwWldyVWdoTnA5b0czRm5EN244SHQwcTg0WXB2NDl5dzg2c3NzUjA1ZTBwbHpza2s4M0NoTWtFLWNWWWxBMTFERUYxeGRKOUIyN2tkaU9BeUszb3NCVGlOOGxxeTZNR2xWdWNoam1kVHFIajQzRmo3cE8xbWo3ZHVxckhoTHkwWkFmcE9TYnF5eTR2QWZiWVR4ei1QVnB2TG5sN3UwekttTUJZNWRWNzd4WUI?oc=5,https://web.archive.org/web/*/https://news.google.com/rss/articles/CBMitAFBVV95cUxOd1AwWldyVWdoTnA5b0czRm5EN244SHQwcTg0WXB2NDl5dzg2c3NzUjA1ZTBwbHpza2s4M0NoTWtFLWNWWWxBMTFERUYxeGRKOUIyN2tkaU9BeUszb3NCVGlOOGxxeTZNR2xWdWNoam1kVHFIajQzRmo3cE8xbWo3ZHVxckhoTHkwWkFmcE9TYnF5eTR2QWZiWVR4ei1QVnB2TG5sN3UwekttTUJZNWRWNzd4WUI?oc=5,Metadata and source-provided excerpt retained,Full text is not republished unless reuse permission or an open licence is documented.
e6d47689a83d547a,2026-08-27,2026-09-02T14:22:45Z,Khabarhub,"Bhotekoshi flood: 336 people, including 45 foreigners, airlifted to safety - Khabarhub","Bhotekoshi flood: 336 people, including 45 foreigners, airlifted to safety Khabarhub",https://news.google.com/rss/articles/CBMiWEFVX3lxTFBOTmVPc3ptdG9SUzRFVTRFVXpYUEhBYlBJWG4ya0pGRnl0M2JCNzJLcTZ1ODhZOHNnSkRrX3hOSk16QThwUTNiZjkyUHNBTElVWERWNk9GcG4?oc=5,https://web.archive.org/web/*/https://news.google.com/rss/articles/CBMiWEFVX3lxTFBOTmVPc3ptdG9SUzRFVTRFVXpYUEhBYlBJWG4ya0pGRnl0M2JCNzJLcTZ1ODhZOHNnSkRrX3hOSk16QThwUTNiZjkyUHNBTElVWERWNk9GcG4?oc=5,Metadata and source-provided excerpt retained,Full text is not republished unless reuse permission or an open licence is documented.
da08d9c3b11eda08,2026-08-27,2026-09-02T14:22:45Z,The Rising Nepal,"Bhotekoshi flood: 12 teams mobilized for rescue, treatment, relief, and rehabilitation - The Rising Nepal","Bhotekoshi flood: 12 teams mobilized for rescue, treatment, relief, and rehabilitation The Rising Nepal",https://news.google.com/rss/articles/CBMiUEFVX3lxTE12dS1PNDRvMEFYdm9VUmVkanNVVG9OQXRQU0Y0UHdGbzdMN2VhbWN0NkRLN3BISGY2QkVYLWpZUExZUXJKc1c0dDFmLWswVHN6?oc=5,https://web.archive.org/web/*/https://news.google.com/rss/articles/CBMiUEFVX3lxTE12dS1PNDRvMEFYdm9VUmVkanNVVG9OQXRQU0Y0UHdGbzdMN2VhbWN0NkRLN3BISGY2QkVYLWpZUExZUXJKc1c0dDFmLWswVHN6?oc=5,Metadata and source-provided excerpt retained,Full text is not republished unless reuse permission or an open licence is documented.
38250f1743d673ab,2026-08-27,2026-09-02T14:22:45Z,Khabarhub,"Rasuwa flood: 1,433 people reported out of contact - Khabarhub","Rasuwa flood: 1,433 people reported out of contact Khabarhub",https://news.google.com/rss/articles/CBMiWEFVX3lxTE8zekZWV3NibnZKekVzRTFEWDBVV3NkTms2dUk3eXhwdU9aSE02R0RmUl9CbEMtTU5VN0ROMllYb2FpWVE3dlhLWEE0UWQtUWstTVBPTUU2Q3Q?oc=5,https://web.archive.org/web/*/https://news.google.com/rss/articles/CBMiWEFVX3lxTE8zekZWV3NibnZKekVzRTFEWDBVV3NkTms2dUk3eXhwdU9aSE02R0RmUl9CbEMtTU5VN0ROMllYb2FpWVE3dlhLWEE0UWQtUWstTVBPTUU2Q3Q?oc=5,Metadata and source-provided excerpt retained,Full text is not republished unless reuse permission or an open licence is documented.
4e70a9bd506500ac,2026-08-27,2026-09-02T14:22:45Z,Khabarhub,Update: Rasuwa flood death toll rises to 207 - Khabarhub,Update: Rasuwa flood death toll rises to 207 Khabarhub,https://news.google.com/rss/articles/CBMiWEFVX3lxTE9KMHJZeTcxV1VIZFVEU0UzTkJtejJaSFNoaDNmNzJTRXh6UjJ6eXdYODVNb0M5TFJvNzJEanRHYjlxaWlvZ0hWaDZKcHpPR2hjcWNsSFhqZnE?oc=5,https://web.archive.org/web/*/https://news.google.com/rss/articles/CBMiWEFVX3lxTE9KMHJZeTcxV1VIZFVEU0UzTkJtejJaSFNoaDNmNzJTRXh6UjJ6eXdYODVNb0M5TFJvNzJEanRHYjlxaWlvZ0hWaDZKcHpPR2hjcWNsSFhqZnE?oc=5,Metadata and source-provided excerpt retained,Full text is not republished unless reuse permission or an open licence is documented.
6b0df01e368556b8,2026-08-27,2026-09-02T14:22:45Z,Khabarhub,"Rasuwa flood: 165 bodies recovered, 579 tourists missing - Khabarhub","Rasuwa flood: 165 bodies recovered, 579 tourists missing Khabarhub",https://news.google.com/rss/articles/CBMiWEFVX3lxTFBuMUNJQjg4ZjQxQmtzd3hyY0hPaENjQlNOMXdNWUU4Q3NicEtjSUFYS18tS0dlMjVRMk9QZlhSN2owOHRodXVMb2hhSGJYVlJwV3czQUdNdlA?oc=5,https://web.archive.org/web/*/https://news.google.com/rss/articles/CBMiWEFVX3lxTFBuMUNJQjg4ZjQxQmtzd3hyY0hPaENjQlNOMXdNWUU4Q3NicEtjSUFYS18tS0dlMjVRMk9QZlhSN2owOHRodXVMb2hhSGJYVlJwV3czQUdNdlA?oc=5,Metadata and source-provided excerpt retained,Full text is not republished unless reuse permission or an open licence is documented.
e1505266082fe07a,2026-08-27,2026-09-02T14:22:45Z,radionepalonline.com,"Rasuwa flood: 177 bodies recovered – Public Service Broadcasting, Radio Nepal - radionepalonline.com","Rasuwa flood: 177 bodies recovered – Public Service Broadcasting, Radio Nepal radionepalonline.com",https://news.google.com/rss/articles/CBMiZEFVX3lxTE42UElmNF9CQ2NucVhXT0hmQ3JodUdaMFVUQ25WV3Zmcy1za243V2VCYWl0bl9XSWliVFZkR01vWG1Ma1dwUGNCUTRmbmY0ZThfVDlKVTNSNG9UZnJVQURjZTIyQVQ?oc=5,https://web.archive.org/web/*/https://news.google.com/rss/articles/CBMiZEFVX3lxTE42UElmNF9CQ2NucVhXT0hmQ3JodUdaMFVUQ25WV3Zmcy1za243V2VCYWl0bl9XSWliVFZkR01vWG1Ma1dwUGNCUTRmbmY0ZThfVDlKVTNSNG9UZnJVQURjZTIyQVQ?oc=5,Metadata and source-provided excerpt retained,Full text is not republished unless reuse permission or an open licence is documented.
d4af2a1eb053c567,2026-08-27,2026-09-02T14:22:45Z,The Rising Nepal,"Bhotekoshi FlashFlood: Rasuwa flood: 165 bodies recovered, 579 tourists missing - The Rising Nepal","Bhotekoshi FlashFlood: Rasuwa flood: 165 bodies recovered, 579 tourists missing The Rising Nepal",https://news.google.com/rss/articles/CBMiUEFVX3lxTFBiTkFlNEtySkVYYUVWeURPM2U5V1E2N3JMX00xaW1FUmtzUWd3NjJ6S1gzalZqZWM2cktudXl3Wm41dXVHanhoOGJfSzZnZHhE?oc=5,https://web.archive.org/web/*/https://news.google.com/rss/articles/CBMiUEFVX3lxTFBiTkFlNEtySkVYYUVWeURPM2U5V1E2N3JMX00xaW1FUmtzUWd3NjJ6S1gzalZqZWM2cktudXl3Wm41dXVHanhoOGJfSzZnZHhE?oc=5,Metadata and source-provided excerpt retained,Full text is not republished unless reuse permission or an open licence is documented.
86fd34bb8c83f384,2026-08-27,2026-09-02T14:22:45Z,The Kathmandu Post,"826 out of contact after Bhotekoshi flood, including 590 tourists - The Kathmandu Post","826 out of contact after Bhotekoshi flood, including 590 tourists The Kathmandu Post",https://news.google.com/rss/articles/CBMipgFBVV95cUxQTGV0c3YtMDUxMmVTQzFFcjM3b2RRa2xWLUNUZE82Yms5bGU1RnowbGV6MHVHOVpQdEFHejJWQnNUVlpvbnFIVDJuLXVIaDNBRFRiWXFQTExDVXdhUEtXdGQwZnBJa002TUVIRTNCaFZUdFFUcXVZOEVtSXhSTFQxMDh1Q0JCcng3NVFabmE5NnUzajA1OGozZTZuSWJNZTEzV2V0cldn?oc=5,https://web.archive.org/web/*/https://news.google.com/rss/articles/CBMipgFBVV95cUxQTGV0c3YtMDUxMmVTQzFFcjM3b2RRa2xWLUNUZE82Yms5bGU1RnowbGV6MHVHOVpQdEFHejJWQnNUVlpvbnFIVDJuLXVIaDNBRFRiWXFQTExDVXdhUEtXdGQwZnBJa002TUVIRTNCaFZUdFFUcXVZOEVtSXhSTFQxMDh1Q0JCcng3NVFabmE5NnUzajA1OGozZTZuSWJNZTEzV2V0cldn?oc=5,Metadata and source-provided excerpt retained,Full text is not republished unless reuse permission or an open licence is documented.
cac5b886b4f54db1,2026-08-27,2026-09-02T14:22:45Z,myRepublica,"Rasuwa Flood: 165 bodies recovered, 826 including 579 tourists still missing - myRepublica","Rasuwa Flood: 165 bodies recovered, 826 including 579 tourists still missing myRepublica",https://news.google.com/rss/articles/CBMirwFBVV95cUxORklldVFfcHpRbEJNUzFGSnBCUUpyRm5kc0lRcERuejlxcXNUbHpXYno0OG44bkVoY2N4bXZjLW93d2FjWlNCNGxFdklHSXZ1anZyTmV4a3EtYlUwWE5lVm51Q25Wb0hMcXZNNmE2SFczdDhPMXJaYlVyWmxBXzI3d0dKdERwSWVjYWl1NkRXN1hLR3F2RkcwTm1MSXZLMGJKbWh2VTJuNEV5aEFPQ2R3?oc=5,https://web.archive.org/web/*/https://news.google.com/rss/articles/CBMirwFBVV95cUxORklldVFfcHpRbEJNUzFGSnBCUUpyRm5kc0lRcERuejlxcXNUbHpXYno0OG44bkVoY2N4bXZjLW93d2FjWlNCNGxFdklHSXZ1anZyTmV4a3EtYlUwWE5lVm51Q25Wb0hMcXZNNmE2SFczdDhPMXJaYlVyWmxBXzI3d0dKdERwSWVjYWl1NkRXN1hLR3F2RkcwTm1MSXZLMGJKbWh2VTJuNEV5aEFPQ2R3?oc=5,Metadata and source-provided excerpt retained,Full text is not republished unless reuse permission or an open licence is documented.
b2981fd56e77d02d,2026-08-27,2026-09-02T14:22:45Z,myRepublica,"Bhotekoshi flood: How China is conducting search, rescue operations - myRepublica","Bhotekoshi flood: How China is conducting search, rescue operations myRepublica",https://news.google.com/rss/articles/CBMivAFBVV95cUxNMGlyX3dUZlJ1UDFpQUk1MGFBWE5ILUhOeDFHUTZJUkYydlNIRVlwbWVFYllIQVdIckFiT1cxNzdoT3k5bEZNSlVta2F3X3lMUElQZ3MxTy14UkJTV1BDMC15bDhZOTEwNDd4SC0zU0FYVUY5VWUybDhBS29NakNMYTEwUE9uWTIzMVJleVMzOWlMRENtSnZ2UkxtaHBUbWRXVzYxS1JBMHpjbkV3bTBwMUQ0UWpIeWN6dHRuVQ?oc=5,https://web.archive.org/web/*/https://news.google.com/rss/articles/CBMivAFBVV95cUxNMGlyX3dUZlJ1UDFpQUk1MGFBWE5ILUhOeDFHUTZJUkYydlNIRVlwbWVFYllIQVdIckFiT1cxNzdoT3k5bEZNSlVta2F3X3lMUElQZ3MxTy14UkJTV1BDMC15bDhZOTEwNDd4SC0zU0FYVUY5VWUybDhBS29NakNMYTEwUE9uWTIzMVJleVMzOWlMRENtSnZ2UkxtaHBUbWRXVzYxS1JBMHpjbkV3bTBwMUQ0UWpIeWN6dHRuVQ?oc=5,Metadata and source-provided excerpt retained,Full text is not republished unless reuse permission or an open licence is documented.
23b6fdafc814e04a,2026-08-27,2026-09-02T14:22:45Z,The Himalayan Times,"Bhotekoshi flood death toll reaches 177 as rescue, recovery efforts intensify - The Himalayan Times","Bhotekoshi flood death toll reaches 177 as rescue, recovery efforts intensify The Himalayan Times",https://news.google.com/rss/articles/CBMisgFBVV95cUxQMUl1QnZRN1g2NVZacS1DMmdHT1JhbmFGRlpGbkc1c1lvWkRaM0lwZGlqNzBHTk9VVjZkTXRlcjV6ekhaWERyODZZY2d1OEtuRlJ0TWM0SmNtTzNHbVFuSUJZcWpjZkY2dmhKNlZOZUNBekd5TGNHRGYxOF9aMzNqd3NnOG93NXRHdDhlVFBYOTRHYVg2ZnRPb1NCSnRpODZJZVQyNnZsSVlwaVdsN0hpanBB0gFcQVVfeXFMTnE2NGsycTlWY1R0Znh1RllaU1U1SnI2X1pJdEcwVHEwNDFOZ2R0dkVFdHpsVFBWenZaTTFtV2NseElLbzJwSC02bE1RMXZzM2w1YXFHM0VheHVpWGU?oc=5,https://web.archive.org/web/*/https://news.google.com/rss/articles/CBMisgFBVV95cUxQMUl1QnZRN1g2NVZacS1DMmdHT1JhbmFGRlpGbkc1c1lvWkRaM0lwZGlqNzBHTk9VVjZkTXRlcjV6ekhaWERyODZZY2d1OEtuRlJ0TWM0SmNtTzNHbVFuSUJZcWpjZkY2dmhKNlZOZUNBekd5TGNHRGYxOF9aMzNqd3NnOG93NXRHdDhlVFBYOTRHYVg2ZnRPb1NCSnRpODZJZVQyNnZsSVlwaVdsN0hpanBB0gFcQVVfeXFMTnE2NGsycTlWY1R0Znh1RllaU1U1SnI2X1pJdEcwVHEwNDFOZ2R0dkVFdHpsVFBWenZaTTFtV2NseElLbzJwSC02bE1RMXZzM2w1YXFHM0VheHVpWGU?oc=5,Metadata and source-provided excerpt retained,Full text is not republished unless reuse permission or an open licence is documented.
4d4eb3c44b67a369,2026-08-27,2026-09-02T14:22:45Z,Khabarhub,Rasuwa flood: Death toll reaches 220 - Khabarhub,Rasuwa flood: Death toll reaches 220 Khabarhub,https://news.google.com/rss/articles/CBMiWEFVX3lxTE9oNktvQkpsMlM0c2N0TlpaTVFOT0p4NXE4WkM2M3lVMGJFenhONFZPb1RGNm5ZNE0xMk1FWGtfYl8xeERoZk16bEZTWEtYUWxkVTcxU0NkNks?oc=5,https://web.archive.org/web/*/https://news.google.com/rss/articles/CBMiWEFVX3lxTE9oNktvQkpsMlM0c2N0TlpaTVFOT0p4NXE4WkM2M3lVMGJFenhONFZPb1RGNm5ZNE0xMk1FWGtfYl8xeERoZk16bEZTWEtYUWxkVTcxU0NkNks?oc=5,Metadata and source-provided excerpt retained,Full text is not republished unless reuse permission or an open licence is documented.
fdcec806b4caf569,2026-08-27,2026-09-02T14:22:45Z,Khabarhub,Number of tourists missing in Rasuwa flood rises to 644 - Khabarhub,Number of tourists missing in Rasuwa flood rises to 644 Khabarhub,https://news.google.com/rss/articles/CBMiWEFVX3lxTE81cGpPYy01dDR4SGhKaTFrTVJkT2gxRURubTkwUFlKWldNSm1DLVNGUUhkUE9MMGFzNlFFVWpfSlNXNndnaHVlbXQ1YmFsSlV6dHVrdHVBOEk?oc=5,https://web.archive.org/web/*/https://news.google.com/rss/articles/CBMiWEFVX3lxTE81cGpPYy01dDR4SGhKaTFrTVJkT2gxRURubTkwUFlKWldNSm1DLVNGUUhkUE9MMGFzNlFFVWpfSlNXNndnaHVlbXQ1YmFsSlV6dHVrdHVBOEk?oc=5,Metadata and source-provided excerpt retained,Full text is not republished unless reuse permission or an open licence is documented.
3c73e843fcc04459,2026-08-27,2026-09-02T14:22:45Z,NepalNews,"Over 7,400 security personnel deployed for search and rescue in Bhote Koshi flood zones - NepalNews","Over 7,400 security personnel deployed for search and rescue in Bhote Koshi flood zones NepalNews",https://news.google.com/rss/articles/CBMixAFBVV95cUxONkVWNFZsODRucWt1T0g5cUxZLUFlZVBabkR2bXotZk9DeDJYMUlQdXF4V1cyMUF6aUlncjVMOXpkUTl3WW56bmxkME9MQVVRWE44OHFzbXhkV1hFQ2NKbFNXeWotdlBzai1rZmEtVFZtSVV0aGttbjlsOGJGd2pCMVk5Ung3RDVadURrUnpNMXZzblBhZVV4MndOYm92VU5hVGhjWUpydWpkRFB2VmRKSGhZenkxSUctTFdsRDNIM3U5M2xv?oc=5,https://web.archive.org/web/*/https://news.google.com/rss/articles/CBMixAFBVV95cUxONkVWNFZsODRucWt1T0g5cUxZLUFlZVBabkR2bXotZk9DeDJYMUlQdXF4V1cyMUF6aUlncjVMOXpkUTl3WW56bmxkME9MQVVRWE44OHFzbXhkV1hFQ2NKbFNXeWotdlBzai1rZmEtVFZtSVV0aGttbjlsOGJGd2pCMVk5Ung3RDVadURrUnpNMXZzblBhZVV4MndOYm92VU5hVGhjWUpydWpkRFB2VmRKSGhZenkxSUctTFdsRDNIM3U5M2xv?oc=5,Metadata and source-provided excerpt retained,Full text is not republished unless reuse permission or an open licence is documented.
000aefd6e74089a9,2026-08-27,2026-09-02T14:22:45Z,Everest Chronicle,Rasuwa flood death toll rises to 165 as search and rescue enters second day - Everest Chronicle,Rasuwa flood death toll rises to 165 as search and rescue enters second day Everest Chronicle,https://news.google.com/rss/articles/CBMilAFBVV95cUxNa1RER01ZYk85QjlKMjNzN0FPZktMZ1hiUVN0UWdKLXVlNHFoQUtWcUtadGtfUGl3UnRrU1Y4QXhTZkxqSkk4SEVsZEpFdWZ1em1kYm5VRDg4WXd0Q2UtSGhMd2ZZM2dZRXQxbXVkWXBaNDdxUXVRcFJxZ19XbmxfM0dkYVMyalVsRENZVmZHZGczUXhv?oc=5,https://web.archive.org/web/*/https://news.google.com/rss/articles/CBMilAFBVV95cUxNa1RER01ZYk85QjlKMjNzN0FPZktMZ1hiUVN0UWdKLXVlNHFoQUtWcUtadGtfUGl3UnRrU1Y4QXhTZkxqSkk4SEVsZEpFdWZ1em1kYm5VRDg4WXd0Q2UtSGhMd2ZZM2dZRXQxbXVkWXBaNDdxUXVRcFJxZ19XbmxfM0dkYVMyalVsRENZVmZHZGczUXhv?oc=5,Metadata and source-provided excerpt retained,Full text is not republished unless reuse permission or an open licence is documented.
c7849df6859ea065,2026-08-27,2026-09-02T14:22:45Z,Khabarhub,Bhotekoshi flood: 28 police personnel missing - Khabarhub,Bhotekoshi flood: 28 police personnel missing Khabarhub,https://news.google.com/rss/articles/CBMiWEFVX3lxTE5mVDNNdktNYmZoYWNsbTBRbVBSVVJtajhXaGktT0FsWlp5NEd1enBCeU15aVNRdFlQLUhrZ3VjRmJOVDdLYzQyTU01NWdaS1dtWVJnczh0R0w?oc=5,https://web.archive.org/web/*/https://news.google.com/rss/articles/CBMiWEFVX3lxTE5mVDNNdktNYmZoYWNsbTBRbVBSVVJtajhXaGktT0FsWlp5NEd1enBCeU15aVNRdFlQLUhrZ3VjRmJOVDdLYzQyTU01NWdaS1dtWVJnczh0R0w?oc=5,Metadata and source-provided excerpt retained,Full text is not republished unless reuse permission or an open licence is documented.
517af29cf2355d58,2026-08-27,2026-09-02T14:22:45Z,myRepublica,IFRC extends $1.2 million aid for Bhotekoshi Flood victims - myRepublica,IFRC extends $1.2 million aid for Bhotekoshi Flood victims myRepublica,https://news.google.com/rss/articles/CBMisAFBVV95cUxQbzFGcFJfWDBCSEZqeE43bUtCbUIyekttX19UdTFIY0x4ZWFRejJlM1UxYWR6c3RWeXlkLTBHVGlwa1IwMTJiZFlzSFNpSUQtaTNsZ0x4bHZFNnpuc0REM2RKN0paeVhfTWdDbzJDb3dScnlkZ004OHd3cDhMNkZyX08wOThDVFp3TkFLalBXb2lVOG1sYlJNdHFGMkNGN0Q2WUFYYU9Zb290REVSYmRlNA?oc=5,https://web.archive.org/web/*/https://news.google.com/rss/articles/CBMisAFBVV95cUxQbzFGcFJfWDBCSEZqeE43bUtCbUIyekttX19UdTFIY0x4ZWFRejJlM1UxYWR6c3RWeXlkLTBHVGlwa1IwMTJiZFlzSFNpSUQtaTNsZ0x4bHZFNnpuc0REM2RKN0paeVhfTWdDbzJDb3dScnlkZ004OHd3cDhMNkZyX08wOThDVFp3TkFLalBXb2lVOG1sYlJNdHFGMkNGN0Q2WUFYYU9Zb290REVSYmRlNA?oc=5,Metadata and source-provided excerpt retained,Full text is not republished unless reuse permission or an open licence is documented.
3b970ec1e04b0b7e,2026-08-27,2026-09-02T14:22:45Z,myRepublica,"US offers $500,000 in aid as Rasuwa flood death toll surpasses 165 - myRepublica","US offers $500,000 in aid as Rasuwa flood death toll surpasses 165 myRepublica",https://news.google.com/rss/articles/CBMizgFBVV95cUxOQWpMUFBKMFZZQkxUSmtpQlJqV3hXaFkzbDdndEVFUDM0bGV1c3JtcUM4N3hJQndrMk1KZGotazZqbTZocTUxSFhUMmZoRko2OG1wd2tSeXhuNllVVjNGbVlpeG02UjF5M2VYTlNXRVo5MFpjZ18zZkpwLU5qR3ZRN3d2amtYYTc0RDhiUDVtREdjejJSbHdqVVN3MkZ0SVdqaW5tT3FvOElTdmh5WVNuT2dmZkY1UGZMWmNWdnFZTF9HU3hxUF9TXzY3aFRrUQ?oc=5,https://web.archive.org/web/*/https://news.google.com/rss/articles/CBMizgFBVV95cUxOQWpMUFBKMFZZQkxUSmtpQlJqV3hXaFkzbDdndEVFUDM0bGV1c3JtcUM4N3hJQndrMk1KZGotazZqbTZocTUxSFhUMmZoRko2OG1wd2tSeXhuNllVVjNGbVlpeG02UjF5M2VYTlNXRVo5MFpjZ18zZkpwLU5qR3ZRN3d2amtYYTc0RDhiUDVtREdjejJSbHdqVVN3MkZ0SVdqaW5tT3FvOElTdmh5WVNuT2dmZkY1UGZMWmNWdnFZTF9HU3hxUF9TXzY3aFRrUQ?oc=5,Metadata and source-provided excerpt retained,Full text is not republished unless reuse permission or an open licence is documented.
84dfd09d2edd6eab,2026-08-27,2026-09-02T14:22:45Z,myRepublica,PM Shah thanks Modi for India’s support following Rasuwa flood - myRepublica,PM Shah thanks Modi for India’s support following Rasuwa flood myRepublica,https://news.google.com/rss/articles/CBMitwFBVV95cUxQbVFzSTU1aWNRY0RLUzZUOGt3OVc3VXQzRVFXS1dYUkxZbjZhNjBjcjhUa0t6ZHFjbC0xck5NazVlQ054cnhEdFo0OFFjNlZDLXROTWpiYk9jTlhFTVBxcDRnWXNQVmFIODdWaXRxdHNwcmxlMlM3TG14QlU1RzhPYUV5cFZ0cFBSak0wcUF6U2NKS0RNTEVRYVZydnMxVWNfemNSSXVwc29nS1Z6emhyMzFncUhnSjg?oc=5,https://web.archive.org/web/*/https://news.google.com/rss/articles/CBMitwFBVV95cUxQbVFzSTU1aWNRY0RLUzZUOGt3OVc3VXQzRVFXS1dYUkxZbjZhNjBjcjhUa0t6ZHFjbC0xck5NazVlQ054cnhEdFo0OFFjNlZDLXROTWpiYk9jTlhFTVBxcDRnWXNQVmFIODdWaXRxdHNwcmxlMlM3TG14QlU1RzhPYUV5cFZ0cFBSak0wcUF6U2NKS0RNTEVRYVZydnMxVWNfemNSSXVwc29nS1Z6emhyMzFncUhnSjg?oc=5,Metadata and source-provided excerpt retained,Full text is not republished unless reuse permission or an open licence is documented.
0557190d629d9866,2026-08-27,2026-09-02T14:22:45Z,Khabarhub,IFRC announces assistance of around Rs 190 million for Rasuwa flood victims - Khabarhub,IFRC announces assistance of around Rs 190 million for Rasuwa flood victims Khabarhub,https://news.google.com/rss/articles/CBMiWEFVX3lxTFBQb0RXdWNLZ2lwemJTUlBoWElGdnpqZjNNSm9pd1RqbF9ES1c0ZC1XOUVSekVhYmcxZU42T0o1WU1OMHltQkZrWGNWaFA0bjFKWHhFUmFlcC0?oc=5,https://web.archive.org/web/*/https://news.google.com/rss/articles/CBMiWEFVX3lxTFBQb0RXdWNLZ2lwemJTUlBoWElGdnpqZjNNSm9pd1RqbF9ES1c0ZC1XOUVSekVhYmcxZU42T0o1WU1OMHltQkZrWGNWaFA0bjFKWHhFUmFlcC0?oc=5,Metadata and source-provided excerpt retained,Full text is not republished unless reuse permission or an open licence is documented.
220474484bb22986,2026-08-27,2026-09-02T14:22:45Z,The Annapurna Express,"Bhotekoshi flood: Air rescue of 336 people, including 45 foreigners from six countries - The Annapurna Express","Bhotekoshi flood: Air rescue of 336 people, including 45 foreigners from six countries The Annapurna Express",https://news.google.com/rss/articles/CBMiXEFVX3lxTFBUUWNhNDN6NFZZZkRmTmFrRHZoTlNHN0dldUNIZzRVbUhuNXB6SzV3LTVNWlQwbEtzV0JhS3BQWjYtNUJBbkJtV2xnaDVoeVFLczc3djBNSVFNWl92?oc=5,https://web.archive.org/web/*/https://news.google.com/rss/articles/CBMiXEFVX3lxTFBUUWNhNDN6NFZZZkRmTmFrRHZoTlNHN0dldUNIZzRVbUhuNXB6SzV3LTVNWlQwbEtzV0JhS3BQWjYtNUJBbkJtV2xnaDVoeVFLczc3djBNSVFNWl92?oc=5,Metadata and source-provided excerpt retained,Full text is not republished unless reuse permission or an open licence is documented.
0e2fce1d3cc76d74,2026-08-27,2026-09-02T14:22:45Z,myRepublica,Early warning system saved many lives in Bhotekoshi flood: Report - myRepublica,Early warning system saved many lives in Bhotekoshi flood: Report myRepublica,https://news.google.com/rss/articles/CBMiuwFBVV95cUxPVzFya183WE5NZnphLXZlVnlUeVBoLUREdEFlVk5WNWpCT3hOR3BPeHBsbFBRaWdRajdPTVpHYXpsWGRlRnBkdVVVWGY4azYxVkgxUmZZeEZDXzduamlVQm5FbW1xZFRYdm5jZ1BXelZtUF8tNUVfRFgxTFUwYnVBcjhVeXRwbmdZZmd0SHNWbXhoTFgxejluaE9jUnd5TXNnejlrOUlpVGRHY1BRSU11NV9vZ09HZl9BMlVJ?oc=5,https://web.archive.org/web/*/https://news.google.com/rss/articles/CBMiuwFBVV95cUxPVzFya183WE5NZnphLXZlVnlUeVBoLUREdEFlVk5WNWpCT3hOR3BPeHBsbFBRaWdRajdPTVpHYXpsWGRlRnBkdVVVWGY4azYxVkgxUmZZeEZDXzduamlVQm5FbW1xZFRYdm5jZ1BXelZtUF8tNUVfRFgxTFUwYnVBcjhVeXRwbmdZZmd0SHNWbXhoTFgxejluaE9jUnd5TXNnejlrOUlpVGRHY1BRSU11NV9vZ09HZl9BMlVJ?oc=5,Metadata and source-provided excerpt retained,Full text is not republished unless reuse permission or an open licence is documented.
b9b1e520968a938e,2026-08-27,2026-09-02T14:22:45Z,NepalNews,Helicopters deployed since early morning to rescue victims of Bhote Koshi flood - NepalNews,Helicopters deployed since early morning to rescue victims of Bhote Koshi flood NepalNews,https://news.google.com/rss/articles/CBMiuwFBVV95cUxObTIzLVJkMTZyenczc053VTVHaFF4UzlvWDlNWUJQSWZidDdkRG9HWnMxVTJrZlVhZERuX1hEU1JEWDdOV2MtQnUxTU8xa0o1djZkeVBrVzVaNnB6dk5PVEJMN2JaRXprY3V0QWpiRGw5a2dNcnZwMlhyTmtOaVJGdHNkTkV4OG4yVW5OWlA1Szg4MkxUeEd1ZmRRQ1F4bVRQVDA3NEI0dVVWVlMwRG52Q3Vtc0VBTGlmUk53?oc=5,https://web.archive.org/web/*/https://news.google.com/rss/articles/CBMiuwFBVV95cUxObTIzLVJkMTZyenczc053VTVHaFF4UzlvWDlNWUJQSWZidDdkRG9HWnMxVTJrZlVhZERuX1hEU1JEWDdOV2MtQnUxTU8xa0o1djZkeVBrVzVaNnB6dk5PVEJMN2JaRXprY3V0QWpiRGw5a2dNcnZwMlhyTmtOaVJGdHNkTkV4OG4yVW5OWlA1Szg4MkxUeEd1ZmRRQ1F4bVRQVDA3NEI0dVVWVlMwRG52Q3Vtc0VBTGlmUk53?oc=5,Metadata and source-provided excerpt retained,Full text is not republished unless reuse permission or an open licence is documented.
0dd345eb36f76e9e,2026-08-27,2026-09-02T14:22:45Z,Khabarhub,All-party meeting taking place today to discuss Rasuwa flood response - Khabarhub,All-party meeting taking place today to discuss Rasuwa flood response Khabarhub,https://news.google.com/rss/articles/CBMiWEFVX3lxTE1KWXd1T20tcGpaRUM1NjJWVFJMcUlqLVhDbzIwa0dMMjVEc3VoTXMxTTBfZkFQNmJPaVByRUdDdFoya3BUUFJxOTlPN3RCbkMzbnRWeEdWZFo?oc=5,https://web.archive.org/web/*/https://news.google.com/rss/articles/CBMiWEFVX3lxTE1KWXd1T20tcGpaRUM1NjJWVFJMcUlqLVhDbzIwa0dMMjVEc3VoTXMxTTBfZkFQNmJPaVByRUdDdFoya3BUUFJxOTlPN3RCbkMzbnRWeEdWZFo?oc=5,Metadata and source-provided excerpt retained,Full text is not republished unless reuse permission or an open licence is documented.
8f1debbf8b71d4e6,2026-08-26,2026-09-02T14:22:45Z,lokmattimes.com,"Ice avalanche, debris lake may have triggered Bhotekoshi flood in Nepal: Report - lokmattimes.com","Ice avalanche, debris lake may have triggered Bhotekoshi flood in Nepal: Report lokmattimes.com",https://news.google.com/rss/articles/CBMivAFBVV95cUxPaEJXUUVqa3FiZTVRTjRtYnVnYVQtRXJNRUxUYjhJLUYyZ1lsMUdoMVJYT3psT3puaDJyT1hwWkhoQ1g4WUZYYVFWVGRTZlBBSFYwN0R4dFNaOHBzelF5M2g1NG9yM1BTVmZES3FNSFFzRWxxODBIMXdWVmRIVmc4NmdpTFd3TG1TeE82RHYtUHpsN0d2SXBEZjRXR2t0RTlzMnAtcXhfWW5KaUNSa2ZYbjFpUVYyN3VoNHRxRdIBwgFBVV95cUxOTmxpSTlwNzBDZ1VQNjBxOUhacHdRRFNkeWVhX0pXYThBTllpcG02NFUwNld6eDRsa2hJa0ctMHFrQ3ZMVlZROFl1aGx4S0RxM2xJMkxhU2Q1Q3dRaGJpV01JeFJ3WWlpZXJfYmRlblk1ZVpuRXVva18xLWUtT3A1U2tqLXlfcFoxdWROSEl6bTZyemVYT2piZHFDeGpZcTN1TTBPU010MHFQM0JacjlqVDFzbVNtMHdRWGU5U3VLVmFoQQ?oc=5,https://web.archive.org/web/*/https://news.google.com/rss/articles/CBMivAFBVV95cUxPaEJXUUVqa3FiZTVRTjRtYnVnYVQtRXJNRUxUYjhJLUYyZ1lsMUdoMVJYT3psT3puaDJyT1hwWkhoQ1g4WUZYYVFWVGRTZlBBSFYwN0R4dFNaOHBzelF5M2g1NG9yM1BTVmZES3FNSFFzRWxxODBIMXdWVmRIVmc4NmdpTFd3TG1TeE82RHYtUHpsN0d2SXBEZjRXR2t0RTlzMnAtcXhfWW5KaUNSa2ZYbjFpUVYyN3VoNHRxRdIBwgFBVV95cUxOTmxpSTlwNzBDZ1VQNjBxOUhacHdRRFNkeWVhX0pXYThBTllpcG02NFUwNld6eDRsa2hJa0ctMHFrQ3ZMVlZROFl1aGx4S0RxM2xJMkxhU2Q1Q3dRaGJpV01JeFJ3WWlpZXJfYmRlblk1ZVpuRXVva18xLWUtT3A1U2tqLXlfcFoxdWROSEl6bTZyemVYT2piZHFDeGpZcTN1TTBPU010MHFQM0JacjlqVDFzbVNtMHdRWGU5U3VLVmFoQQ?oc=5,Metadata and source-provided excerpt retained,Full text is not republished unless reuse permission or an open licence is documented.
368b5e7643172009,2026-08-26,2026-09-02T14:22:45Z,malaysiasun.com,"Ice avalanche, debris lake may have triggered Bhotekoshi flood in Nepal: Report - malaysiasun.com","Ice avalanche, debris lake may have triggered Bhotekoshi flood in Nepal: Report malaysiasun.com",https://news.google.com/rss/articles/CBMivAFBVV95cUxNYmlKUHFCY21XeDVYd2pzYjhYYWppb2pvaWtNNjRaZU9vbmdfc3gxMWtqOTF0ZUY4UUZhTmlJMXZGeDNUaUctREJlN0N5dGR2LTRuSlJBYzhXMndlWTg0WHRacWNHRG8zSzA1WGwxZTZQMk5lek9jWFRGMmpGb2VDUmJ3bnNQQ2o0QXVOeS1ENTc1dGdKYS1raG00cnI1UENEUmR6NW1CX3pXLVNuVmJBbTItQlpDZmluX0FGQg?oc=5,https://web.archive.org/web/*/https://news.google.com/rss/articles/CBMivAFBVV95cUxNYmlKUHFCY21XeDVYd2pzYjhYYWppb2pvaWtNNjRaZU9vbmdfc3gxMWtqOTF0ZUY4UUZhTmlJMXZGeDNUaUctREJlN0N5dGR2LTRuSlJBYzhXMndlWTg0WHRacWNHRG8zSzA1WGwxZTZQMk5lek9jWFRGMmpGb2VDUmJ3bnNQQ2o0QXVOeS1ENTc1dGdKYS1raG00cnI1UENEUmR6NW1CX3pXLVNuVmJBbTItQlpDZmluX0FGQg?oc=5,Metadata and source-provided excerpt retained,Full text is not republished unless reuse permission or an open licence is documented.
6af1b1f739c5791b,2026-08-26,2026-09-02T14:22:45Z,kathmandupost.com,UPDATE: Rasuwa flood death toll climbs to 72 as dozens remain missing - kathmandupost.com,UPDATE: Rasuwa flood death toll climbs to 72 as dozens remain missing kathmandupost.com,https://news.google.com/rss/articles/CBMitAFBVV95cUxNM0FpenU5ZFpHLU03bDJ3N2t1MHN3dGVaa1V6NXFKdGplYmhXekpaNGNlQTVvaEF2QWlSWUxTWFVuYjRQRzJ6UjNwTzhJSlhHLWJkNXdpYWJ1UGV3Y05EMGRpN3RHaUtyRUlHS1B1cFdzU2Q2WGhSaGFlbnVBNG13ZFBqNjFCSEI3V3lPTHN0V25UVl80Q1VwQi13RHhHMkd1SzhJQjhpUk1CYlFHMU9tYUxyLW0?oc=5,https://web.archive.org/web/*/https://news.google.com/rss/articles/CBMitAFBVV95cUxNM0FpenU5ZFpHLU03bDJ3N2t1MHN3dGVaa1V6NXFKdGplYmhXekpaNGNlQTVvaEF2QWlSWUxTWFVuYjRQRzJ6UjNwTzhJSlhHLWJkNXdpYWJ1UGV3Y05EMGRpN3RHaUtyRUlHS1B1cFdzU2Q2WGhSaGFlbnVBNG13ZFBqNjFCSEI3V3lPTHN0V25UVl80Q1VwQi13RHhHMkd1SzhJQjhpUk1CYlFHMU9tYUxyLW0?oc=5,Metadata and source-provided excerpt retained,Full text is not republished unless reuse permission or an open licence is documented.
caeca886c62dcd16,2026-08-26,2026-09-02T14:22:45Z,kathmandupost.com,UPDATE: Rasuwa flood death toll climbs to 22 as dozens remain missing - kathmandupost.com,UPDATE: Rasuwa flood death toll climbs to 22 as dozens remain missing kathmandupost.com,https://news.google.com/rss/articles/CBMitAFBVV95cUxOb0hYSEg3RTlESG8xY2JjUkZ1WVkycTVwUzFkN2d1VElaUWNHYjdFMkxDN1B3dG9UU1dGallPT1hPRTJBSFZvMjdJX2VORGVjV2xHd0pBTDYyQk9aS19melNzZEtWWkFhQWtoc3QxdUpwWDU1UkpiRXZIUEVSNUhtRGVXWEQtaU1RMzVlSG9raXphN0pjSDdYN1JGNWtjMk9OWm9adk9wSm93SXV6N3lteHdBYy0?oc=5,https://web.archive.org/web/*/https://news.google.com/rss/articles/CBMitAFBVV95cUxOb0hYSEg3RTlESG8xY2JjUkZ1WVkycTVwUzFkN2d1VElaUWNHYjdFMkxDN1B3dG9UU1dGallPT1hPRTJBSFZvMjdJX2VORGVjV2xHd0pBTDYyQk9aS19melNzZEtWWkFhQWtoc3QxdUpwWDU1UkpiRXZIUEVSNUhtRGVXWEQtaU1RMzVlSG9raXphN0pjSDdYN1JGNWtjMk9OWm9adk9wSm93SXV6N3lteHdBYy0?oc=5,Metadata and source-provided excerpt retained,Full text is not republished unless reuse permission or an open licence is documented.
4b0991878e4587d4,2026-08-26,2026-09-02T14:22:45Z,The Himalayan Times,At least 105 Indians among 384 travellers reported missing in Bhote Koshi flood - The Himalayan Times,At least 105 Indians among 384 travellers reported missing in Bhote Koshi flood The Himalayan Times,https://news.google.com/rss/articles/CBMitgFBVV95cUxQZmJZQzBBeFhtU3pHZVl2WGNjb3hRZGdNVXdPZXNtQ1ZRR1kzMkhzZDcwWWs4VEdqNTdTU2pTYzNSZ3FUSGwxLVBMS2wtajI3UVdDMDU0Wndwc21mZVJ5aWVkTndQcEx2Qm82QkhnbDlZaEl6WXdZQVQxVXNXa1BNTFFBNHRyVjl3djRKNDVIZWFVWHkzUklweUdKWmo3bzBCakpsMGpQVE9SdmRNaEdaLTFZMnpRUdIBXEFVX3lxTE40V29UVThKTC14cTFOTnVPbUhrckNxU3FJOVNpaV9HakdJQUJYa2lSTzhpQjV1Q01qcGs0MUpYei1HZUpXRHB5RE92dF9zMnhHRFp4MlVMWEtpZEtB?oc=5,https://web.archive.org/web/*/https://news.google.com/rss/articles/CBMitgFBVV95cUxQZmJZQzBBeFhtU3pHZVl2WGNjb3hRZGdNVXdPZXNtQ1ZRR1kzMkhzZDcwWWs4VEdqNTdTU2pTYzNSZ3FUSGwxLVBMS2wtajI3UVdDMDU0Wndwc21mZVJ5aWVkTndQcEx2Qm82QkhnbDlZaEl6WXdZQVQxVXNXa1BNTFFBNHRyVjl3djRKNDVIZWFVWHkzUklweUdKWmo3bzBCakpsMGpQVE9SdmRNaEdaLTFZMnpRUdIBXEFVX3lxTE40V29UVThKTC14cTFOTnVPbUhrckNxU3FJOVNpaV9HakdJQUJYa2lSTzhpQjV1Q01qcGs0MUpYei1HZUpXRHB5RE92dF9zMnhHRFp4MlVMWEtpZEtB?oc=5,Metadata and source-provided excerpt retained,Full text is not republished unless reuse permission or an open licence is documented.
18743ea168b8bdf1,2026-08-26,2026-09-02T14:22:45Z,Stimson Center,"A Cascading Disaster on the China–Nepal Border: What to Know About the August 2026 Rasuwa Flood, 72 Hours Later - Stimson Center","A Cascading Disaster on the China–Nepal Border: What to Know About the August 2026 Rasuwa Flood, 72 Hours Later Stimson Center",https://news.google.com/rss/articles/CBMiwgFBVV95cUxQS2hEOVJzWDRUV2hEaEdsS3YwSFRaQjFLeHdYdXRzaVFxT3ZNaXc5LUpHRkE1Z2wxNEhpcUtLYXE3cTJMX001czZzRG5vTFk3aHNWT19TTHhjQUtjZ3VkQzFRZjVDeG1vZE5LRHNiQnB2UFhLM0hvaWdWT0FOZmktZFpqdGlFUzNLMVB6UUV6Y05iZXV1d1NIa2NiRDdvbGdKc2lNSjNxaEdDMlpsYUsxaTl4Qkw3YzB4M29VVmF0QWFRZw?oc=5,https://web.archive.org/web/*/https://news.google.com/rss/articles/CBMiwgFBVV95cUxQS2hEOVJzWDRUV2hEaEdsS3YwSFRaQjFLeHdYdXRzaVFxT3ZNaXc5LUpHRkE1Z2wxNEhpcUtLYXE3cTJMX001czZzRG5vTFk3aHNWT19TTHhjQUtjZ3VkQzFRZjVDeG1vZE5LRHNiQnB2UFhLM0hvaWdWT0FOZmktZFpqdGlFUzNLMVB6UUV6Y05iZXV1d1NIa2NiRDdvbGdKc2lNSjNxaEdDMlpsYUsxaTl4Qkw3YzB4M29VVmF0QWFRZw?oc=5,Metadata and source-provided excerpt retained,Full text is not republished unless reuse permission or an open licence is documented.
37aa82aa13f3ffd5,2026-08-26,2026-09-02T14:22:45Z,kathmandupost.com,Prime Minister Shah orders rescue and relief push after deadly Rasuwa flood - kathmandupost.com,Prime Minister Shah orders rescue and relief push after deadly Rasuwa flood kathmandupost.com,https://news.google.com/rss/articles/CBMivgFBVV95cUxNZkJhVmxzcE95bUJTb0lzOFJuRDVhdkdPYU5yc0h2eVhJM21iMG14RGNrSmFTVmJ3cmNRakVEQ003RExFQUkwVnBhZ3hzQ3F4WndjNGNmaDltZTFqZmFCY09GcXpSOEtWYl9qXy02LUJzVTNMVmkybEpGWlYtVnhWZHJJaThjOUJtclpZS0JxU3NnaXlnb0ZMM2VVampHbHZhdlR1RU5WWGJyRmlnb3BuazVCR1l3b1dOQTR2ZG5R?oc=5,https://web.archive.org/web/*/https://news.google.com/rss/articles/CBMivgFBVV95cUxNZkJhVmxzcE95bUJTb0lzOFJuRDVhdkdPYU5yc0h2eVhJM21iMG14RGNrSmFTVmJ3cmNRakVEQ003RExFQUkwVnBhZ3hzQ3F4WndjNGNmaDltZTFqZmFCY09GcXpSOEtWYl9qXy02LUJzVTNMVmkybEpGWlYtVnhWZHJJaThjOUJtclpZS0JxU3NnaXlnb0ZMM2VVampHbHZhdlR1RU5WWGJyRmlnb3BuazVCR1l3b1dOQTR2ZG5R?oc=5,Metadata and source-provided excerpt retained,Full text is not republished unless reuse permission or an open licence is documented.
331e90de45ae1b06,2026-08-26,2026-09-02T14:22:45Z,Ekantipur,Bhotekoshi Flood: 95 People Dead So Far - Ekantipur,Bhotekoshi Flood: 95 People Dead So Far Ekantipur,https://news.google.com/rss/articles/CBMilAFBVV95cUxOeFlYR0cyOFNkWXV5bXFLa2tkbC1FeGYxNkE4N2NlcDdOdkRNTW5kczk1dTdranA0WHpyV1lublZUQjVlVDVSV19qaklhdGdCeVhhUnZYS19NTVhuOW53REZiNTMzU2dsLW5hNnNoSFJfY3FHZTZHQWtRT0YtN2EwSEtHY3M3bTdKYmtaNnY5a1U2VUpt?oc=5,https://web.archive.org/web/*/https://news.google.com/rss/articles/CBMilAFBVV95cUxOeFlYR0cyOFNkWXV5bXFLa2tkbC1FeGYxNkE4N2NlcDdOdkRNTW5kczk1dTdranA0WHpyV1lublZUQjVlVDVSV19qaklhdGdCeVhhUnZYS19NTVhuOW53REZiNTMzU2dsLW5hNnNoSFJfY3FHZTZHQWtRT0YtN2EwSEtHY3M3bTdKYmtaNnY5a1U2VUpt?oc=5,Metadata and source-provided excerpt retained,Full text is not republished unless reuse permission or an open licence is documented.
cf7471bdee3d185a,2026-08-26,2026-09-02T14:22:45Z,Ekantipur,Bhotekoshi Flood: Prime Minister Balendra Shah urges support for the government-led relief and rescue campaign - Ekantipur,Bhotekoshi Flood: Prime Minister Balendra Shah urges support for the government-led relief and rescue campaign Ekantipur,https://news.google.com/rss/articles/CBMicEFVX3lxTE1zOW9yNTl3aGswOTljQk9sMTF6UGdUeWgyVzFZbmtiZ3NaTE1SUml5NTJCV0MwdFRWQnh5SFlnMUFSa0RsbHZKMGxPQmZ1Q2FfOHg0T0xFbTZCX081X2t4a0tZREk3bm82aTRhX2ZPWXY?oc=5,https://web.archive.org/web/*/https://news.google.com/rss/articles/CBMicEFVX3lxTE1zOW9yNTl3aGswOTljQk9sMTF6UGdUeWgyVzFZbmtiZ3NaTE1SUml5NTJCV0MwdFRWQnh5SFlnMUFSa0RsbHZKMGxPQmZ1Q2FfOHg0T0xFbTZCX081X2t4a0tZREk3bm82aTRhX2ZPWXY?oc=5,Metadata and source-provided excerpt retained,Full text is not republished unless reuse permission or an open licence is documented.
9160337bb9adfe1c,2026-08-26,2026-09-02T14:22:45Z,The Kathmandu Post,"Ice avalanche, debris lake may have triggered Bhotekoshi flood - The Kathmandu Post","Ice avalanche, debris lake may have triggered Bhotekoshi flood The Kathmandu Post",https://news.google.com/rss/articles/CBMiqwFBVV95cUxNQTUzeFNEcDVoYk8wcDJ1Q3REREhhM3VuUi14MktPSV9xYXZJUC1XalhTT01QdlJLU3R1d3YtNzB4OWRDNm9nM0E4dFFHOXFqaWhlZ1B6Q2dHZ0Q3djdyODdMZzdIQWFFQURkZlVuSjhnaHV0NHhOR201MXVQNnpnU0hTanFnaDMzMjBXSmdDYW96WlZDQ09mUmlybTFwaG1pbXBiV1Q4QXZIeTA?oc=5,https://web.archive.org/web/*/https://news.google.com/rss/articles/CBMiqwFBVV95cUxNQTUzeFNEcDVoYk8wcDJ1Q3REREhhM3VuUi14MktPSV9xYXZJUC1XalhTT01QdlJLU3R1d3YtNzB4OWRDNm9nM0E4dFFHOXFqaWhlZ1B6Q2dHZ0Q3djdyODdMZzdIQWFFQURkZlVuSjhnaHV0NHhOR201MXVQNnpnU0hTanFnaDMzMjBXSmdDYW96WlZDQ09mUmlybTFwaG1pbXBiV1Q4QXZIeTA?oc=5,Metadata and source-provided excerpt retained,Full text is not republished unless reuse permission or an open licence is documented.
8d0f09290bf4567c,2026-08-26,2026-09-02T14:22:45Z,Ekantipur,"Bhotekoshi Flood: 88 People Rescued, 13 at Teaching Hospital - Ekantipur","Bhotekoshi Flood: 88 People Rescued, 13 at Teaching Hospital Ekantipur",https://news.google.com/rss/articles/CBMickFVX3lxTE5GeWM0SWlTLUU2b1ZyOGE0UDhZRVpYcUQtbm9PbWxlbUxXUmMweHh1eHVOWWZ4cDNiRnFMbGM1Sl85WHdHU3RUNE5sZjFLSVMzQ2pONlNFaUU3NElrZGstWVVQMU55ejhneXl0VmNxbE5vdw?oc=5,https://web.archive.org/web/*/https://news.google.com/rss/articles/CBMickFVX3lxTE5GeWM0SWlTLUU2b1ZyOGE0UDhZRVpYcUQtbm9PbWxlbUxXUmMweHh1eHVOWWZ4cDNiRnFMbGM1Sl85WHdHU3RUNE5sZjFLSVMzQ2pONlNFaUU3NElrZGstWVVQMU55ejhneXl0VmNxbE5vdw?oc=5,Metadata and source-provided excerpt retained,Full text is not republished unless reuse permission or an open licence is documented.
a66663d42c3628bf,2026-08-26,2026-09-02T14:22:45Z,Ekantipur,"Bhotekoshi Flood: Bodies of 16 People Found, 32 Security Personnel Missing - Ekantipur","Bhotekoshi Flood: Bodies of 16 People Found, 32 Security Personnel Missing Ekantipur",https://news.google.com/rss/articles/CBMitAFBVV95cUxOQzl6SVJJdnd4U0Y2YU1IQUltOGo3bjkxOHNVeWNfUU5uRlFZUUlkMXQ0MUktYmNTa3lDNTB3VWt0Z0lwZERLU3d4TGl6ZzkzbklPdktvOVlTbXhwcEN4WG5vTEhncHNqajlqVzhNNzhFaXkyNHdzNmpDcnNuQjZMdG9Xc1JJbTdRUmRCZk5LVXVNT0NMWnZDSnoxa2RFVmNEd0RWV1NVTWw1cURERElnbmJFeWU?oc=5,https://web.archive.org/web/*/https://news.google.com/rss/articles/CBMitAFBVV95cUxOQzl6SVJJdnd4U0Y2YU1IQUltOGo3bjkxOHNVeWNfUU5uRlFZUUlkMXQ0MUktYmNTa3lDNTB3VWt0Z0lwZERLU3d4TGl6ZzkzbklPdktvOVlTbXhwcEN4WG5vTEhncHNqajlqVzhNNzhFaXkyNHdzNmpDcnNuQjZMdG9Xc1JJbTdRUmRCZk5LVXVNT0NMWnZDSnoxa2RFVmNEd0RWV1NVTWw1cURERElnbmJFeWU?oc=5,Metadata and source-provided excerpt retained,Full text is not republished unless reuse permission or an open licence is documented.
28f6fca3a010ed08,2026-08-26,2026-09-02T14:22:45Z,Khabarhub,Landslide across China border linked to devastating Bhote Koshi flood - Khabarhub,Landslide across China border linked to devastating Bhote Koshi flood Khabarhub,https://news.google.com/rss/articles/CBMiWEFVX3lxTE0xOTEwT0Mzal9pRGttUWNNaXJmUUlYNTVBSXh6QmZ2YVVRQ0NPcnNJTEtXdFgyU2ZPTndPai01UGtkSmJETmVJRGRMZEpYR1dJUGJxc1gtOGE?oc=5,https://web.archive.org/web/*/https://news.google.com/rss/articles/CBMiWEFVX3lxTE0xOTEwT0Mzal9pRGttUWNNaXJmUUlYNTVBSXh6QmZ2YVVRQ0NPcnNJTEtXdFgyU2ZPTndPai01UGtkSmJETmVJRGRMZEpYR1dJUGJxc1gtOGE?oc=5,Metadata and source-provided excerpt retained,Full text is not republished unless reuse permission or an open licence is documented.
28762909049f8568,2026-08-26,2026-09-02T14:22:45Z,The Kathmandu Post,What we know about the Bhotekoshi flood so far - The Kathmandu Post,What we know about the Bhotekoshi flood so far The Kathmandu Post,https://news.google.com/rss/articles/CBMilwFBVV95cUxPOTlnUUNMdVFFMHVGS0gyTnZreWIyN1pPeTR4UlJoNFM5ZVNJRTQ0MU1JbkhjaXdfQlpDUnV5MkJudkJLbF9qcUx2OThWSWVINlVmeENFclZnS0NKOVZHZ09JTG9CT1g5Wk9GaW9ZRUNlRjZKMkh3TTc3b2JxS190QTQza01LajFFZUVXaUs3bFJ2Z1BmQ19J?oc=5,https://web.archive.org/web/*/https://news.google.com/rss/articles/CBMilwFBVV95cUxPOTlnUUNMdVFFMHVGS0gyTnZreWIyN1pPeTR4UlJoNFM5ZVNJRTQ0MU1JbkhjaXdfQlpDUnV5MkJudkJLbF9qcUx2OThWSWVINlVmeENFclZnS0NKOVZHZ09JTG9CT1g5Wk9GaW9ZRUNlRjZKMkh3TTc3b2JxS190QTQza01LajFFZUVXaUs3bFJ2Z1BmQ19J?oc=5,Metadata and source-provided excerpt retained,Full text is not republished unless reuse permission or an open licence is documented.
9f9165e947a94b4d,2026-08-26,2026-09-02T14:22:45Z,The Kathmandu Post,In Photos: Bhotekoshi flood leaves a trail of destruction - The Kathmandu Post,In Photos: Bhotekoshi flood leaves a trail of destruction The Kathmandu Post,https://news.google.com/rss/articles/CBMirAFBVV95cUxOYVlSSmJ5eUlBWWJXaFNjVlBVd043LVlaZzlFdExoc20ySEN3SFI1THYwZC1NVFlKWm1BM1ZEczVkS25iYjNxYktRZlVyTlNMMUNpY3ZON0ExbXFKZmNtOExYdF9CdlY1MmxWWXFqZXAxZzVpVFYwdWE1UV90aGhwVW1NRlR6WnlJMjBsZDdVeS0ySm5nODVKR3ZlTnI5X1BXUEYyUnVseHhTWVYy?oc=5,https://web.archive.org/web/*/https://news.google.com/rss/articles/CBMirAFBVV95cUxOYVlSSmJ5eUlBWWJXaFNjVlBVd043LVlaZzlFdExoc20ySEN3SFI1THYwZC1NVFlKWm1BM1ZEczVkS25iYjNxYktRZlVyTlNMMUNpY3ZON0ExbXFKZmNtOExYdF9CdlY1MmxWWXFqZXAxZzVpVFYwdWE1UV90aGhwVW1NRlR6WnlJMjBsZDdVeS0ySm5nODVKR3ZlTnI5X1BXUEYyUnVseHhTWVYy?oc=5,Metadata and source-provided excerpt retained,Full text is not republished unless reuse permission or an open licence is documented.
6546bb4215053965,2026-08-26,2026-09-02T14:22:45Z,The Himalayan Times,"Bhotekoshi flood: Three dead, 17 rescued; 14 customs staff missing - The Himalayan Times","Bhotekoshi flood: Three dead, 17 rescued; 14 customs staff missing The Himalayan Times",https://news.google.com/rss/articles/CBMioAFBVV95cUxPU2FPUzluYUMzSEY5cDlvaWtxSk1QUldJNFNoU0trd2R2TDd0VHdka3JlU0Vjb1hsTWRTdHFGbGtZOEJ1elREOWxXbmJmOEM3UF9pWWlXWVBwZDdfMVg1NFRiQlk5VUhwR1B1UXJHLWhMdHJpdU00Umkyc3RnU3ZMY203YlFpWk55bF8yc3k4U1c5elJkdjE4R0FBS2N6d0Yt?oc=5,https://web.archive.org/web/*/https://news.google.com/rss/articles/CBMioAFBVV95cUxPU2FPUzluYUMzSEY5cDlvaWtxSk1QUldJNFNoU0trd2R2TDd0VHdka3JlU0Vjb1hsTWRTdHFGbGtZOEJ1elREOWxXbmJmOEM3UF9pWWlXWVBwZDdfMVg1NFRiQlk5VUhwR1B1UXJHLWhMdHJpdU00Umkyc3RnU3ZMY203YlFpWk55bF8yc3k4U1c5elJkdjE4R0FBS2N6d0Yt?oc=5,Metadata and source-provided excerpt retained,Full text is not republished unless reuse permission or an open licence is documented.
1588c2d0785af17c,2026-08-26,2026-09-02T14:22:45Z,The Tourism Times,"Avalanche blocks Lhende River in Tibet, causing Bhote Koshi flood, say initial reports - The Tourism Times","Avalanche blocks Lhende River in Tibet, causing Bhote Koshi flood, say initial reports The Tourism Times",https://news.google.com/rss/articles/CBMixwFBVV95cUxNT1lPMWxiR2RaWUhVVks1TEpzeDE3dDUzeXNDMVRCcmd2bmpVd2E1aGFkaWNjQ2lOUkVvT2steU5laGtRZGE2ZC04TXVQdXZzQlpuYldoUlpPWDlpeWJJcVJzZzRTNDlEZmlLNmx1bVI2XzFGUWVnOW5FcEh1RnhyVkxzRVhCN2lIZjc0OVpuc3RqRjNlNnhtQi1tOXV1c0M5NWNnd1hvTXY3Ri1YRnpCT29LZWJTZGdMSEF6c19zTGxGeFZOQU5N?oc=5,https://web.archive.org/web/*/https://news.google.com/rss/articles/CBMixwFBVV95cUxNT1lPMWxiR2RaWUhVVks1TEpzeDE3dDUzeXNDMVRCcmd2bmpVd2E1aGFkaWNjQ2lOUkVvT2steU5laGtRZGE2ZC04TXVQdXZzQlpuYldoUlpPWDlpeWJJcVJzZzRTNDlEZmlLNmx1bVI2XzFGUWVnOW5FcEh1RnhyVkxzRVhCN2lIZjc0OVpuc3RqRjNlNnhtQi1tOXV1c0M5NWNnd1hvTXY3Ri1YRnpCT29LZWJTZGdMSEF6c19zTGxGeFZOQU5N?oc=5,Metadata and source-provided excerpt retained,Full text is not republished unless reuse permission or an open licence is documented.
2aa7dbd2d902a8d2,2026-08-26,2026-09-02T14:22:45Z,The Kathmandu Post,Scientists suspect ice avalanche triggered Bhotekoshi flood - The Kathmandu Post,Scientists suspect ice avalanche triggered Bhotekoshi flood The Kathmandu Post,https://news.google.com/rss/articles/CBMiqAFBVV95cUxONXRqclNtY1ZodkZDTVNjRkxHTWJZNllvRWtiV0o1clFIVUtaYlNmbGJVSnBlWlpGV2FpOHZYQTRSSUVhNmhrLVRadlRFbDBEZVg5YkFiN1RSVjkxcXQ3WVRNZlRnWWFlTjF5ZGZJTW9PSm40dzZ1VjFmLVBuOWFzR016eDZrQlE1NUo3OUoyY3lYd2p1UGNIeEFBSXNhcUhHV3hhZDN3d0w?oc=5,https://web.archive.org/web/*/https://news.google.com/rss/articles/CBMiqAFBVV95cUxONXRqclNtY1ZodkZDTVNjRkxHTWJZNllvRWtiV0o1clFIVUtaYlNmbGJVSnBlWlpGV2FpOHZYQTRSSUVhNmhrLVRadlRFbDBEZVg5YkFiN1RSVjkxcXQ3WVRNZlRnWWFlTjF5ZGZJTW9PSm40dzZ1VjFmLVBuOWFzR016eDZrQlE1NUo3OUoyY3lYd2p1UGNIeEFBSXNhcUhHV3hhZDN3d0w?oc=5,Metadata and source-provided excerpt retained,Full text is not republished unless reuse permission or an open licence is documented.
624ca3fc73ce4115,2026-08-26,2026-09-02T14:22:45Z,myRepublica,Avalanche-blocked river in Tibet likely triggered deadly Rasuwa flood: NDRRMA - myRepublica,Avalanche-blocked river in Tibet likely triggered deadly Rasuwa flood: NDRRMA myRepublica,https://news.google.com/rss/articles/CBMiuAFBVV95cUxQMS1xek9xd1VZcjRRYkNmU2RUOUh4Zk5oWVZHVDc4Q3RLemx5M2k0blJQOVQ2d2tzUE9CeHFXN2hIWWh6amJ5Tl9UV1d1MmJRNnJ3bDBTZGtuaThxODJaS0FBdmR2UHhadEozSU5sQy1DdTVheHVRWTJkTXVDRXg3UVR5cTdkaURNLURldEw4SXdSQ0NpUm9XYk5aRFJPd0Etd00tZzl3UVZ5V1h6enlNX3A3cVlDeU9P?oc=5,https://web.archive.org/web/*/https://news.google.com/rss/articles/CBMiuAFBVV95cUxQMS1xek9xd1VZcjRRYkNmU2RUOUh4Zk5oWVZHVDc4Q3RLemx5M2k0blJQOVQ2d2tzUE9CeHFXN2hIWWh6amJ5Tl9UV1d1MmJRNnJ3bDBTZGtuaThxODJaS0FBdmR2UHhadEozSU5sQy1DdTVheHVRWTJkTXVDRXg3UVR5cTdkaURNLURldEw4SXdSQ0NpUm9XYk5aRFJPd0Etd00tZzl3UVZ5V1h6enlNX3A3cVlDeU9P?oc=5,Metadata and source-provided excerpt retained,Full text is not republished unless reuse permission or an open licence is documented.
31c50d3249c3440d,2026-08-26,2026-09-02T14:22:45Z,NepalNews,"95 dead, hundreds missing: What we know so far about Bhote Koshi flood - NepalNews","95 dead, hundreds missing: What we know so far about Bhote Koshi flood NepalNews",https://news.google.com/rss/articles/CBMisgFBVV95cUxQY3ZsQWxub2tqVFFGdm5iRUxmTjlzUUU4S3BpV1U1RGVzS1lUQ3FaanNJZUcxZmdCWVk4MXlnbFJ5X0QwSG1wUjFZdHBBNG5xeWlybVZaMnczZnQ4dkZhYmZ2VlpONE5RczVLb3NwdjhKb1VacGdET1g3aDZKQmFiQ1pIaWRvMmh4QTBJZE1PWG5WbGxfcC1TcVZlazRhbDVsRXdBbUF5V19Hck44T1p4Vmpn?oc=5,https://web.archive.org/web/*/https://news.google.com/rss/articles/CBMisgFBVV95cUxQY3ZsQWxub2tqVFFGdm5iRUxmTjlzUUU4S3BpV1U1RGVzS1lUQ3FaanNJZUcxZmdCWVk4MXlnbFJ5X0QwSG1wUjFZdHBBNG5xeWlybVZaMnczZnQ4dkZhYmZ2VlpONE5RczVLb3NwdjhKb1VacGdET1g3aDZKQmFiQ1pIaWRvMmh4QTBJZE1PWG5WbGxfcC1TcVZlazRhbDVsRXdBbUF5V19Hck44T1p4Vmpn?oc=5,Metadata and source-provided excerpt retained,Full text is not republished unless reuse permission or an open licence is documented.
a66f8ea27d54380a,2026-08-26,2026-09-02T14:22:45Z,ReliefWeb,NPL: Flood - 08-2026 - Rasuwa Flood (2026-08-26) - ReliefWeb,NPL: Flood - 08-2026 - Rasuwa Flood (2026-08-26) ReliefWeb,https://news.google.com/rss/articles/CBMiggFBVV95cUxPZ2x0OWtlcWl5UUx3ZEI4VTk3RnpWRnBDaXpJRXVNYWdkUi1nUDNTSTRlRGdBX3dHRHJGb3FOdHNqbzR3bWM4Y245eTZxZkw4RG01Z3BYeUZYd2Q3X0VIcmhSNlRyam94djVLZVdsb2t5NkdDMjRPLW9kRjlDVGNVLUFn?oc=5,https://web.archive.org/web/*/https://news.google.com/rss/articles/CBMiggFBVV95cUxPZ2x0OWtlcWl5UUx3ZEI4VTk3RnpWRnBDaXpJRXVNYWdkUi1nUDNTSTRlRGdBX3dHRHJGb3FOdHNqbzR3bWM4Y245eTZxZkw4RG01Z3BYeUZYd2Q3X0VIcmhSNlRyam94djVLZVdsb2t5NkdDMjRPLW9kRjlDVGNVLUFn?oc=5,Metadata and source-provided excerpt retained,Full text is not republished unless reuse permission or an open licence is documented.
1f998c1f15e61dfb,2026-08-26,2026-09-02T14:22:45Z,The Himalayan Times,"Rasuwa flood: Security forces, helicopters mobilised for rescue - The Himalayan Times","Rasuwa flood: Security forces, helicopters mobilised for rescue The Himalayan Times",https://news.google.com/rss/articles/CBMingFBVV95cUxOUTRmbHBBV1l4UUE2OHRzb1UyWlFQcHoyaDJyaDV6NHFlMU1YQ2V4anBaaUZCMXIyeXRUSlR5a01pQWpHSEJOakU1YTNqLVJkMFBTNjVETzhYRXVKejZ5Y1Q3TUtuRFJ3X1NuQ1lsYWFLU3VLOThpQXAxcDh0U1Rna0M1UzAxaldVUjBWLU54NlpUbTR0czh4QnRvUndJZ9IBXEFVX3lxTE1QRnA0aVJ1WWNsS0M4WVRPbENDcmVqQmJONmc3V2k1OWlLUUJ5RDZ3RVJXMzA4aW9FcVJId0ZuNXFLaTk4eHBtMjdSdE5uRkdnTEk5OHBqZU1ySlh2?oc=5,https://web.archive.org/web/*/https://news.google.com/rss/articles/CBMingFBVV95cUxOUTRmbHBBV1l4UUE2OHRzb1UyWlFQcHoyaDJyaDV6NHFlMU1YQ2V4anBaaUZCMXIyeXRUSlR5a01pQWpHSEJOakU1YTNqLVJkMFBTNjVETzhYRXVKejZ5Y1Q3TUtuRFJ3X1NuQ1lsYWFLU3VLOThpQXAxcDh0U1Rna0M1UzAxaldVUjBWLU54NlpUbTR0czh4QnRvUndJZ9IBXEFVX3lxTE1QRnA0aVJ1WWNsS0M4WVRPbENDcmVqQmJONmc3V2k1OWlLUUJ5RDZ3RVJXMzA4aW9FcVJId0ZuNXFLaTk4eHBtMjdSdE5uRkdnTEk5OHBqZU1ySlh2?oc=5,Metadata and source-provided excerpt retained,Full text is not republished unless reuse permission or an open licence is documented.
0f437c8946d00bd6,2026-08-26,2026-09-02T14:22:45Z,myRepublica,384 tourists including 291 foreigners missing after Rasuwa flood - myRepublica,384 tourists including 291 foreigners missing after Rasuwa flood myRepublica,https://news.google.com/rss/articles/CBMiuwFBVV95cUxPUUNLWlpuR294ZHJ5TjNPTE5IWmJpNEh6bjRqekZyRXQ0dkMxalNrU08wSmhJZFZ6NmFnNWRPZXhRU2RHWjhkbEZlSTJkT1dkLWc0bDRTUTZVTmFOWVRrclVVeW9XQkp6c1JuSzVQTU1pYjhGc0htVDFTQUtvLTkwZEdzbmppMXpXbVhWTkU4ckJZNUtpV1VhRG5nZUp1QlZrUWZ3empoaEpKcjJtQmNLMDM1OVlxbkRiQXJz?oc=5,https://web.archive.org/web/*/https://news.google.com/rss/articles/CBMiuwFBVV95cUxPUUNLWlpuR294ZHJ5TjNPTE5IWmJpNEh6bjRqekZyRXQ0dkMxalNrU08wSmhJZFZ6NmFnNWRPZXhRU2RHWjhkbEZlSTJkT1dkLWc0bDRTUTZVTmFOWVRrclVVeW9XQkp6c1JuSzVQTU1pYjhGc0htVDFTQUtvLTkwZEdzbmppMXpXbVhWTkU4ckJZNUtpV1VhRG5nZUp1QlZrUWZ3empoaEpKcjJtQmNLMDM1OVlxbkRiQXJz?oc=5,Metadata and source-provided excerpt retained,Full text is not republished unless reuse permission or an open licence is documented.
e2dcc1aec83adee5,2026-08-26,2026-09-02T14:22:45Z,The Himalayan Times,"Bhotekoshi flood: Three dead, 17 rescued; 14 customs staff missing - The Himalayan Times","Bhotekoshi flood: Three dead, 17 rescued; 14 customs staff missing The Himalayan Times",https://news.google.com/rss/articles/CBMioAFBVV95cUxPU2FPUzluYUMzSEY5cDlvaWtxSk1QUldJNFNoU0trd2R2TDd0VHdka3JlU0Vjb1hsTWRTdHFGbGtZOEJ1elREOWxXbmJmOEM3UF9pWWlXWVBwZDdfMVg1NFRiQlk5VUhwR1B1UXJHLWhMdHJpdU00Umkyc3RnU3ZMY203YlFpWk55bF8yc3k4U1c5elJkdjE4R0FBS2N6d0Yt0gFcQVVfeXFMTVA5ZktoNjdFUDBLSVpEYzM5a25xMkRxcFoxbGtJWk1INzBKa09XRFJnVGhYQ19ab1JqenpjUFVCOVBhaEF4Y0FoTjFKUDVSSWlkTm5TQUxvQ094TWM?oc=5,https://web.archive.org/web/*/https://news.google.com/rss/articles/CBMioAFBVV95cUxPU2FPUzluYUMzSEY5cDlvaWtxSk1QUldJNFNoU0trd2R2TDd0VHdka3JlU0Vjb1hsTWRTdHFGbGtZOEJ1elREOWxXbmJmOEM3UF9pWWlXWVBwZDdfMVg1NFRiQlk5VUhwR1B1UXJHLWhMdHJpdU00Umkyc3RnU3ZMY203YlFpWk55bF8yc3k4U1c5elJkdjE4R0FBS2N6d0Yt0gFcQVVfeXFMTVA5ZktoNjdFUDBLSVpEYzM5a25xMkRxcFoxbGtJWk1INzBKa09XRFJnVGhYQ19ab1JqenpjUFVCOVBhaEF4Y0FoTjFKUDVSSWlkTm5TQUxvQ094TWM?oc=5,Metadata and source-provided excerpt retained,Full text is not republished unless reuse permission or an open licence is documented.
ead25fdfbfd80634,2026-08-26,2026-09-02T14:22:45Z,The Kathmandu Post,Drones deployed to search for survivors and assess Rasuwa flood damage - The Kathmandu Post,Drones deployed to search for survivors and assess Rasuwa flood damage The Kathmandu Post,https://news.google.com/rss/articles/CBMixAFBVV95cUxOT0VvTVowWmgxTlc2c1lfUkdRRV9BQ0o5QXViR25abkt2cVJSWU56T3hkWDZ5RFNleEpGV2ZRUjc3cTVzVmRWREx1OWN6U1BkdXpYd3lLSnVQYnNpY21SMDRLejQ2VlhOUW51N19zNFFkUjRrTHRvSkVZTmpydXZaajFvTm5pdUctX3plakloRHVKYmw4eEdFVHJNWTlnbmxZRXV2dlBMdHQxWXAwMVRnRTN3a2ZuYU80Q1hVdDU1cldMNzVz?oc=5,https://web.archive.org/web/*/https://news.google.com/rss/articles/CBMixAFBVV95cUxOT0VvTVowWmgxTlc2c1lfUkdRRV9BQ0o5QXViR25abkt2cVJSWU56T3hkWDZ5RFNleEpGV2ZRUjc3cTVzVmRWREx1OWN6U1BkdXpYd3lLSnVQYnNpY21SMDRLejQ2VlhOUW51N19zNFFkUjRrTHRvSkVZTmpydXZaajFvTm5pdUctX3plakloRHVKYmw4eEdFVHJNWTlnbmxZRXV2dlBMdHQxWXAwMVRnRTN3a2ZuYU80Q1hVdDU1cldMNzVz?oc=5,Metadata and source-provided excerpt retained,Full text is not republished unless reuse permission or an open licence is documented.
0a70d951fb5319a3,2026-08-26,2026-09-02T14:22:45Z,The Himalayan Times,95 bodies recovered as hundreds remain missing after Bhotekoshi flood - The Himalayan Times,95 bodies recovered as hundreds remain missing after Bhotekoshi flood The Himalayan Times,https://news.google.com/rss/articles/CBMiqAFBVV95cUxQRHUtVzJObnpJX05ZaXVmTlExOWNISkRDZ2ZMUEFrdkxSUXh6NEVEYWQtMVc3VEFvTXN0SkxZZVdBRnhzTjlLSGRGMnVyZTlrdUszN0tIOGZ1VXlxRzREUGYzaUhnRG0wVC0wUy1QVXN2RWUyT2EwZ3dZbU95WUNLcThrR3lrQVoyNDlfQ2w1ZzJBX2dQaERfQWI5Z055eS03alI1aUlVR3PSAVxBVV95cUxNdGtsRTZIYThvcGRGcXJKSkJQTG9NdzdlVVlpc1d3aU1SbHpCa3ZpeVE4NUc4QjBtcmVXdDFId1l4RUJMX05Pb0FGVEE3SGJGVHdVZW9RUTBtVDktdA?oc=5,https://web.archive.org/web/*/https://news.google.com/rss/articles/CBMiqAFBVV95cUxQRHUtVzJObnpJX05ZaXVmTlExOWNISkRDZ2ZMUEFrdkxSUXh6NEVEYWQtMVc3VEFvTXN0SkxZZVdBRnhzTjlLSGRGMnVyZTlrdUszN0tIOGZ1VXlxRzREUGYzaUhnRG0wVC0wUy1QVXN2RWUyT2EwZ3dZbU95WUNLcThrR3lrQVoyNDlfQ2w1ZzJBX2dQaERfQWI5Z055eS03alI1aUlVR3PSAVxBVV95cUxNdGtsRTZIYThvcGRGcXJKSkJQTG9NdzdlVVlpc1d3aU1SbHpCa3ZpeVE4NUc4QjBtcmVXdDFId1l4RUJMX05Pb0FGVEE3SGJGVHdVZW9RUTBtVDktdA?oc=5,Metadata and source-provided excerpt retained,Full text is not republished unless reuse permission or an open licence is documented.
65b8d6b095ce45c9,2026-08-26,2026-09-02T14:22:45Z,Ekantipur,484 Tourists and Pilgrims Missing After Bhote Koshi Flood: Officials - Ekantipur,484 Tourists and Pilgrims Missing After Bhote Koshi Flood: Officials Ekantipur,https://news.google.com/rss/articles/CBMitgFBVV95cUxPeWhMZEhUQnY3OGU3Mm5PWnlJWmVnX00zdDlPbjJvbW1MWEltR0dEY2xNMkdsYUV0TlA5X2NoazFSS0lESG0wakw2T3I1WDFac2M2bUo5OHRsZWc0S3gzY08xU2JRTFZaNVQwMGdkMzZmSjFOd19nVlZhdjVvM2dNYUp1SS1sMGhSby1QZ3V1MXppV2t4WlRWZ1ZNY0JsQm9xcFp5YXpuT2I3cTlBUkFhbmJWT2pJdw?oc=5,https://web.archive.org/web/*/https://news.google.com/rss/articles/CBMitgFBVV95cUxPeWhMZEhUQnY3OGU3Mm5PWnlJWmVnX00zdDlPbjJvbW1MWEltR0dEY2xNMkdsYUV0TlA5X2NoazFSS0lESG0wakw2T3I1WDFac2M2bUo5OHRsZWc0S3gzY08xU2JRTFZaNVQwMGdkMzZmSjFOd19nVlZhdjVvM2dNYUp1SS1sMGhSby1QZ3V1MXppV2t4WlRWZ1ZNY0JsQm9xcFp5YXpuT2I3cTlBUkFhbmJWT2pJdw?oc=5,Metadata and source-provided excerpt retained,Full text is not republished unless reuse permission or an open licence is documented.
2ccbcea81f067064,2026-08-26,2026-09-02T14:22:45Z,OnlineKhabar English News,Rasuwa flood: Death toll reaches 95 as hundreds remain missing - OnlineKhabar English News,Rasuwa flood: Death toll reaches 95 as hundreds remain missing OnlineKhabar English News,https://news.google.com/rss/articles/CBMiaEFVX3lxTE9IZ29KQjFBRVVXV202NS1zOVRrWkc4dGxRNDdnQk94amp0Ylhpc3ZXWkdCbnBCbi1TeU9STXdrTDU3N3pKNE1SZDJCMktXWjFQQ0U1aGdtQ2xRNG4zM09CR0JsM256WVA2?oc=5,https://web.archive.org/web/*/https://news.google.com/rss/articles/CBMiaEFVX3lxTE9IZ29KQjFBRVVXV202NS1zOVRrWkc4dGxRNDdnQk94amp0Ylhpc3ZXWkdCbnBCbi1TeU9STXdrTDU3N3pKNE1SZDJCMktXWjFQQ0U1aGdtQ2xRNG4zM09CR0JsM256WVA2?oc=5,Metadata and source-provided excerpt retained,Full text is not republished unless reuse permission or an open licence is documented.
09bc5d101575c96b,2026-08-26,2026-09-02T14:22:45Z,The Tourism Times,"Hundreds, including foreign tourists, remain out of contact after Bhote Koshi flood mayhem - The Tourism Times","Hundreds, including foreign tourists, remain out of contact after Bhote Koshi flood mayhem The Tourism Times",https://news.google.com/rss/articles/CBMizAFBVV95cUxQWDFKSlRHSzFjUzF4eUU2VXd1T3BqNDVfYXVOYk05ZzNNb3V6STFuMW51M29ZR0pMaGNHTEFkZjF3VFZiX3FndXFLMjhEbXl6Q1ppZ3dfSXNPR0FXZi1vUTR1Wmw1MF9wZGtiUTVyQW52LVNnd0tzdDREQ3BpUzFiV0U3MDNJbXNjU2JPVXRRaFNRaFh0Sko1M2ZtVkQ4dmZBbEpkSUlIR25YVlNsUllLNEt4SUQ4dlc1VjhlTnFqTTNSOHp4Z1lXTElSVE0?oc=5,https://web.archive.org/web/*/https://news.google.com/rss/articles/CBMizAFBVV95cUxQWDFKSlRHSzFjUzF4eUU2VXd1T3BqNDVfYXVOYk05ZzNNb3V6STFuMW51M29ZR0pMaGNHTEFkZjF3VFZiX3FndXFLMjhEbXl6Q1ppZ3dfSXNPR0FXZi1vUTR1Wmw1MF9wZGtiUTVyQW52LVNnd0tzdDREQ3BpUzFiV0U3MDNJbXNjU2JPVXRRaFNRaFh0Sko1M2ZtVkQ4dmZBbEpkSUlIR25YVlNsUllLNEt4SUQ4dlc1VjhlTnFqTTNSOHp4Z1lXTElSVE0?oc=5,Metadata and source-provided excerpt retained,Full text is not republished unless reuse permission or an open licence is documented.
3f8a2a09c8877b6e,2026-08-26,2026-09-02T14:22:45Z,NepalNews,"Energy Ministry orders immediate damage assessment, rescue efforts after Rasuwa flood - NepalNews","Energy Ministry orders immediate damage assessment, rescue efforts after Rasuwa flood NepalNews",https://news.google.com/rss/articles/CBMiwgFBVV95cUxNU2lwSW53ZnVWdEdhWEpLakQwVTcxb2Z3bnRocVlya0xjcnhNc09fanUwWnNCN1lHZVZ4RjJNWWpkRXZaSXBIQm5LUG0zMENQTU1CbnYwWC1JVEhZVjFMQ2dhRTBTZXdjRUhxaEMwNWpuOVBpNE12dzh4QVhnTXc5RnhSekZneUxWRWRyakNzc1hCd2piNjhEa0ZiY3VMX1pBWkp0M1Z2cGVUVmhnME1Ca1VJdjJ4dXJYS1J0U3pJbEFsUQ?oc=5,https://web.archive.org/web/*/https://news.google.com/rss/articles/CBMiwgFBVV95cUxNU2lwSW53ZnVWdEdhWEpLakQwVTcxb2Z3bnRocVlya0xjcnhNc09fanUwWnNCN1lHZVZ4RjJNWWpkRXZaSXBIQm5LUG0zMENQTU1CbnYwWC1JVEhZVjFMQ2dhRTBTZXdjRUhxaEMwNWpuOVBpNE12dzh4QVhnTXc5RnhSekZneUxWRWRyakNzc1hCd2piNjhEa0ZiY3VMX1pBWkp0M1Z2cGVUVmhnME1Ca1VJdjJ4dXJYS1J0U3pJbEFsUQ?oc=5,Metadata and source-provided excerpt retained,Full text is not republished unless reuse permission or an open licence is documented.
da2cbe6392981228,2026-08-26,2026-09-02T14:22:45Z,Ratopati,"Massive Flood Damages Timure, Rasuwagadhi, and Syaprubesi Areas - Ratopati","Massive Flood Damages Timure, Rasuwagadhi, and Syaprubesi Areas Ratopati",https://news.google.com/rss/articles/CBMiwwFBVV95cUxQVXRkSmJiTUM1N21mUDFwb1pWYTFlTDhrVUZKQUdkNlFYa09zTlhLMThZMnIzMnRzZkJWMkVlZHdGNThRa2cwN3VTejJlQ3pqMzFYV01nYm1zaDItd2hIVkFxbzVzY2RJckFFUEd1aUhCYlJIOUs1ejdyRzZqN0hFOUxINFUwal9aU3dxei1kSXBqamV6SXlBT2gwNkVKZU5ic1QtaGxsQ3BNODEzRkp2MEhHckl0R3dUT2lFM0R5TkNBdEU?oc=5,https://web.archive.org/web/*/https://news.google.com/rss/articles/CBMiwwFBVV95cUxQVXRkSmJiTUM1N21mUDFwb1pWYTFlTDhrVUZKQUdkNlFYa09zTlhLMThZMnIzMnRzZkJWMkVlZHdGNThRa2cwN3VTejJlQ3pqMzFYV01nYm1zaDItd2hIVkFxbzVzY2RJckFFUEd1aUhCYlJIOUs1ejdyRzZqN0hFOUxINFUwal9aU3dxei1kSXBqamV6SXlBT2gwNkVKZU5ic1QtaGxsQ3BNODEzRkp2MEhHckl0R3dUT2lFM0R5TkNBdEU?oc=5,Metadata and source-provided excerpt retained,Full text is not republished unless reuse permission or an open licence is documented.
18eeaad5c9270fcd,2026-08-26,2026-09-02T14:22:45Z,The Himalayan Times,"Rasuwa flood: Security forces, helicopters mobilised for rescue - The Himalayan Times","Rasuwa flood: Security forces, helicopters mobilised for rescue The Himalayan Times",https://news.google.com/rss/articles/CBMingFBVV95cUxOUTRmbHBBV1l4UUE2OHRzb1UyWlFQcHoyaDJyaDV6NHFlMU1YQ2V4anBaaUZCMXIyeXRUSlR5a01pQWpHSEJOakU1YTNqLVJkMFBTNjVETzhYRXVKejZ5Y1Q3TUtuRFJ3X1NuQ1lsYWFLU3VLOThpQXAxcDh0U1Rna0M1UzAxaldVUjBWLU54NlpUbTR0czh4QnRvUndJZw?oc=5,https://web.archive.org/web/*/https://news.google.com/rss/articles/CBMingFBVV95cUxOUTRmbHBBV1l4UUE2OHRzb1UyWlFQcHoyaDJyaDV6NHFlMU1YQ2V4anBaaUZCMXIyeXRUSlR5a01pQWpHSEJOakU1YTNqLVJkMFBTNjVETzhYRXVKejZ5Y1Q3TUtuRFJ3X1NuQ1lsYWFLU3VLOThpQXAxcDh0U1Rna0M1UzAxaldVUjBWLU54NlpUbTR0czh4QnRvUndJZw?oc=5,Metadata and source-provided excerpt retained,Full text is not republished unless reuse permission or an open licence is documented.
e6f425574474e2be,2026-08-26,2026-09-02T14:22:45Z,Khabarhub,India sends relief materials for Bhotekoshi flood victims - Khabarhub,India sends relief materials for Bhotekoshi flood victims Khabarhub,https://news.google.com/rss/articles/CBMiWEFVX3lxTFBkclN4T1R0SUlZTGhCZ1Q5eFV4cVBNdGhKa1FGS2U2bms1Z2UwZURKM2pmSjFKT05aQjQwZU9RcWpJS2NYdWZVTkxFYk5WZGxKZXR3ZTFOTmE?oc=5,https://web.archive.org/web/*/https://news.google.com/rss/articles/CBMiWEFVX3lxTFBkclN4T1R0SUlZTGhCZ1Q5eFV4cVBNdGhKa1FGS2U2bms1Z2UwZURKM2pmSjFKT05aQjQwZU9RcWpJS2NYdWZVTkxFYk5WZGxKZXR3ZTFOTmE?oc=5,Metadata and source-provided excerpt retained,Full text is not republished unless reuse permission or an open licence is documented.
1bfe6f8e7c322071,2026-08-26,2026-09-02T14:22:45Z,malaysiasun.com,"Ice avalanche, debris lake may have triggered Bhotekoshi flood in Nepal: Report - malaysiasun.com","Ice avalanche, debris lake may have triggered Bhotekoshi flood in Nepal: Report malaysiasun.com",https://news.google.com/rss/articles/CBMiuwFBVV95cUxPNWpuQ3FrQXk0QXIzeFhCWjR2U3hZMlpnYldwYUQtV1V6TU5hLWdfSVRvNkNYRXZTekU0X1pybmVaYlptVFRnTUg1eWY1ekNfYXRMbnp6c2JBQklSZHpxdlMxX1RqVDQzLUZCU1l3dHJaeTJ0S2xmTVBCaWFNOGxVTk1ZUllqRDBTMU1HblNNOC02M2cxVkhLNlE1Nl9OTHJiNVVGQkRjTEFXYTlKaTBab0FSZWVlS0xxYkNn?oc=5,https://web.archive.org/web/*/https://news.google.com/rss/articles/CBMiuwFBVV95cUxPNWpuQ3FrQXk0QXIzeFhCWjR2U3hZMlpnYldwYUQtV1V6TU5hLWdfSVRvNkNYRXZTekU0X1pybmVaYlptVFRnTUg1eWY1ekNfYXRMbnp6c2JBQklSZHpxdlMxX1RqVDQzLUZCU1l3dHJaeTJ0S2xmTVBCaWFNOGxVTk1ZUllqRDBTMU1HblNNOC02M2cxVkhLNlE1Nl9OTHJiNVVGQkRjTEFXYTlKaTBab0FSZWVlS0xxYkNn?oc=5,Metadata and source-provided excerpt retained,Full text is not republished unless reuse permission or an open licence is documented.
e14386c9a45b13a3,2026-08-26,2026-09-02T14:22:45Z,myRepublica,341 foreign nationals among 403 missing in Devastating Rasuwa Flood (Country-wise breakdown) - myRepublica,341 foreign nationals among 403 missing in Devastating Rasuwa Flood (Country-wise breakdown) myRepublica,https://news.google.com/rss/articles/CBMiygFBVV95cUxONTRrYnJkQk45RWljZUNsV1ZnYU5UcVplS2FKNU5DeHBfSmdHUVhuc0M5QUtFX1NUekdwVmwzMS13YkFtY2FxTmprb0JYTG84M0FaQ3hVS0V0dmVzeENSQzhLRnZuRUNVZ0JXRU10Z3JuUDlEUTN1NTUxSERYSkU5S3pyOXJKVXppVmxiZzZZTkplM0FUTFlrMnpyTXRPM2V3ZHNLYTFIbnJRbG94YXhseC1nY3FWWWJVTUF4aWVHNVh3Ml9IQjRMRUZn?oc=5,https://web.archive.org/web/*/https://news.google.com/rss/articles/CBMiygFBVV95cUxONTRrYnJkQk45RWljZUNsV1ZnYU5UcVplS2FKNU5DeHBfSmdHUVhuc0M5QUtFX1NUekdwVmwzMS13YkFtY2FxTmprb0JYTG84M0FaQ3hVS0V0dmVzeENSQzhLRnZuRUNVZ0JXRU10Z3JuUDlEUTN1NTUxSERYSkU5S3pyOXJKVXppVmxiZzZZTkplM0FUTFlrMnpyTXRPM2V3ZHNLYTFIbnJRbG94YXhseC1nY3FWWWJVTUF4aWVHNVh3Ml9IQjRMRUZn?oc=5,Metadata and source-provided excerpt retained,Full text is not republished unless reuse permission or an open licence is documented.
3e4aaf958fe1b99e,2026-08-26,2026-09-02T14:22:45Z,myRepublica,"Rasuwa flood not caused by local rainfall, preliminary analysis shows - myRepublica","Rasuwa flood not caused by local rainfall, preliminary analysis shows myRepublica",https://news.google.com/rss/articles/CBMiwAFBVV95cUxQMGk5eGRWMWVBX1V3clFJcE44MzRBOEsxNkpQOFJCMFdzQVF0dndfMkt5U3FsalV6N1VkWGtPdF9sV3ZzcnFURXQwWXk2b3N3YlNwai1VWWNLQVF1NFFzdjRSckViUTcxNkd6cWVUXzI4LWhpclM5V3JqNm82WDB0SzBySXBfQjBkX1c5OGRHNldTM0ZSc0pQTXc5clBXVnBuM1lLOUpmZjNxeHBqZUVjdWFlbHZjLVIwUGxzcUxOVVY?oc=5,https://web.archive.org/web/*/https://news.google.com/rss/articles/CBMiwAFBVV95cUxQMGk5eGRWMWVBX1V3clFJcE44MzRBOEsxNkpQOFJCMFdzQVF0dndfMkt5U3FsalV6N1VkWGtPdF9sV3ZzcnFURXQwWXk2b3N3YlNwai1VWWNLQVF1NFFzdjRSckViUTcxNkd6cWVUXzI4LWhpclM5V3JqNm82WDB0SzBySXBfQjBkX1c5OGRHNldTM0ZSc0pQTXc5clBXVnBuM1lLOUpmZjNxeHBqZUVjdWFlbHZjLVIwUGxzcUxOVVY?oc=5,Metadata and source-provided excerpt retained,Full text is not republished unless reuse permission or an open licence is documented.
